component,point_name,point_dir,target_value,anchor_role,accepted_composite_member,label,prefix,analyzer_device_id,grade,ratio_key,ratio_span,ratio_a_tol,ratio_hard_tol,frame_count,usable_ratio_count,required_sample_count,reason,sample_can_enter_calibration_fit,sample_can_enter_diagnostic_model,source_samples_sha256,source_frame_qc_sha256,source_runtime_config_sha256,source_sidecar_sha256,contract_sha256
co2,p019_Tm20_400ppm_fit_retry1,D:\gas_calibrator\_p9_20260705\co2_6old_0620clean_mature45_g10_Tm20_400_retry_finalparams\p019_Tm20_400ppm_fit_retry1,400.0,co2_standard_nonzero_point,True,GA01,ga01,001,A_calibration_eligible,ga01_co2_ratio_f,0.0,0.0005,0.001,10,10,10,within_production_contract,True,True,06efd8884caf17ed78da369f3ba3a771206cddf3facf742c88f95c8e5bcef7e4,d0550a50569ce55c7b17852f7a00b9e589c58e409d97c62a16af83ce980378a6,1a5dec0730146401926b452c4cc320a5217854ca14038b3de59e63c48eeaf1bb,c9d4c59b1f6a74428a63e04bff42a481a36ebf650ce6d858477fab267647a76c,2ec7445f446676bc26bfdf2022ca9b5e348ef515bfffdaed796d7b858f651934
co2,p019_Tm20_400ppm_fit_retry1,D:\gas_calibrator\_p9_20260705\co2_6old_0620clean_mature45_g10_Tm20_400_retry_finalparams\p019_Tm20_400ppm_fit_retry1,400.0,co2_standard_nonzero_point,True,GA02,ga02,002,A_calibration_eligible,ga02_co2_ratio_f,0.0001,0.0005,0.001,10,10,10,within_production_contract,True,True,06efd8884caf17ed78da369f3ba3a771206cddf3facf742c88f95c8e5bcef7e4,d0550a50569ce55c7b17852f7a00b9e589c58e409d97c62a16af83ce980378a6,1a5dec0730146401926b452c4cc320a5217854ca14038b3de59e63c48eeaf1bb,c9d4c59b1f6a74428a63e04bff42a481a36ebf650ce6d858477fab267647a76c,2ec7445f446676bc26bfdf2022ca9b5e348ef515bfffdaed796d7b858f651934
co2,p019_Tm20_400ppm_fit_retry1,D:\gas_calibrator\_p9_20260705\co2_6old_0620clean_mature45_g10_Tm20_400_retry_finalparams\p019_Tm20_400ppm_fit_retry1,400.0,co2_standard_nonzero_point,True,GA03,ga03,010,A_calibration_eligible,ga03_co2_ratio_f,0.0,0.0005,0.001,10,10,10,within_production_contract,True,True,06efd8884caf17ed78da369f3ba3a771206cddf3facf742c88f95c8e5bcef7e4,d0550a50569ce55c7b17852f7a00b9e589c58e409d97c62a16af83ce980378a6,1a5dec0730146401926b452c4cc320a5217854ca14038b3de59e63c48eeaf1bb,c9d4c59b1f6a74428a63e04bff42a481a36ebf650ce6d858477fab267647a76c,2ec7445f446676bc26bfdf2022ca9b5e348ef515bfffdaed796d7b858f651934
co2,p019_Tm20_400ppm_fit_retry1,D:\gas_calibrator\_p9_20260705\co2_6old_0620clean_mature45_g10_Tm20_400_retry_finalparams\p019_Tm20_400ppm_fit_retry1,400.0,co2_standard_nonzero_point,True,GA04,ga04,076,A_calibration_eligible,ga04_co2_ratio_f,0.0,0.0005,0.001,10,10,10,within_production_contract,True,True,06efd8884caf17ed78da369f3ba3a771206cddf3facf742c88f95c8e5bcef7e4,d0550a50569ce55c7b17852f7a00b9e589c58e409d97c62a16af83ce980378a6,1a5dec0730146401926b452c4cc320a5217854ca14038b3de59e63c48eeaf1bb,c9d4c59b1f6a74428a63e04bff42a481a36ebf650ce6d858477fab267647a76c,2ec7445f446676bc26bfdf2022ca9b5e348ef515bfffdaed796d7b858f651934
co2,p019_Tm20_400ppm_fit_retry1,D:\gas_calibrator\_p9_20260705\co2_6old_0620clean_mature45_g10_Tm20_400_retry_finalparams\p019_Tm20_400ppm_fit_retry1,400.0,co2_standard_nonzero_point,True,GA05,ga05,005,A_calibration_eligible,ga05_co2_ratio_f,0.0001,0.0005,0.001,10,10,10,within_production_contract,True,True,06efd8884caf17ed78da369f3ba3a771206cddf3facf742c88f95c8e5bcef7e4,d0550a50569ce55c7b17852f7a00b9e589c58e409d97c62a16af83ce980378a6,1a5dec0730146401926b452c4cc320a5217854ca14038b3de59e63c48eeaf1bb,c9d4c59b1f6a74428a63e04bff42a481a36ebf650ce6d858477fab267647a76c,2ec7445f446676bc26bfdf2022ca9b5e348ef515bfffdaed796d7b858f651934
co2,p019_Tm20_400ppm_fit_retry1,D:\gas_calibrator\_p9_20260705\co2_6old_0620clean_mature45_g10_Tm20_400_retry_finalparams\p019_Tm20_400ppm_fit_retry1,400.0,co2_standard_nonzero_point,True,GA06,ga06,090,A_calibration_eligible,ga06_co2_ratio_f,0.0001,0.0005,0.001,10,10,10,within_production_contract,True,True,06efd8884caf17ed78da369f3ba3a771206cddf3facf742c88f95c8e5bcef7e4,d0550a50569ce55c7b17852f7a00b9e589c58e409d97c62a16af83ce980378a6,1a5dec0730146401926b452c4cc320a5217854ca14038b3de59e63c48eeaf1bb,c9d4c59b1f6a74428a63e04bff42a481a36ebf650ce6d858477fab267647a76c,2ec7445f446676bc26bfdf2022ca9b5e348ef515bfffdaed796d7b858f651934
co2,p020_Tm20_1000ppm_fit,D:\gas_calibrator\_p9_20260705\co2_6old_0620clean_mature45_g11_Tm20_1000_direct_finalparams\p020_Tm20_1000ppm_fit,1000.0,co2_standard_nonzero_point,True,GA01,ga01,001,A_calibration_eligible,ga01_co2_ratio_f,0.0001,0.0005,0.001,10,10,10,within_production_contract,True,True,26e2a7714e526dd76e65749a3151f1d95ddd9780cc8ad7d9c6a37aef9971e7c8,005d1e8d98dc69beb90ceec6e82409e053e097bb2f702c39b5acb93734423462,7514bba4fecf4e17a8823455dfc2473e5fa4a6c763fb2e1ffa6c5a605410098e,43f9d3c3ef2e0d07b7cef7e160566ab4d657e4409d07c32f82e8985fca295ab3,2ec7445f446676bc26bfdf2022ca9b5e348ef515bfffdaed796d7b858f651934
co2,p020_Tm20_1000ppm_fit,D:\gas_calibrator\_p9_20260705\co2_6old_0620clean_mature45_g11_Tm20_1000_direct_finalparams\p020_Tm20_1000ppm_fit,1000.0,co2_standard_nonzero_point,True,GA02,ga02,002,A_calibration_eligible,ga02_co2_ratio_f,0.0,0.0005,0.001,10,10,10,within_production_contract,True,True,26e2a7714e526dd76e65749a3151f1d95ddd9780cc8ad7d9c6a37aef9971e7c8,005d1e8d98dc69beb90ceec6e82409e053e097bb2f702c39b5acb93734423462,7514bba4fecf4e17a8823455dfc2473e5fa4a6c763fb2e1ffa6c5a605410098e,43f9d3c3ef2e0d07b7cef7e160566ab4d657e4409d07c32f82e8985fca295ab3,2ec7445f446676bc26bfdf2022ca9b5e348ef515bfffdaed796d7b858f651934
co2,p020_Tm20_1000ppm_fit,D:\gas_calibrator\_p9_20260705\co2_6old_0620clean_mature45_g11_Tm20_1000_direct_finalparams\p020_Tm20_1000ppm_fit,1000.0,co2_standard_nonzero_point,True,GA03,ga03,010,A_calibration_eligible,ga03_co2_ratio_f,0.0,0.0005,0.001,10,10,10,within_production_contract,True,True,26e2a7714e526dd76e65749a3151f1d95ddd9780cc8ad7d9c6a37aef9971e7c8,005d1e8d98dc69beb90ceec6e82409e053e097bb2f702c39b5acb93734423462,7514bba4fecf4e17a8823455dfc2473e5fa4a6c763fb2e1ffa6c5a605410098e,43f9d3c3ef2e0d07b7cef7e160566ab4d657e4409d07c32f82e8985fca295ab3,2ec7445f446676bc26bfdf2022ca9b5e348ef515bfffdaed796d7b858f651934
co2,p020_Tm20_1000ppm_fit,D:\gas_calibrator\_p9_20260705\co2_6old_0620clean_mature45_g11_Tm20_1000_direct_finalparams\p020_Tm20_1000ppm_fit,1000.0,co2_standard_nonzero_point,True,GA04,ga04,076,A_calibration_eligible,ga04_co2_ratio_f,0.0,0.0005,0.001,10,10,10,within_production_contract,True,True,26e2a7714e526dd76e65749a3151f1d95ddd9780cc8ad7d9c6a37aef9971e7c8,005d1e8d98dc69beb90ceec6e82409e053e097bb2f702c39b5acb93734423462,7514bba4fecf4e17a8823455dfc2473e5fa4a6c763fb2e1ffa6c5a605410098e,43f9d3c3ef2e0d07b7cef7e160566ab4d657e4409d07c32f82e8985fca295ab3,2ec7445f446676bc26bfdf2022ca9b5e348ef515bfffdaed796d7b858f651934
co2,p020_Tm20_1000ppm_fit,D:\gas_calibrator\_p9_20260705\co2_6old_0620clean_mature45_g11_Tm20_1000_direct_finalparams\p020_Tm20_1000ppm_fit,1000.0,co2_standard_nonzero_point,True,GA05,ga05,005,A_calibration_eligible,ga05_co2_ratio_f,0.0001,0.0005,0.001,10,10,10,within_production_contract,True,True,26e2a7714e526dd76e65749a3151f1d95ddd9780cc8ad7d9c6a37aef9971e7c8,005d1e8d98dc69beb90ceec6e82409e053e097bb2f702c39b5acb93734423462,7514bba4fecf4e17a8823455dfc2473e5fa4a6c763fb2e1ffa6c5a605410098e,43f9d3c3ef2e0d07b7cef7e160566ab4d657e4409d07c32f82e8985fca295ab3,2ec7445f446676bc26bfdf2022ca9b5e348ef515bfffdaed796d7b858f651934
co2,p020_Tm20_1000ppm_fit,D:\gas_calibrator\_p9_20260705\co2_6old_0620clean_mature45_g11_Tm20_1000_direct_finalparams\p020_Tm20_1000ppm_fit,1000.0,co2_standard_nonzero_point,True,GA06,ga06,090,A_calibration_eligible,ga06_co2_ratio_f,0.0001,0.0005,0.001,10,10,10,within_production_contract,True,True,26e2a7714e526dd76e65749a3151f1d95ddd9780cc8ad7d9c6a37aef9971e7c8,005d1e8d98dc69beb90ceec6e82409e053e097bb2f702c39b5acb93734423462,7514bba4fecf4e17a8823455dfc2473e5fa4a6c763fb2e1ffa6c5a605410098e,43f9d3c3ef2e0d07b7cef7e160566ab4d657e4409d07c32f82e8985fca295ab3,2ec7445f446676bc26bfdf2022ca9b5e348ef515bfffdaed796d7b858f651934
co2,p001_T40_0ppm_fit,D:\gas_calibrator\_p9_20260705\co2_6old_0620clean_mature45_g3_finalparams\p001_T40_0ppm_fit,0.0,co2_zero_gas_low_concentration_anchor,True,GA01,ga01,001,A_calibration_eligible,ga01_co2_ratio_f,0.0,0.0005,0.001,10,10,10,within_production_contract,True,True,c045763fcc4f1baaf24d73b0975415cfe30f47b3d18b37b824b41c465d38d15a,994b374ecc13334ad13a0d1ea6b8e9f58e62dce139155cb926fce92b79351102,e4e15efcc18c6347ccf885ebd7bef6343825a6f2c1802dd62aad6a7b8c704236,ed2c5221f108aadf8ab56c1b5c07510a1aab26dae1723cec6d6a90e8373a1fc4,2ec7445f446676bc26bfdf2022ca9b5e348ef515bfffdaed796d7b858f651934
co2,p001_T40_0ppm_fit,D:\gas_calibrator\_p9_20260705\co2_6old_0620clean_mature45_g3_finalparams\p001_T40_0ppm_fit,0.0,co2_zero_gas_low_concentration_anchor,True,GA02,ga02,002,A_calibration_eligible,ga02_co2_ratio_f,0.0001,0.0005,0.001,10,10,10,within_production_contract,True,True,c045763fcc4f1baaf24d73b0975415cfe30f47b3d18b37b824b41c465d38d15a,994b374ecc13334ad13a0d1ea6b8e9f58e62dce139155cb926fce92b79351102,e4e15efcc18c6347ccf885ebd7bef6343825a6f2c1802dd62aad6a7b8c704236,ed2c5221f108aadf8ab56c1b5c07510a1aab26dae1723cec6d6a90e8373a1fc4,2ec7445f446676bc26bfdf2022ca9b5e348ef515bfffdaed796d7b858f651934
co2,p001_T40_0ppm_fit,D:\gas_calibrator\_p9_20260705\co2_6old_0620clean_mature45_g3_finalparams\p001_T40_0ppm_fit,0.0,co2_zero_gas_low_concentration_anchor,True,GA03,ga03,010,A_calibration_eligible,ga03_co2_ratio_f,0.0001,0.0005,0.001,10,10,10,within_production_contract,True,True,c045763fcc4f1baaf24d73b0975415cfe30f47b3d18b37b824b41c465d38d15a,994b374ecc13334ad13a0d1ea6b8e9f58e62dce139155cb926fce92b79351102,e4e15efcc18c6347ccf885ebd7bef6343825a6f2c1802dd62aad6a7b8c704236,ed2c5221f108aadf8ab56c1b5c07510a1aab26dae1723cec6d6a90e8373a1fc4,2ec7445f446676bc26bfdf2022ca9b5e348ef515bfffdaed796d7b858f651934
co2,p001_T40_0ppm_fit,D:\gas_calibrator\_p9_20260705\co2_6old_0620clean_mature45_g3_finalparams\p001_T40_0ppm_fit,0.0,co2_zero_gas_low_concentration_anchor,True,GA04,ga04,076,A_calibration_eligible,ga04_co2_ratio_f,0.0,0.0005,0.001,10,10,10,within_production_contract,True,True,c045763fcc4f1baaf24d73b0975415cfe30f47b3d18b37b824b41c465d38d15a,994b374ecc13334ad13a0d1ea6b8e9f58e62dce139155cb926fce92b79351102,e4e15efcc18c6347ccf885ebd7bef6343825a6f2c1802dd62aad6a7b8c704236,ed2c5221f108aadf8ab56c1b5c07510a1aab26dae1723cec6d6a90e8373a1fc4,2ec7445f446676bc26bfdf2022ca9b5e348ef515bfffdaed796d7b858f651934
co2,p001_T40_0ppm_fit,D:\gas_calibrator\_p9_20260705\co2_6old_0620clean_mature45_g3_finalparams\p001_T40_0ppm_fit,0.0,co2_zero_gas_low_concentration_anchor,True,GA05,ga05,005,A_calibration_eligible,ga05_co2_ratio_f,0.0,0.0005,0.001,10,10,10,within_production_contract,True,True,c045763fcc4f1baaf24d73b0975415cfe30f47b3d18b37b824b41c465d38d15a,994b374ecc13334ad13a0d1ea6b8e9f58e62dce139155cb926fce92b79351102,e4e15efcc18c6347ccf885ebd7bef6343825a6f2c1802dd62aad6a7b8c704236,ed2c5221f108aadf8ab56c1b5c07510a1aab26dae1723cec6d6a90e8373a1fc4,2ec7445f446676bc26bfdf2022ca9b5e348ef515bfffdaed796d7b858f651934
co2,p001_T40_0ppm_fit,D:\gas_calibrator\_p9_20260705\co2_6old_0620clean_mature45_g3_finalparams\p001_T40_0ppm_fit,0.0,co2_zero_gas_low_concentration_anchor,True,GA06,ga06,090,A_calibration_eligible,ga06_co2_ratio_f,0.0002,0.0005,0.001,10,10,10,within_production_contract,True,True,c045763fcc4f1baaf24d73b0975415cfe30f47b3d18b37b824b41c465d38d15a,994b374ecc13334ad13a0d1ea6b8e9f58e62dce139155cb926fce92b79351102,e4e15efcc18c6347ccf885ebd7bef6343825a6f2c1802dd62aad6a7b8c704236,ed2c5221f108aadf8ab56c1b5c07510a1aab26dae1723cec6d6a90e8373a1fc4,2ec7445f446676bc26bfdf2022ca9b5e348ef515bfffdaed796d7b858f651934
co2,p002_T40_400ppm_fit_retry1,D:\gas_calibrator\_p9_20260705\co2_6old_0620clean_mature45_g3_finalparams\p002_T40_400ppm_fit_retry1,400.0,co2_standard_nonzero_point,True,GA01,ga01,001,A_calibration_eligible,ga01_co2_ratio_f,0.0,0.0005,0.001,10,10,10,within_production_contract,True,True,61cc7d4e32f1534097fb6825fb56c03a464f2da7b841f81a0550b3c245d7b222,d0550a50569ce55c7b17852f7a00b9e589c58e409d97c62a16af83ce980378a6,e4e15efcc18c6347ccf885ebd7bef6343825a6f2c1802dd62aad6a7b8c704236,9e1129d065e71360ce0de79957d22c8eaa2c745226c65d8b7fcc5919eea278d1,2ec7445f446676bc26bfdf2022ca9b5e348ef515bfffdaed796d7b858f651934
co2,p002_T40_400ppm_fit_retry1,D:\gas_calibrator\_p9_20260705\co2_6old_0620clean_mature45_g3_finalparams\p002_T40_400ppm_fit_retry1,400.0,co2_standard_nonzero_point,True,GA02,ga02,002,A_calibration_eligible,ga02_co2_ratio_f,0.0,0.0005,0.001,10,10,10,within_production_contract,True,True,61cc7d4e32f1534097fb6825fb56c03a464f2da7b841f81a0550b3c245d7b222,d0550a50569ce55c7b17852f7a00b9e589c58e409d97c62a16af83ce980378a6,e4e15efcc18c6347ccf885ebd7bef6343825a6f2c1802dd62aad6a7b8c704236,9e1129d065e71360ce0de79957d22c8eaa2c745226c65d8b7fcc5919eea278d1,2ec7445f446676bc26bfdf2022ca9b5e348ef515bfffdaed796d7b858f651934
co2,p002_T40_400ppm_fit_retry1,D:\gas_calibrator\_p9_20260705\co2_6old_0620clean_mature45_g3_finalparams\p002_T40_400ppm_fit_retry1,400.0,co2_standard_nonzero_point,True,GA03,ga03,010,A_calibration_eligible,ga03_co2_ratio_f,0.0,0.0005,0.001,10,10,10,within_production_contract,True,True,61cc7d4e32f1534097fb6825fb56c03a464f2da7b841f81a0550b3c245d7b222,d0550a50569ce55c7b17852f7a00b9e589c58e409d97c62a16af83ce980378a6,e4e15efcc18c6347ccf885ebd7bef6343825a6f2c1802dd62aad6a7b8c704236,9e1129d065e71360ce0de79957d22c8eaa2c745226c65d8b7fcc5919eea278d1,2ec7445f446676bc26bfdf2022ca9b5e348ef515bfffdaed796d7b858f651934
co2,p002_T40_400ppm_fit_retry1,D:\gas_calibrator\_p9_20260705\co2_6old_0620clean_mature45_g3_finalparams\p002_T40_400ppm_fit_retry1,400.0,co2_standard_nonzero_point,True,GA04,ga04,076,A_calibration_eligible,ga04_co2_ratio_f,0.0,0.0005,0.001,10,10,10,within_production_contract,True,True,61cc7d4e32f1534097fb6825fb56c03a464f2da7b841f81a0550b3c245d7b222,d0550a50569ce55c7b17852f7a00b9e589c58e409d97c62a16af83ce980378a6,e4e15efcc18c6347ccf885ebd7bef6343825a6f2c1802dd62aad6a7b8c704236,9e1129d065e71360ce0de79957d22c8eaa2c745226c65d8b7fcc5919eea278d1,2ec7445f446676bc26bfdf2022ca9b5e348ef515bfffdaed796d7b858f651934
co2,p002_T40_400ppm_fit_retry1,D:\gas_calibrator\_p9_20260705\co2_6old_0620clean_mature45_g3_finalparams\p002_T40_400ppm_fit_retry1,400.0,co2_standard_nonzero_point,True,GA05,ga05,005,A_calibration_eligible,ga05_co2_ratio_f,0.0001,0.0005,0.001,10,10,10,within_production_contract,True,True,61cc7d4e32f1534097fb6825fb56c03a464f2da7b841f81a0550b3c245d7b222,d0550a50569ce55c7b17852f7a00b9e589c58e409d97c62a16af83ce980378a6,e4e15efcc18c6347ccf885ebd7bef6343825a6f2c1802dd62aad6a7b8c704236,9e1129d065e71360ce0de79957d22c8eaa2c745226c65d8b7fcc5919eea278d1,2ec7445f446676bc26bfdf2022ca9b5e348ef515bfffdaed796d7b858f651934
co2,p002_T40_400ppm_fit_retry1,D:\gas_calibrator\_p9_20260705\co2_6old_0620clean_mature45_g3_finalparams\p002_T40_400ppm_fit_retry1,400.0,co2_standard_nonzero_point,True,GA06,ga06,090,A_calibration_eligible,ga06_co2_ratio_f,0.0,0.0005,0.001,10,10,10,within_production_contract,True,True,61cc7d4e32f1534097fb6825fb56c03a464f2da7b841f81a0550b3c245d7b222,d0550a50569ce55c7b17852f7a00b9e589c58e409d97c62a16af83ce980378a6,e4e15efcc18c6347ccf885ebd7bef6343825a6f2c1802dd62aad6a7b8c704236,9e1129d065e71360ce0de79957d22c8eaa2c745226c65d8b7fcc5919eea278d1,2ec7445f446676bc26bfdf2022ca9b5e348ef515bfffdaed796d7b858f651934
co2,p003_T40_1000ppm_fit,D:\gas_calibrator\_p9_20260705\co2_6old_0620clean_mature45_g3_finalparams\p003_T40_1000ppm_fit,1000.0,co2_standard_nonzero_point,True,GA01,ga01,001,A_calibration_eligible,ga01_co2_ratio_f,0.0001,0.0005,0.001,10,10,10,within_production_contract,True,True,685e4dd8afd87f82c6851f0021ccce92d7a9bcfeebe08a5094b7e7a855fd09f8,005d1e8d98dc69beb90ceec6e82409e053e097bb2f702c39b5acb93734423462,e4e15efcc18c6347ccf885ebd7bef6343825a6f2c1802dd62aad6a7b8c704236,d33ee57d8d359167e0c99ab04d5ef74963b77d46dd8f96de259d54679ae9acee,2ec7445f446676bc26bfdf2022ca9b5e348ef515bfffdaed796d7b858f651934
co2,p003_T40_1000ppm_fit,D:\gas_calibrator\_p9_20260705\co2_6old_0620clean_mature45_g3_finalparams\p003_T40_1000ppm_fit,1000.0,co2_standard_nonzero_point,True,GA02,ga02,002,A_calibration_eligible,ga02_co2_ratio_f,0.0001,0.0005,0.001,10,10,10,within_production_contract,True,True,685e4dd8afd87f82c6851f0021ccce92d7a9bcfeebe08a5094b7e7a855fd09f8,005d1e8d98dc69beb90ceec6e82409e053e097bb2f702c39b5acb93734423462,e4e15efcc18c6347ccf885ebd7bef6343825a6f2c1802dd62aad6a7b8c704236,d33ee57d8d359167e0c99ab04d5ef74963b77d46dd8f96de259d54679ae9acee,2ec7445f446676bc26bfdf2022ca9b5e348ef515bfffdaed796d7b858f651934
co2,p003_T40_1000ppm_fit,D:\gas_calibrator\_p9_20260705\co2_6old_0620clean_mature45_g3_finalparams\p003_T40_1000ppm_fit,1000.0,co2_standard_nonzero_point,True,GA03,ga03,010,A_calibration_eligible,ga03_co2_ratio_f,0.0001,0.0005,0.001,10,10,10,within_production_contract,True,True,685e4dd8afd87f82c6851f0021ccce92d7a9bcfeebe08a5094b7e7a855fd09f8,005d1e8d98dc69beb90ceec6e82409e053e097bb2f702c39b5acb93734423462,e4e15efcc18c6347ccf885ebd7bef6343825a6f2c1802dd62aad6a7b8c704236,d33ee57d8d359167e0c99ab04d5ef74963b77d46dd8f96de259d54679ae9acee,2ec7445f446676bc26bfdf2022ca9b5e348ef515bfffdaed796d7b858f651934
co2,p003_T40_1000ppm_fit,D:\gas_calibrator\_p9_20260705\co2_6old_0620clean_mature45_g3_finalparams\p003_T40_1000ppm_fit,1000.0,co2_standard_nonzero_point,True,GA04,ga04,076,A_calibration_eligible,ga04_co2_ratio_f,0.0,0.0005,0.001,10,10,10,within_production_contract,True,True,685e4dd8afd87f82c6851f0021ccce92d7a9bcfeebe08a5094b7e7a855fd09f8,005d1e8d98dc69beb90ceec6e82409e053e097bb2f702c39b5acb93734423462,e4e15efcc18c6347ccf885ebd7bef6343825a6f2c1802dd62aad6a7b8c704236,d33ee57d8d359167e0c99ab04d5ef74963b77d46dd8f96de259d54679ae9acee,2ec7445f446676bc26bfdf2022ca9b5e348ef515bfffdaed796d7b858f651934
co2,p003_T40_1000ppm_fit,D:\gas_calibrator\_p9_20260705\co2_6old_0620clean_mature45_g3_finalparams\p003_T40_1000ppm_fit,1000.0,co2_standard_nonzero_point,True,GA05,ga05,005,A_calibration_eligible,ga05_co2_ratio_f,0.0,0.0005,0.001,10,10,10,within_production_contract,True,True,685e4dd8afd87f82c6851f0021ccce92d7a9bcfeebe08a5094b7e7a855fd09f8,005d1e8d98dc69beb90ceec6e82409e053e097bb2f702c39b5acb93734423462,e4e15efcc18c6347ccf885ebd7bef6343825a6f2c1802dd62aad6a7b8c704236,d33ee57d8d359167e0c99ab04d5ef74963b77d46dd8f96de259d54679ae9acee,2ec7445f446676bc26bfdf2022ca9b5e348ef515bfffdaed796d7b858f651934
co2,p003_T40_1000ppm_fit,D:\gas_calibrator\_p9_20260705\co2_6old_0620clean_mature45_g3_finalparams\p003_T40_1000ppm_fit,1000.0,co2_standard_nonzero_point,True,GA06,ga06,090,A_calibration_eligible,ga06_co2_ratio_f,0.0,0.0005,0.001,10,10,10,within_production_contract,True,True,685e4dd8afd87f82c6851f0021ccce92d7a9bcfeebe08a5094b7e7a855fd09f8,005d1e8d98dc69beb90ceec6e82409e053e097bb2f702c39b5acb93734423462,e4e15efcc18c6347ccf885ebd7bef6343825a6f2c1802dd62aad6a7b8c704236,d33ee57d8d359167e0c99ab04d5ef74963b77d46dd8f96de259d54679ae9acee,2ec7445f446676bc26bfdf2022ca9b5e348ef515bfffdaed796d7b858f651934
co2,p001_T30_0ppm_fit,D:\gas_calibrator\_p9_20260705\co2_6old_0620clean_mature45_g4_T30_to_Tm20_finalparams\p001_T30_0ppm_fit,0.0,co2_zero_gas_low_concentration_anchor,True,GA01,ga01,001,A_calibration_eligible,ga01_co2_ratio_f,0.0001,0.0005,0.001,10,10,10,within_production_contract,True,True,d8f814232a2d5060d7eab374d352a8dad48267870dc96949aeeecef5611a0daa,87a55b287a0e9566600fe888f3cef9351df64c20d2aed38a9cc7abd8d6d3c8c1,f273af1878d43ebc461a6e90b726e6dc18e04d53c5eabaa2320200a66ce7fdbe,ce72e94f6c1585502c31fc0d05f02c844627ca7980cda9f2eb8e9268a62b7b45,2ec7445f446676bc26bfdf2022ca9b5e348ef515bfffdaed796d7b858f651934
co2,p001_T30_0ppm_fit,D:\gas_calibrator\_p9_20260705\co2_6old_0620clean_mature45_g4_T30_to_Tm20_finalparams\p001_T30_0ppm_fit,0.0,co2_zero_gas_low_concentration_anchor,True,GA02,ga02,002,A_calibration_eligible,ga02_co2_ratio_f,0.0001,0.0005,0.001,10,10,10,within_production_contract,True,True,d8f814232a2d5060d7eab374d352a8dad48267870dc96949aeeecef5611a0daa,87a55b287a0e9566600fe888f3cef9351df64c20d2aed38a9cc7abd8d6d3c8c1,f273af1878d43ebc461a6e90b726e6dc18e04d53c5eabaa2320200a66ce7fdbe,ce72e94f6c1585502c31fc0d05f02c844627ca7980cda9f2eb8e9268a62b7b45,2ec7445f446676bc26bfdf2022ca9b5e348ef515bfffdaed796d7b858f651934
co2,p001_T30_0ppm_fit,D:\gas_calibrator\_p9_20260705\co2_6old_0620clean_mature45_g4_T30_to_Tm20_finalparams\p001_T30_0ppm_fit,0.0,co2_zero_gas_low_concentration_anchor,True,GA03,ga03,010,A_calibration_eligible,ga03_co2_ratio_f,0.0001,0.0005,0.001,10,10,10,within_production_contract,True,True,d8f814232a2d5060d7eab374d352a8dad48267870dc96949aeeecef5611a0daa,87a55b287a0e9566600fe888f3cef9351df64c20d2aed38a9cc7abd8d6d3c8c1,f273af1878d43ebc461a6e90b726e6dc18e04d53c5eabaa2320200a66ce7fdbe,ce72e94f6c1585502c31fc0d05f02c844627ca7980cda9f2eb8e9268a62b7b45,2ec7445f446676bc26bfdf2022ca9b5e348ef515bfffdaed796d7b858f651934
co2,p001_T30_0ppm_fit,D:\gas_calibrator\_p9_20260705\co2_6old_0620clean_mature45_g4_T30_to_Tm20_finalparams\p001_T30_0ppm_fit,0.0,co2_zero_gas_low_concentration_anchor,True,GA04,ga04,076,A_calibration_eligible,ga04_co2_ratio_f,0.0,0.0005,0.001,10,10,10,within_production_contract,True,True,d8f814232a2d5060d7eab374d352a8dad48267870dc96949aeeecef5611a0daa,87a55b287a0e9566600fe888f3cef9351df64c20d2aed38a9cc7abd8d6d3c8c1,f273af1878d43ebc461a6e90b726e6dc18e04d53c5eabaa2320200a66ce7fdbe,ce72e94f6c1585502c31fc0d05f02c844627ca7980cda9f2eb8e9268a62b7b45,2ec7445f446676bc26bfdf2022ca9b5e348ef515bfffdaed796d7b858f651934
co2,p001_T30_0ppm_fit,D:\gas_calibrator\_p9_20260705\co2_6old_0620clean_mature45_g4_T30_to_Tm20_finalparams\p001_T30_0ppm_fit,0.0,co2_zero_gas_low_concentration_anchor,True,GA05,ga05,005,B_diagnostic_model_only,ga05_co2_ratio_f,0.0,0.0005,0.001,10,9,10,usable_ratio_count_below_required:9<10,False,True,d8f814232a2d5060d7eab374d352a8dad48267870dc96949aeeecef5611a0daa,87a55b287a0e9566600fe888f3cef9351df64c20d2aed38a9cc7abd8d6d3c8c1,f273af1878d43ebc461a6e90b726e6dc18e04d53c5eabaa2320200a66ce7fdbe,ce72e94f6c1585502c31fc0d05f02c844627ca7980cda9f2eb8e9268a62b7b45,2ec7445f446676bc26bfdf2022ca9b5e348ef515bfffdaed796d7b858f651934
co2,p001_T30_0ppm_fit,D:\gas_calibrator\_p9_20260705\co2_6old_0620clean_mature45_g4_T30_to_Tm20_finalparams\p001_T30_0ppm_fit,0.0,co2_zero_gas_low_concentration_anchor,True,GA06,ga06,090,B_diagnostic_model_only,ga06_co2_ratio_f,0.0001,0.0005,0.001,10,9,10,usable_ratio_count_below_required:9<10,False,True,d8f814232a2d5060d7eab374d352a8dad48267870dc96949aeeecef5611a0daa,87a55b287a0e9566600fe888f3cef9351df64c20d2aed38a9cc7abd8d6d3c8c1,f273af1878d43ebc461a6e90b726e6dc18e04d53c5eabaa2320200a66ce7fdbe,ce72e94f6c1585502c31fc0d05f02c844627ca7980cda9f2eb8e9268a62b7b45,2ec7445f446676bc26bfdf2022ca9b5e348ef515bfffdaed796d7b858f651934
co2,p002_T30_100ppm_fit,D:\gas_calibrator\_p9_20260705\co2_6old_0620clean_mature45_g4_T30_to_Tm20_finalparams\p002_T30_100ppm_fit,100.0,co2_standard_nonzero_point,True,GA01,ga01,001,A_calibration_eligible,ga01_co2_ratio_f,0.0,0.0005,0.001,10,10,10,within_production_contract,True,True,84d6d81c09dc76e4ebb2989ce3ea7dcedce784d2ed6c78d4c525087f0956cbc2,97c60d1e03b6e7c5898c01ed9933ef5cfb4e33570f747f9b453e83fe2bf52f88,f273af1878d43ebc461a6e90b726e6dc18e04d53c5eabaa2320200a66ce7fdbe,f5261a953fb67c6330fd12a1a08bd74cb3fb7ee1511da7b799e1d61480748661,2ec7445f446676bc26bfdf2022ca9b5e348ef515bfffdaed796d7b858f651934
co2,p002_T30_100ppm_fit,D:\gas_calibrator\_p9_20260705\co2_6old_0620clean_mature45_g4_T30_to_Tm20_finalparams\p002_T30_100ppm_fit,100.0,co2_standard_nonzero_point,True,GA02,ga02,002,A_calibration_eligible,ga02_co2_ratio_f,0.0001,0.0005,0.001,10,10,10,within_production_contract,True,True,84d6d81c09dc76e4ebb2989ce3ea7dcedce784d2ed6c78d4c525087f0956cbc2,97c60d1e03b6e7c5898c01ed9933ef5cfb4e33570f747f9b453e83fe2bf52f88,f273af1878d43ebc461a6e90b726e6dc18e04d53c5eabaa2320200a66ce7fdbe,f5261a953fb67c6330fd12a1a08bd74cb3fb7ee1511da7b799e1d61480748661,2ec7445f446676bc26bfdf2022ca9b5e348ef515bfffdaed796d7b858f651934
co2,p002_T30_100ppm_fit,D:\gas_calibrator\_p9_20260705\co2_6old_0620clean_mature45_g4_T30_to_Tm20_finalparams\p002_T30_100ppm_fit,100.0,co2_standard_nonzero_point,True,GA03,ga03,010,A_calibration_eligible,ga03_co2_ratio_f,0.0001,0.0005,0.001,10,10,10,within_production_contract,True,True,84d6d81c09dc76e4ebb2989ce3ea7dcedce784d2ed6c78d4c525087f0956cbc2,97c60d1e03b6e7c5898c01ed9933ef5cfb4e33570f747f9b453e83fe2bf52f88,f273af1878d43ebc461a6e90b726e6dc18e04d53c5eabaa2320200a66ce7fdbe,f5261a953fb67c6330fd12a1a08bd74cb3fb7ee1511da7b799e1d61480748661,2ec7445f446676bc26bfdf2022ca9b5e348ef515bfffdaed796d7b858f651934
co2,p002_T30_100ppm_fit,D:\gas_calibrator\_p9_20260705\co2_6old_0620clean_mature45_g4_T30_to_Tm20_finalparams\p002_T30_100ppm_fit,100.0,co2_standard_nonzero_point,True,GA04,ga04,076,A_calibration_eligible,ga04_co2_ratio_f,0.0,0.0005,0.001,10,10,10,within_production_contract,True,True,84d6d81c09dc76e4ebb2989ce3ea7dcedce784d2ed6c78d4c525087f0956cbc2,97c60d1e03b6e7c5898c01ed9933ef5cfb4e33570f747f9b453e83fe2bf52f88,f273af1878d43ebc461a6e90b726e6dc18e04d53c5eabaa2320200a66ce7fdbe,f5261a953fb67c6330fd12a1a08bd74cb3fb7ee1511da7b799e1d61480748661,2ec7445f446676bc26bfdf2022ca9b5e348ef515bfffdaed796d7b858f651934
co2,p002_T30_100ppm_fit,D:\gas_calibrator\_p9_20260705\co2_6old_0620clean_mature45_g4_T30_to_Tm20_finalparams\p002_T30_100ppm_fit,100.0,co2_standard_nonzero_point,True,GA05,ga05,005,A_calibration_eligible,ga05_co2_ratio_f,0.0001,0.0005,0.001,10,10,10,within_production_contract,True,True,84d6d81c09dc76e4ebb2989ce3ea7dcedce784d2ed6c78d4c525087f0956cbc2,97c60d1e03b6e7c5898c01ed9933ef5cfb4e33570f747f9b453e83fe2bf52f88,f273af1878d43ebc461a6e90b726e6dc18e04d53c5eabaa2320200a66ce7fdbe,f5261a953fb67c6330fd12a1a08bd74cb3fb7ee1511da7b799e1d61480748661,2ec7445f446676bc26bfdf2022ca9b5e348ef515bfffdaed796d7b858f651934
co2,p002_T30_100ppm_fit,D:\gas_calibrator\_p9_20260705\co2_6old_0620clean_mature45_g4_T30_to_Tm20_finalparams\p002_T30_100ppm_fit,100.0,co2_standard_nonzero_point,True,GA06,ga06,090,A_calibration_eligible,ga06_co2_ratio_f,0.0,0.0005,0.001,10,10,10,within_production_contract,True,True,84d6d81c09dc76e4ebb2989ce3ea7dcedce784d2ed6c78d4c525087f0956cbc2,97c60d1e03b6e7c5898c01ed9933ef5cfb4e33570f747f9b453e83fe2bf52f88,f273af1878d43ebc461a6e90b726e6dc18e04d53c5eabaa2320200a66ce7fdbe,f5261a953fb67c6330fd12a1a08bd74cb3fb7ee1511da7b799e1d61480748661,2ec7445f446676bc26bfdf2022ca9b5e348ef515bfffdaed796d7b858f651934
co2,p003_T30_200ppm_fit,D:\gas_calibrator\_p9_20260705\co2_6old_0620clean_mature45_g4_T30_to_Tm20_finalparams\p003_T30_200ppm_fit,200.0,co2_standard_nonzero_point,True,GA01,ga01,001,A_calibration_eligible,ga01_co2_ratio_f,0.0,0.0005,0.001,10,10,10,within_production_contract,True,True,ba0b5eeca4c17772eb5d1a32bce6d604bbc386de0a52e99eb65a4d8cba527965,d2c496162812dc8b95d4fa26282a0cab3ef9a3746bc7c9ce58521dc8973ba78a,f273af1878d43ebc461a6e90b726e6dc18e04d53c5eabaa2320200a66ce7fdbe,aae37782e6bb04e8e89edebfb9a9b7b01a4ab039a7bff532647af77ce7c17c45,2ec7445f446676bc26bfdf2022ca9b5e348ef515bfffdaed796d7b858f651934
co2,p003_T30_200ppm_fit,D:\gas_calibrator\_p9_20260705\co2_6old_0620clean_mature45_g4_T30_to_Tm20_finalparams\p003_T30_200ppm_fit,200.0,co2_standard_nonzero_point,True,GA02,ga02,002,A_calibration_eligible,ga02_co2_ratio_f,0.0001,0.0005,0.001,10,10,10,within_production_contract,True,True,ba0b5eeca4c17772eb5d1a32bce6d604bbc386de0a52e99eb65a4d8cba527965,d2c496162812dc8b95d4fa26282a0cab3ef9a3746bc7c9ce58521dc8973ba78a,f273af1878d43ebc461a6e90b726e6dc18e04d53c5eabaa2320200a66ce7fdbe,aae37782e6bb04e8e89edebfb9a9b7b01a4ab039a7bff532647af77ce7c17c45,2ec7445f446676bc26bfdf2022ca9b5e348ef515bfffdaed796d7b858f651934
co2,p003_T30_200ppm_fit,D:\gas_calibrator\_p9_20260705\co2_6old_0620clean_mature45_g4_T30_to_Tm20_finalparams\p003_T30_200ppm_fit,200.0,co2_standard_nonzero_point,True,GA03,ga03,010,A_calibration_eligible,ga03_co2_ratio_f,0.0001,0.0005,0.001,10,10,10,within_production_contract,True,True,ba0b5eeca4c17772eb5d1a32bce6d604bbc386de0a52e99eb65a4d8cba527965,d2c496162812dc8b95d4fa26282a0cab3ef9a3746bc7c9ce58521dc8973ba78a,f273af1878d43ebc461a6e90b726e6dc18e04d53c5eabaa2320200a66ce7fdbe,aae37782e6bb04e8e89edebfb9a9b7b01a4ab039a7bff532647af77ce7c17c45,2ec7445f446676bc26bfdf2022ca9b5e348ef515bfffdaed796d7b858f651934
co2,p003_T30_200ppm_fit,D:\gas_calibrator\_p9_20260705\co2_6old_0620clean_mature45_g4_T30_to_Tm20_finalparams\p003_T30_200ppm_fit,200.0,co2_standard_nonzero_point,True,GA04,ga04,076,A_calibration_eligible,ga04_co2_ratio_f,0.0,0.0005,0.001,10,10,10,within_production_contract,True,True,ba0b5eeca4c17772eb5d1a32bce6d604bbc386de0a52e99eb65a4d8cba527965,d2c496162812dc8b95d4fa26282a0cab3ef9a3746bc7c9ce58521dc8973ba78a,f273af1878d43ebc461a6e90b726e6dc18e04d53c5eabaa2320200a66ce7fdbe,aae37782e6bb04e8e89edebfb9a9b7b01a4ab039a7bff532647af77ce7c17c45,2ec7445f446676bc26bfdf2022ca9b5e348ef515bfffdaed796d7b858f651934
co2,p003_T30_200ppm_fit,D:\gas_calibrator\_p9_20260705\co2_6old_0620clean_mature45_g4_T30_to_Tm20_finalparams\p003_T30_200ppm_fit,200.0,co2_standard_nonzero_point,True,GA05,ga05,005,A_calibration_eligible,ga05_co2_ratio_f,0.0,0.0005,0.001,10,10,10,within_production_contract,True,True,ba0b5eeca4c17772eb5d1a32bce6d604bbc386de0a52e99eb65a4d8cba527965,d2c496162812dc8b95d4fa26282a0cab3ef9a3746bc7c9ce58521dc8973ba78a,f273af1878d43ebc461a6e90b726e6dc18e04d53c5eabaa2320200a66ce7fdbe,aae37782e6bb04e8e89edebfb9a9b7b01a4ab039a7bff532647af77ce7c17c45,2ec7445f446676bc26bfdf2022ca9b5e348ef515bfffdaed796d7b858f651934
co2,p003_T30_200ppm_fit,D:\gas_calibrator\_p9_20260705\co2_6old_0620clean_mature45_g4_T30_to_Tm20_finalparams\p003_T30_200ppm_fit,200.0,co2_standard_nonzero_point,True,GA06,ga06,090,A_calibration_eligible,ga06_co2_ratio_f,0.0,0.0005,0.001,10,10,10,within_production_contract,True,True,ba0b5eeca4c17772eb5d1a32bce6d604bbc386de0a52e99eb65a4d8cba527965,d2c496162812dc8b95d4fa26282a0cab3ef9a3746bc7c9ce58521dc8973ba78a,f273af1878d43ebc461a6e90b726e6dc18e04d53c5eabaa2320200a66ce7fdbe,aae37782e6bb04e8e89edebfb9a9b7b01a4ab039a7bff532647af77ce7c17c45,2ec7445f446676bc26bfdf2022ca9b5e348ef515bfffdaed796d7b858f651934
co2,p004_T30_300ppm_fit,D:\gas_calibrator\_p9_20260705\co2_6old_0620clean_mature45_g4_T30_to_Tm20_finalparams\p004_T30_300ppm_fit,300.0,co2_standard_nonzero_point,True,GA01,ga01,001,A_calibration_eligible,ga01_co2_ratio_f,0.0001,0.0005,0.001,10,10,10,within_production_contract,True,True,da68692d027d3f418d94fc69058073077ac149ee45aea69f46fd5e3c8351f648,ba40354b5b0954889844de00b3a117b9ed23222889d455818c3a1a3bad1747ee,f273af1878d43ebc461a6e90b726e6dc18e04d53c5eabaa2320200a66ce7fdbe,ee502b56fbaad0a2755a840d1a936bc406d41480057034038c04d13e3dcc944c,2ec7445f446676bc26bfdf2022ca9b5e348ef515bfffdaed796d7b858f651934
co2,p004_T30_300ppm_fit,D:\gas_calibrator\_p9_20260705\co2_6old_0620clean_mature45_g4_T30_to_Tm20_finalparams\p004_T30_300ppm_fit,300.0,co2_standard_nonzero_point,True,GA02,ga02,002,A_calibration_eligible,ga02_co2_ratio_f,0.0001,0.0005,0.001,10,10,10,within_production_contract,True,True,da68692d027d3f418d94fc69058073077ac149ee45aea69f46fd5e3c8351f648,ba40354b5b0954889844de00b3a117b9ed23222889d455818c3a1a3bad1747ee,f273af1878d43ebc461a6e90b726e6dc18e04d53c5eabaa2320200a66ce7fdbe,ee502b56fbaad0a2755a840d1a936bc406d41480057034038c04d13e3dcc944c,2ec7445f446676bc26bfdf2022ca9b5e348ef515bfffdaed796d7b858f651934
co2,p004_T30_300ppm_fit,D:\gas_calibrator\_p9_20260705\co2_6old_0620clean_mature45_g4_T30_to_Tm20_finalparams\p004_T30_300ppm_fit,300.0,co2_standard_nonzero_point,True,GA03,ga03,010,A_calibration_eligible,ga03_co2_ratio_f,0.0001,0.0005,0.001,10,10,10,within_production_contract,True,True,da68692d027d3f418d94fc69058073077ac149ee45aea69f46fd5e3c8351f648,ba40354b5b0954889844de00b3a117b9ed23222889d455818c3a1a3bad1747ee,f273af1878d43ebc461a6e90b726e6dc18e04d53c5eabaa2320200a66ce7fdbe,ee502b56fbaad0a2755a840d1a936bc406d41480057034038c04d13e3dcc944c,2ec7445f446676bc26bfdf2022ca9b5e348ef515bfffdaed796d7b858f651934
co2,p004_T30_300ppm_fit,D:\gas_calibrator\_p9_20260705\co2_6old_0620clean_mature45_g4_T30_to_Tm20_finalparams\p004_T30_300ppm_fit,300.0,co2_standard_nonzero_point,True,GA04,ga04,076,A_calibration_eligible,ga04_co2_ratio_f,0.0,0.0005,0.001,10,10,10,within_production_contract,True,True,da68692d027d3f418d94fc69058073077ac149ee45aea69f46fd5e3c8351f648,ba40354b5b0954889844de00b3a117b9ed23222889d455818c3a1a3bad1747ee,f273af1878d43ebc461a6e90b726e6dc18e04d53c5eabaa2320200a66ce7fdbe,ee502b56fbaad0a2755a840d1a936bc406d41480057034038c04d13e3dcc944c,2ec7445f446676bc26bfdf2022ca9b5e348ef515bfffdaed796d7b858f651934
co2,p004_T30_300ppm_fit,D:\gas_calibrator\_p9_20260705\co2_6old_0620clean_mature45_g4_T30_to_Tm20_finalparams\p004_T30_300ppm_fit,300.0,co2_standard_nonzero_point,True,GA05,ga05,005,A_calibration_eligible,ga05_co2_ratio_f,0.0,0.0005,0.001,10,10,10,within_production_contract,True,True,da68692d027d3f418d94fc69058073077ac149ee45aea69f46fd5e3c8351f648,ba40354b5b0954889844de00b3a117b9ed23222889d455818c3a1a3bad1747ee,f273af1878d43ebc461a6e90b726e6dc18e04d53c5eabaa2320200a66ce7fdbe,ee502b56fbaad0a2755a840d1a936bc406d41480057034038c04d13e3dcc944c,2ec7445f446676bc26bfdf2022ca9b5e348ef515bfffdaed796d7b858f651934
co2,p004_T30_300ppm_fit,D:\gas_calibrator\_p9_20260705\co2_6old_0620clean_mature45_g4_T30_to_Tm20_finalparams\p004_T30_300ppm_fit,300.0,co2_standard_nonzero_point,True,GA06,ga06,090,A_calibration_eligible,ga06_co2_ratio_f,0.0001,0.0005,0.001,10,10,10,within_production_contract,True,True,da68692d027d3f418d94fc69058073077ac149ee45aea69f46fd5e3c8351f648,ba40354b5b0954889844de00b3a117b9ed23222889d455818c3a1a3bad1747ee,f273af1878d43ebc461a6e90b726e6dc18e04d53c5eabaa2320200a66ce7fdbe,ee502b56fbaad0a2755a840d1a936bc406d41480057034038c04d13e3dcc944c,2ec7445f446676bc26bfdf2022ca9b5e348ef515bfffdaed796d7b858f651934
co2,p005_T30_400ppm_fit,D:\gas_calibrator\_p9_20260705\co2_6old_0620clean_mature45_g4_T30_to_Tm20_finalparams\p005_T30_400ppm_fit,400.0,co2_standard_nonzero_point,True,GA01,ga01,001,A_calibration_eligible,ga01_co2_ratio_f,0.0,0.0005,0.001,10,10,10,within_production_contract,True,True,b19800aeb1df256425a9312d65c46414ba91f240a2593fca8980667548f62d82,d0550a50569ce55c7b17852f7a00b9e589c58e409d97c62a16af83ce980378a6,f273af1878d43ebc461a6e90b726e6dc18e04d53c5eabaa2320200a66ce7fdbe,6429bfdbc99ca7c77686d08161ed3ec639926d8c97178f880c62bc71d8012ba9,2ec7445f446676bc26bfdf2022ca9b5e348ef515bfffdaed796d7b858f651934
co2,p005_T30_400ppm_fit,D:\gas_calibrator\_p9_20260705\co2_6old_0620clean_mature45_g4_T30_to_Tm20_finalparams\p005_T30_400ppm_fit,400.0,co2_standard_nonzero_point,True,GA02,ga02,002,A_calibration_eligible,ga02_co2_ratio_f,0.0001,0.0005,0.001,10,10,10,within_production_contract,True,True,b19800aeb1df256425a9312d65c46414ba91f240a2593fca8980667548f62d82,d0550a50569ce55c7b17852f7a00b9e589c58e409d97c62a16af83ce980378a6,f273af1878d43ebc461a6e90b726e6dc18e04d53c5eabaa2320200a66ce7fdbe,6429bfdbc99ca7c77686d08161ed3ec639926d8c97178f880c62bc71d8012ba9,2ec7445f446676bc26bfdf2022ca9b5e348ef515bfffdaed796d7b858f651934
co2,p005_T30_400ppm_fit,D:\gas_calibrator\_p9_20260705\co2_6old_0620clean_mature45_g4_T30_to_Tm20_finalparams\p005_T30_400ppm_fit,400.0,co2_standard_nonzero_point,True,GA03,ga03,010,A_calibration_eligible,ga03_co2_ratio_f,0.0,0.0005,0.001,10,10,10,within_production_contract,True,True,b19800aeb1df256425a9312d65c46414ba91f240a2593fca8980667548f62d82,d0550a50569ce55c7b17852f7a00b9e589c58e409d97c62a16af83ce980378a6,f273af1878d43ebc461a6e90b726e6dc18e04d53c5eabaa2320200a66ce7fdbe,6429bfdbc99ca7c77686d08161ed3ec639926d8c97178f880c62bc71d8012ba9,2ec7445f446676bc26bfdf2022ca9b5e348ef515bfffdaed796d7b858f651934
co2,p005_T30_400ppm_fit,D:\gas_calibrator\_p9_20260705\co2_6old_0620clean_mature45_g4_T30_to_Tm20_finalparams\p005_T30_400ppm_fit,400.0,co2_standard_nonzero_point,True,GA04,ga04,076,A_calibration_eligible,ga04_co2_ratio_f,0.0,0.0005,0.001,10,10,10,within_production_contract,True,True,b19800aeb1df256425a9312d65c46414ba91f240a2593fca8980667548f62d82,d0550a50569ce55c7b17852f7a00b9e589c58e409d97c62a16af83ce980378a6,f273af1878d43ebc461a6e90b726e6dc18e04d53c5eabaa2320200a66ce7fdbe,6429bfdbc99ca7c77686d08161ed3ec639926d8c97178f880c62bc71d8012ba9,2ec7445f446676bc26bfdf2022ca9b5e348ef515bfffdaed796d7b858f651934
co2,p005_T30_400ppm_fit,D:\gas_calibrator\_p9_20260705\co2_6old_0620clean_mature45_g4_T30_to_Tm20_finalparams\p005_T30_400ppm_fit,400.0,co2_standard_nonzero_point,True,GA05,ga05,005,A_calibration_eligible,ga05_co2_ratio_f,0.0001,0.0005,0.001,10,10,10,within_production_contract,True,True,b19800aeb1df256425a9312d65c46414ba91f240a2593fca8980667548f62d82,d0550a50569ce55c7b17852f7a00b9e589c58e409d97c62a16af83ce980378a6,f273af1878d43ebc461a6e90b726e6dc18e04d53c5eabaa2320200a66ce7fdbe,6429bfdbc99ca7c77686d08161ed3ec639926d8c97178f880c62bc71d8012ba9,2ec7445f446676bc26bfdf2022ca9b5e348ef515bfffdaed796d7b858f651934
co2,p005_T30_400ppm_fit,D:\gas_calibrator\_p9_20260705\co2_6old_0620clean_mature45_g4_T30_to_Tm20_finalparams\p005_T30_400ppm_fit,400.0,co2_standard_nonzero_point,True,GA06,ga06,090,A_calibration_eligible,ga06_co2_ratio_f,0.0001,0.0005,0.001,10,10,10,within_production_contract,True,True,b19800aeb1df256425a9312d65c46414ba91f240a2593fca8980667548f62d82,d0550a50569ce55c7b17852f7a00b9e589c58e409d97c62a16af83ce980378a6,f273af1878d43ebc461a6e90b726e6dc18e04d53c5eabaa2320200a66ce7fdbe,6429bfdbc99ca7c77686d08161ed3ec639926d8c97178f880c62bc71d8012ba9,2ec7445f446676bc26bfdf2022ca9b5e348ef515bfffdaed796d7b858f651934
co2,p006_T30_500ppm_fit,D:\gas_calibrator\_p9_20260705\co2_6old_0620clean_mature45_g4_T30_to_Tm20_finalparams\p006_T30_500ppm_fit,500.0,co2_standard_nonzero_point,True,GA01,ga01,001,A_calibration_eligible,ga01_co2_ratio_f,0.0001,0.0005,0.001,10,10,10,within_production_contract,True,True,abc1d3b6e4742f3ab5baccf376612cbc303fbd9be213bd856932c763eab5938a,b07a4fe81d6aa029072227f101b9eeb3fdf8d829afab37193cc014644f404594,f273af1878d43ebc461a6e90b726e6dc18e04d53c5eabaa2320200a66ce7fdbe,7e859706c09e45992a9a749f15a4a3a6de75cebf62de1b2d7df181d31fad7f8d,2ec7445f446676bc26bfdf2022ca9b5e348ef515bfffdaed796d7b858f651934
co2,p006_T30_500ppm_fit,D:\gas_calibrator\_p9_20260705\co2_6old_0620clean_mature45_g4_T30_to_Tm20_finalparams\p006_T30_500ppm_fit,500.0,co2_standard_nonzero_point,True,GA02,ga02,002,A_calibration_eligible,ga02_co2_ratio_f,0.0001,0.0005,0.001,10,10,10,within_production_contract,True,True,abc1d3b6e4742f3ab5baccf376612cbc303fbd9be213bd856932c763eab5938a,b07a4fe81d6aa029072227f101b9eeb3fdf8d829afab37193cc014644f404594,f273af1878d43ebc461a6e90b726e6dc18e04d53c5eabaa2320200a66ce7fdbe,7e859706c09e45992a9a749f15a4a3a6de75cebf62de1b2d7df181d31fad7f8d,2ec7445f446676bc26bfdf2022ca9b5e348ef515bfffdaed796d7b858f651934
co2,p006_T30_500ppm_fit,D:\gas_calibrator\_p9_20260705\co2_6old_0620clean_mature45_g4_T30_to_Tm20_finalparams\p006_T30_500ppm_fit,500.0,co2_standard_nonzero_point,True,GA03,ga03,010,A_calibration_eligible,ga03_co2_ratio_f,0.0,0.0005,0.001,10,10,10,within_production_contract,True,True,abc1d3b6e4742f3ab5baccf376612cbc303fbd9be213bd856932c763eab5938a,b07a4fe81d6aa029072227f101b9eeb3fdf8d829afab37193cc014644f404594,f273af1878d43ebc461a6e90b726e6dc18e04d53c5eabaa2320200a66ce7fdbe,7e859706c09e45992a9a749f15a4a3a6de75cebf62de1b2d7df181d31fad7f8d,2ec7445f446676bc26bfdf2022ca9b5e348ef515bfffdaed796d7b858f651934
co2,p006_T30_500ppm_fit,D:\gas_calibrator\_p9_20260705\co2_6old_0620clean_mature45_g4_T30_to_Tm20_finalparams\p006_T30_500ppm_fit,500.0,co2_standard_nonzero_point,True,GA04,ga04,076,A_calibration_eligible,ga04_co2_ratio_f,0.0,0.0005,0.001,10,10,10,within_production_contract,True,True,abc1d3b6e4742f3ab5baccf376612cbc303fbd9be213bd856932c763eab5938a,b07a4fe81d6aa029072227f101b9eeb3fdf8d829afab37193cc014644f404594,f273af1878d43ebc461a6e90b726e6dc18e04d53c5eabaa2320200a66ce7fdbe,7e859706c09e45992a9a749f15a4a3a6de75cebf62de1b2d7df181d31fad7f8d,2ec7445f446676bc26bfdf2022ca9b5e348ef515bfffdaed796d7b858f651934
co2,p006_T30_500ppm_fit,D:\gas_calibrator\_p9_20260705\co2_6old_0620clean_mature45_g4_T30_to_Tm20_finalparams\p006_T30_500ppm_fit,500.0,co2_standard_nonzero_point,True,GA05,ga05,005,A_calibration_eligible,ga05_co2_ratio_f,0.0001,0.0005,0.001,10,10,10,within_production_contract,True,True,abc1d3b6e4742f3ab5baccf376612cbc303fbd9be213bd856932c763eab5938a,b07a4fe81d6aa029072227f101b9eeb3fdf8d829afab37193cc014644f404594,f273af1878d43ebc461a6e90b726e6dc18e04d53c5eabaa2320200a66ce7fdbe,7e859706c09e45992a9a749f15a4a3a6de75cebf62de1b2d7df181d31fad7f8d,2ec7445f446676bc26bfdf2022ca9b5e348ef515bfffdaed796d7b858f651934
co2,p006_T30_500ppm_fit,D:\gas_calibrator\_p9_20260705\co2_6old_0620clean_mature45_g4_T30_to_Tm20_finalparams\p006_T30_500ppm_fit,500.0,co2_standard_nonzero_point,True,GA06,ga06,090,A_calibration_eligible,ga06_co2_ratio_f,0.0001,0.0005,0.001,10,10,10,within_production_contract,True,True,abc1d3b6e4742f3ab5baccf376612cbc303fbd9be213bd856932c763eab5938a,b07a4fe81d6aa029072227f101b9eeb3fdf8d829afab37193cc014644f404594,f273af1878d43ebc461a6e90b726e6dc18e04d53c5eabaa2320200a66ce7fdbe,7e859706c09e45992a9a749f15a4a3a6de75cebf62de1b2d7df181d31fad7f8d,2ec7445f446676bc26bfdf2022ca9b5e348ef515bfffdaed796d7b858f651934
co2,p007_T30_600ppm_fit,D:\gas_calibrator\_p9_20260705\co2_6old_0620clean_mature45_g4_T30_to_Tm20_finalparams\p007_T30_600ppm_fit,600.0,co2_standard_nonzero_point,True,GA01,ga01,001,A_calibration_eligible,ga01_co2_ratio_f,0.0002,0.0005,0.001,10,10,10,within_production_contract,True,True,9a1ba6e18a3fcc2dd9f1dfa089b3a7af566fefc71411ed2c3f59eb01cff576a0,e79796c07040bef361920d98ccda0c08b636f5468d74a6a23116af164634565f,f273af1878d43ebc461a6e90b726e6dc18e04d53c5eabaa2320200a66ce7fdbe,f9bdb6e82f0ca82661897bf7274d80cc41f10cad3d15732962e479bacc929a94,2ec7445f446676bc26bfdf2022ca9b5e348ef515bfffdaed796d7b858f651934
co2,p007_T30_600ppm_fit,D:\gas_calibrator\_p9_20260705\co2_6old_0620clean_mature45_g4_T30_to_Tm20_finalparams\p007_T30_600ppm_fit,600.0,co2_standard_nonzero_point,True,GA02,ga02,002,A_calibration_eligible,ga02_co2_ratio_f,0.0002,0.0005,0.001,10,10,10,within_production_contract,True,True,9a1ba6e18a3fcc2dd9f1dfa089b3a7af566fefc71411ed2c3f59eb01cff576a0,e79796c07040bef361920d98ccda0c08b636f5468d74a6a23116af164634565f,f273af1878d43ebc461a6e90b726e6dc18e04d53c5eabaa2320200a66ce7fdbe,f9bdb6e82f0ca82661897bf7274d80cc41f10cad3d15732962e479bacc929a94,2ec7445f446676bc26bfdf2022ca9b5e348ef515bfffdaed796d7b858f651934
co2,p007_T30_600ppm_fit,D:\gas_calibrator\_p9_20260705\co2_6old_0620clean_mature45_g4_T30_to_Tm20_finalparams\p007_T30_600ppm_fit,600.0,co2_standard_nonzero_point,True,GA03,ga03,010,A_calibration_eligible,ga03_co2_ratio_f,0.0001,0.0005,0.001,10,10,10,within_production_contract,True,True,9a1ba6e18a3fcc2dd9f1dfa089b3a7af566fefc71411ed2c3f59eb01cff576a0,e79796c07040bef361920d98ccda0c08b636f5468d74a6a23116af164634565f,f273af1878d43ebc461a6e90b726e6dc18e04d53c5eabaa2320200a66ce7fdbe,f9bdb6e82f0ca82661897bf7274d80cc41f10cad3d15732962e479bacc929a94,2ec7445f446676bc26bfdf2022ca9b5e348ef515bfffdaed796d7b858f651934
co2,p007_T30_600ppm_fit,D:\gas_calibrator\_p9_20260705\co2_6old_0620clean_mature45_g4_T30_to_Tm20_finalparams\p007_T30_600ppm_fit,600.0,co2_standard_nonzero_point,True,GA04,ga04,076,A_calibration_eligible,ga04_co2_ratio_f,0.0,0.0005,0.001,10,10,10,within_production_contract,True,True,9a1ba6e18a3fcc2dd9f1dfa089b3a7af566fefc71411ed2c3f59eb01cff576a0,e79796c07040bef361920d98ccda0c08b636f5468d74a6a23116af164634565f,f273af1878d43ebc461a6e90b726e6dc18e04d53c5eabaa2320200a66ce7fdbe,f9bdb6e82f0ca82661897bf7274d80cc41f10cad3d15732962e479bacc929a94,2ec7445f446676bc26bfdf2022ca9b5e348ef515bfffdaed796d7b858f651934
co2,p007_T30_600ppm_fit,D:\gas_calibrator\_p9_20260705\co2_6old_0620clean_mature45_g4_T30_to_Tm20_finalparams\p007_T30_600ppm_fit,600.0,co2_standard_nonzero_point,True,GA05,ga05,005,A_calibration_eligible,ga05_co2_ratio_f,0.0001,0.0005,0.001,10,10,10,within_production_contract,True,True,9a1ba6e18a3fcc2dd9f1dfa089b3a7af566fefc71411ed2c3f59eb01cff576a0,e79796c07040bef361920d98ccda0c08b636f5468d74a6a23116af164634565f,f273af1878d43ebc461a6e90b726e6dc18e04d53c5eabaa2320200a66ce7fdbe,f9bdb6e82f0ca82661897bf7274d80cc41f10cad3d15732962e479bacc929a94,2ec7445f446676bc26bfdf2022ca9b5e348ef515bfffdaed796d7b858f651934
co2,p007_T30_600ppm_fit,D:\gas_calibrator\_p9_20260705\co2_6old_0620clean_mature45_g4_T30_to_Tm20_finalparams\p007_T30_600ppm_fit,600.0,co2_standard_nonzero_point,True,GA06,ga06,090,A_calibration_eligible,ga06_co2_ratio_f,0.0001,0.0005,0.001,10,10,10,within_production_contract,True,True,9a1ba6e18a3fcc2dd9f1dfa089b3a7af566fefc71411ed2c3f59eb01cff576a0,e79796c07040bef361920d98ccda0c08b636f5468d74a6a23116af164634565f,f273af1878d43ebc461a6e90b726e6dc18e04d53c5eabaa2320200a66ce7fdbe,f9bdb6e82f0ca82661897bf7274d80cc41f10cad3d15732962e479bacc929a94,2ec7445f446676bc26bfdf2022ca9b5e348ef515bfffdaed796d7b858f651934
co2,p008_T30_700ppm_fit,D:\gas_calibrator\_p9_20260705\co2_6old_0620clean_mature45_g4_T30_to_Tm20_finalparams\p008_T30_700ppm_fit,700.0,co2_standard_nonzero_point,True,GA01,ga01,001,A_calibration_eligible,ga01_co2_ratio_f,0.0,0.0005,0.001,10,10,10,within_production_contract,True,True,9fe41b865908aebc817cafb0c5d6e59dd6d856603855b2f1da30d8342e3decd2,2584ddefb33c7482f71d58664d977e8a8ef48ea9c8cfc2cac7d548cbcffbb271,f273af1878d43ebc461a6e90b726e6dc18e04d53c5eabaa2320200a66ce7fdbe,f0c11b8e56d920f031af7a22f5c2ebf09723205a69f6b1d1c48249452cd96fae,2ec7445f446676bc26bfdf2022ca9b5e348ef515bfffdaed796d7b858f651934
co2,p008_T30_700ppm_fit,D:\gas_calibrator\_p9_20260705\co2_6old_0620clean_mature45_g4_T30_to_Tm20_finalparams\p008_T30_700ppm_fit,700.0,co2_standard_nonzero_point,True,GA02,ga02,002,A_calibration_eligible,ga02_co2_ratio_f,0.0001,0.0005,0.001,10,10,10,within_production_contract,True,True,9fe41b865908aebc817cafb0c5d6e59dd6d856603855b2f1da30d8342e3decd2,2584ddefb33c7482f71d58664d977e8a8ef48ea9c8cfc2cac7d548cbcffbb271,f273af1878d43ebc461a6e90b726e6dc18e04d53c5eabaa2320200a66ce7fdbe,f0c11b8e56d920f031af7a22f5c2ebf09723205a69f6b1d1c48249452cd96fae,2ec7445f446676bc26bfdf2022ca9b5e348ef515bfffdaed796d7b858f651934
co2,p008_T30_700ppm_fit,D:\gas_calibrator\_p9_20260705\co2_6old_0620clean_mature45_g4_T30_to_Tm20_finalparams\p008_T30_700ppm_fit,700.0,co2_standard_nonzero_point,True,GA03,ga03,010,A_calibration_eligible,ga03_co2_ratio_f,0.0,0.0005,0.001,10,10,10,within_production_contract,True,True,9fe41b865908aebc817cafb0c5d6e59dd6d856603855b2f1da30d8342e3decd2,2584ddefb33c7482f71d58664d977e8a8ef48ea9c8cfc2cac7d548cbcffbb271,f273af1878d43ebc461a6e90b726e6dc18e04d53c5eabaa2320200a66ce7fdbe,f0c11b8e56d920f031af7a22f5c2ebf09723205a69f6b1d1c48249452cd96fae,2ec7445f446676bc26bfdf2022ca9b5e348ef515bfffdaed796d7b858f651934
co2,p008_T30_700ppm_fit,D:\gas_calibrator\_p9_20260705\co2_6old_0620clean_mature45_g4_T30_to_Tm20_finalparams\p008_T30_700ppm_fit,700.0,co2_standard_nonzero_point,True,GA04,ga04,076,A_calibration_eligible,ga04_co2_ratio_f,0.0,0.0005,0.001,10,10,10,within_production_contract,True,True,9fe41b865908aebc817cafb0c5d6e59dd6d856603855b2f1da30d8342e3decd2,2584ddefb33c7482f71d58664d977e8a8ef48ea9c8cfc2cac7d548cbcffbb271,f273af1878d43ebc461a6e90b726e6dc18e04d53c5eabaa2320200a66ce7fdbe,f0c11b8e56d920f031af7a22f5c2ebf09723205a69f6b1d1c48249452cd96fae,2ec7445f446676bc26bfdf2022ca9b5e348ef515bfffdaed796d7b858f651934
co2,p008_T30_700ppm_fit,D:\gas_calibrator\_p9_20260705\co2_6old_0620clean_mature45_g4_T30_to_Tm20_finalparams\p008_T30_700ppm_fit,700.0,co2_standard_nonzero_point,True,GA05,ga05,005,A_calibration_eligible,ga05_co2_ratio_f,0.0,0.0005,0.001,10,10,10,within_production_contract,True,True,9fe41b865908aebc817cafb0c5d6e59dd6d856603855b2f1da30d8342e3decd2,2584ddefb33c7482f71d58664d977e8a8ef48ea9c8cfc2cac7d548cbcffbb271,f273af1878d43ebc461a6e90b726e6dc18e04d53c5eabaa2320200a66ce7fdbe,f0c11b8e56d920f031af7a22f5c2ebf09723205a69f6b1d1c48249452cd96fae,2ec7445f446676bc26bfdf2022ca9b5e348ef515bfffdaed796d7b858f651934
co2,p008_T30_700ppm_fit,D:\gas_calibrator\_p9_20260705\co2_6old_0620clean_mature45_g4_T30_to_Tm20_finalparams\p008_T30_700ppm_fit,700.0,co2_standard_nonzero_point,True,GA06,ga06,090,A_calibration_eligible,ga06_co2_ratio_f,0.0,0.0005,0.001,10,10,10,within_production_contract,True,True,9fe41b865908aebc817cafb0c5d6e59dd6d856603855b2f1da30d8342e3decd2,2584ddefb33c7482f71d58664d977e8a8ef48ea9c8cfc2cac7d548cbcffbb271,f273af1878d43ebc461a6e90b726e6dc18e04d53c5eabaa2320200a66ce7fdbe,f0c11b8e56d920f031af7a22f5c2ebf09723205a69f6b1d1c48249452cd96fae,2ec7445f446676bc26bfdf2022ca9b5e348ef515bfffdaed796d7b858f651934
co2,p009_T30_800ppm_fit,D:\gas_calibrator\_p9_20260705\co2_6old_0620clean_mature45_g4_T30_to_Tm20_finalparams\p009_T30_800ppm_fit,800.0,co2_standard_nonzero_point,True,GA01,ga01,001,A_calibration_eligible,ga01_co2_ratio_f,0.0001,0.0005,0.001,10,10,10,within_production_contract,True,True,66340e5e7270f4d446ed5787d75c8855ee6112126cb7f97d3526ee1e987c7dd7,42f55f27102714b9b535b8b89efd1533e89b5c9ff3dc35c401ecefe09a4d1ed1,f273af1878d43ebc461a6e90b726e6dc18e04d53c5eabaa2320200a66ce7fdbe,043cca336bb72388b80d39bef44e2c786a04fe26e9a41a192d0ce26e2a5a90f2,2ec7445f446676bc26bfdf2022ca9b5e348ef515bfffdaed796d7b858f651934
co2,p009_T30_800ppm_fit,D:\gas_calibrator\_p9_20260705\co2_6old_0620clean_mature45_g4_T30_to_Tm20_finalparams\p009_T30_800ppm_fit,800.0,co2_standard_nonzero_point,True,GA02,ga02,002,A_calibration_eligible,ga02_co2_ratio_f,0.0001,0.0005,0.001,10,10,10,within_production_contract,True,True,66340e5e7270f4d446ed5787d75c8855ee6112126cb7f97d3526ee1e987c7dd7,42f55f27102714b9b535b8b89efd1533e89b5c9ff3dc35c401ecefe09a4d1ed1,f273af1878d43ebc461a6e90b726e6dc18e04d53c5eabaa2320200a66ce7fdbe,043cca336bb72388b80d39bef44e2c786a04fe26e9a41a192d0ce26e2a5a90f2,2ec7445f446676bc26bfdf2022ca9b5e348ef515bfffdaed796d7b858f651934
co2,p009_T30_800ppm_fit,D:\gas_calibrator\_p9_20260705\co2_6old_0620clean_mature45_g4_T30_to_Tm20_finalparams\p009_T30_800ppm_fit,800.0,co2_standard_nonzero_point,True,GA03,ga03,010,A_calibration_eligible,ga03_co2_ratio_f,0.0001,0.0005,0.001,10,10,10,within_production_contract,True,True,66340e5e7270f4d446ed5787d75c8855ee6112126cb7f97d3526ee1e987c7dd7,42f55f27102714b9b535b8b89efd1533e89b5c9ff3dc35c401ecefe09a4d1ed1,f273af1878d43ebc461a6e90b726e6dc18e04d53c5eabaa2320200a66ce7fdbe,043cca336bb72388b80d39bef44e2c786a04fe26e9a41a192d0ce26e2a5a90f2,2ec7445f446676bc26bfdf2022ca9b5e348ef515bfffdaed796d7b858f651934
co2,p009_T30_800ppm_fit,D:\gas_calibrator\_p9_20260705\co2_6old_0620clean_mature45_g4_T30_to_Tm20_finalparams\p009_T30_800ppm_fit,800.0,co2_standard_nonzero_point,True,GA04,ga04,076,A_calibration_eligible,ga04_co2_ratio_f,0.0,0.0005,0.001,10,10,10,within_production_contract,True,True,66340e5e7270f4d446ed5787d75c8855ee6112126cb7f97d3526ee1e987c7dd7,42f55f27102714b9b535b8b89efd1533e89b5c9ff3dc35c401ecefe09a4d1ed1,f273af1878d43ebc461a6e90b726e6dc18e04d53c5eabaa2320200a66ce7fdbe,043cca336bb72388b80d39bef44e2c786a04fe26e9a41a192d0ce26e2a5a90f2,2ec7445f446676bc26bfdf2022ca9b5e348ef515bfffdaed796d7b858f651934
co2,p009_T30_800ppm_fit,D:\gas_calibrator\_p9_20260705\co2_6old_0620clean_mature45_g4_T30_to_Tm20_finalparams\p009_T30_800ppm_fit,800.0,co2_standard_nonzero_point,True,GA05,ga05,005,A_calibration_eligible,ga05_co2_ratio_f,0.0001,0.0005,0.001,10,10,10,within_production_contract,True,True,66340e5e7270f4d446ed5787d75c8855ee6112126cb7f97d3526ee1e987c7dd7,42f55f27102714b9b535b8b89efd1533e89b5c9ff3dc35c401ecefe09a4d1ed1,f273af1878d43ebc461a6e90b726e6dc18e04d53c5eabaa2320200a66ce7fdbe,043cca336bb72388b80d39bef44e2c786a04fe26e9a41a192d0ce26e2a5a90f2,2ec7445f446676bc26bfdf2022ca9b5e348ef515bfffdaed796d7b858f651934
co2,p009_T30_800ppm_fit,D:\gas_calibrator\_p9_20260705\co2_6old_0620clean_mature45_g4_T30_to_Tm20_finalparams\p009_T30_800ppm_fit,800.0,co2_standard_nonzero_point,True,GA06,ga06,090,A_calibration_eligible,ga06_co2_ratio_f,0.0,0.0005,0.001,10,10,10,within_production_contract,True,True,66340e5e7270f4d446ed5787d75c8855ee6112126cb7f97d3526ee1e987c7dd7,42f55f27102714b9b535b8b89efd1533e89b5c9ff3dc35c401ecefe09a4d1ed1,f273af1878d43ebc461a6e90b726e6dc18e04d53c5eabaa2320200a66ce7fdbe,043cca336bb72388b80d39bef44e2c786a04fe26e9a41a192d0ce26e2a5a90f2,2ec7445f446676bc26bfdf2022ca9b5e348ef515bfffdaed796d7b858f651934
co2,p010_T30_900ppm_fit,D:\gas_calibrator\_p9_20260705\co2_6old_0620clean_mature45_g4_T30_to_Tm20_finalparams\p010_T30_900ppm_fit,900.0,co2_standard_nonzero_point,True,GA01,ga01,001,A_calibration_eligible,ga01_co2_ratio_f,0.0001,0.0005,0.001,10,10,10,within_production_contract,True,True,6e45e6087df086086d4e53350c7dc6860e7178d693c9cfcacb4b45bf5ce60448,7287d371348fdafa49402827ada9045eb133404c966421dc2186030dc8934256,f273af1878d43ebc461a6e90b726e6dc18e04d53c5eabaa2320200a66ce7fdbe,a28b2c7a761c76b18535330828610218a2e5e5b0acec7dcf452a9369b52f3eaa,2ec7445f446676bc26bfdf2022ca9b5e348ef515bfffdaed796d7b858f651934
co2,p010_T30_900ppm_fit,D:\gas_calibrator\_p9_20260705\co2_6old_0620clean_mature45_g4_T30_to_Tm20_finalparams\p010_T30_900ppm_fit,900.0,co2_standard_nonzero_point,True,GA02,ga02,002,A_calibration_eligible,ga02_co2_ratio_f,0.0001,0.0005,0.001,10,10,10,within_production_contract,True,True,6e45e6087df086086d4e53350c7dc6860e7178d693c9cfcacb4b45bf5ce60448,7287d371348fdafa49402827ada9045eb133404c966421dc2186030dc8934256,f273af1878d43ebc461a6e90b726e6dc18e04d53c5eabaa2320200a66ce7fdbe,a28b2c7a761c76b18535330828610218a2e5e5b0acec7dcf452a9369b52f3eaa,2ec7445f446676bc26bfdf2022ca9b5e348ef515bfffdaed796d7b858f651934
co2,p010_T30_900ppm_fit,D:\gas_calibrator\_p9_20260705\co2_6old_0620clean_mature45_g4_T30_to_Tm20_finalparams\p010_T30_900ppm_fit,900.0,co2_standard_nonzero_point,True,GA03,ga03,010,A_calibration_eligible,ga03_co2_ratio_f,0.0001,0.0005,0.001,10,10,10,within_production_contract,True,True,6e45e6087df086086d4e53350c7dc6860e7178d693c9cfcacb4b45bf5ce60448,7287d371348fdafa49402827ada9045eb133404c966421dc2186030dc8934256,f273af1878d43ebc461a6e90b726e6dc18e04d53c5eabaa2320200a66ce7fdbe,a28b2c7a761c76b18535330828610218a2e5e5b0acec7dcf452a9369b52f3eaa,2ec7445f446676bc26bfdf2022ca9b5e348ef515bfffdaed796d7b858f651934
co2,p010_T30_900ppm_fit,D:\gas_calibrator\_p9_20260705\co2_6old_0620clean_mature45_g4_T30_to_Tm20_finalparams\p010_T30_900ppm_fit,900.0,co2_standard_nonzero_point,True,GA04,ga04,076,A_calibration_eligible,ga04_co2_ratio_f,0.0,0.0005,0.001,10,10,10,within_production_contract,True,True,6e45e6087df086086d4e53350c7dc6860e7178d693c9cfcacb4b45bf5ce60448,7287d371348fdafa49402827ada9045eb133404c966421dc2186030dc8934256,f273af1878d43ebc461a6e90b726e6dc18e04d53c5eabaa2320200a66ce7fdbe,a28b2c7a761c76b18535330828610218a2e5e5b0acec7dcf452a9369b52f3eaa,2ec7445f446676bc26bfdf2022ca9b5e348ef515bfffdaed796d7b858f651934
co2,p010_T30_900ppm_fit,D:\gas_calibrator\_p9_20260705\co2_6old_0620clean_mature45_g4_T30_to_Tm20_finalparams\p010_T30_900ppm_fit,900.0,co2_standard_nonzero_point,True,GA05,ga05,005,A_calibration_eligible,ga05_co2_ratio_f,0.0001,0.0005,0.001,10,10,10,within_production_contract,True,True,6e45e6087df086086d4e53350c7dc6860e7178d693c9cfcacb4b45bf5ce60448,7287d371348fdafa49402827ada9045eb133404c966421dc2186030dc8934256,f273af1878d43ebc461a6e90b726e6dc18e04d53c5eabaa2320200a66ce7fdbe,a28b2c7a761c76b18535330828610218a2e5e5b0acec7dcf452a9369b52f3eaa,2ec7445f446676bc26bfdf2022ca9b5e348ef515bfffdaed796d7b858f651934
co2,p010_T30_900ppm_fit,D:\gas_calibrator\_p9_20260705\co2_6old_0620clean_mature45_g4_T30_to_Tm20_finalparams\p010_T30_900ppm_fit,900.0,co2_standard_nonzero_point,True,GA06,ga06,090,A_calibration_eligible,ga06_co2_ratio_f,0.0001,0.0005,0.001,10,10,10,within_production_contract,True,True,6e45e6087df086086d4e53350c7dc6860e7178d693c9cfcacb4b45bf5ce60448,7287d371348fdafa49402827ada9045eb133404c966421dc2186030dc8934256,f273af1878d43ebc461a6e90b726e6dc18e04d53c5eabaa2320200a66ce7fdbe,a28b2c7a761c76b18535330828610218a2e5e5b0acec7dcf452a9369b52f3eaa,2ec7445f446676bc26bfdf2022ca9b5e348ef515bfffdaed796d7b858f651934
co2,p011_T30_1000ppm_fit,D:\gas_calibrator\_p9_20260705\co2_6old_0620clean_mature45_g4_T30_to_Tm20_finalparams\p011_T30_1000ppm_fit,1000.0,co2_standard_nonzero_point,True,GA01,ga01,001,A_calibration_eligible,ga01_co2_ratio_f,0.0,0.0005,0.001,10,10,10,within_production_contract,True,True,0aef2770a59bcf5d01004786e1f7b8d6ee05f11807da2747800b75e15fc34d9e,005d1e8d98dc69beb90ceec6e82409e053e097bb2f702c39b5acb93734423462,f273af1878d43ebc461a6e90b726e6dc18e04d53c5eabaa2320200a66ce7fdbe,fd5a29f57372689cb3b47918afbb8461887019884dda68b8d3c498b24336ee10,2ec7445f446676bc26bfdf2022ca9b5e348ef515bfffdaed796d7b858f651934
co2,p011_T30_1000ppm_fit,D:\gas_calibrator\_p9_20260705\co2_6old_0620clean_mature45_g4_T30_to_Tm20_finalparams\p011_T30_1000ppm_fit,1000.0,co2_standard_nonzero_point,True,GA02,ga02,002,A_calibration_eligible,ga02_co2_ratio_f,0.0001,0.0005,0.001,10,10,10,within_production_contract,True,True,0aef2770a59bcf5d01004786e1f7b8d6ee05f11807da2747800b75e15fc34d9e,005d1e8d98dc69beb90ceec6e82409e053e097bb2f702c39b5acb93734423462,f273af1878d43ebc461a6e90b726e6dc18e04d53c5eabaa2320200a66ce7fdbe,fd5a29f57372689cb3b47918afbb8461887019884dda68b8d3c498b24336ee10,2ec7445f446676bc26bfdf2022ca9b5e348ef515bfffdaed796d7b858f651934
co2,p011_T30_1000ppm_fit,D:\gas_calibrator\_p9_20260705\co2_6old_0620clean_mature45_g4_T30_to_Tm20_finalparams\p011_T30_1000ppm_fit,1000.0,co2_standard_nonzero_point,True,GA03,ga03,010,A_calibration_eligible,ga03_co2_ratio_f,0.0001,0.0005,0.001,10,10,10,within_production_contract,True,True,0aef2770a59bcf5d01004786e1f7b8d6ee05f11807da2747800b75e15fc34d9e,005d1e8d98dc69beb90ceec6e82409e053e097bb2f702c39b5acb93734423462,f273af1878d43ebc461a6e90b726e6dc18e04d53c5eabaa2320200a66ce7fdbe,fd5a29f57372689cb3b47918afbb8461887019884dda68b8d3c498b24336ee10,2ec7445f446676bc26bfdf2022ca9b5e348ef515bfffdaed796d7b858f651934
co2,p011_T30_1000ppm_fit,D:\gas_calibrator\_p9_20260705\co2_6old_0620clean_mature45_g4_T30_to_Tm20_finalparams\p011_T30_1000ppm_fit,1000.0,co2_standard_nonzero_point,True,GA04,ga04,076,A_calibration_eligible,ga04_co2_ratio_f,0.0,0.0005,0.001,10,10,10,within_production_contract,True,True,0aef2770a59bcf5d01004786e1f7b8d6ee05f11807da2747800b75e15fc34d9e,005d1e8d98dc69beb90ceec6e82409e053e097bb2f702c39b5acb93734423462,f273af1878d43ebc461a6e90b726e6dc18e04d53c5eabaa2320200a66ce7fdbe,fd5a29f57372689cb3b47918afbb8461887019884dda68b8d3c498b24336ee10,2ec7445f446676bc26bfdf2022ca9b5e348ef515bfffdaed796d7b858f651934
co2,p011_T30_1000ppm_fit,D:\gas_calibrator\_p9_20260705\co2_6old_0620clean_mature45_g4_T30_to_Tm20_finalparams\p011_T30_1000ppm_fit,1000.0,co2_standard_nonzero_point,True,GA05,ga05,005,A_calibration_eligible,ga05_co2_ratio_f,0.0001,0.0005,0.001,10,10,10,within_production_contract,True,True,0aef2770a59bcf5d01004786e1f7b8d6ee05f11807da2747800b75e15fc34d9e,005d1e8d98dc69beb90ceec6e82409e053e097bb2f702c39b5acb93734423462,f273af1878d43ebc461a6e90b726e6dc18e04d53c5eabaa2320200a66ce7fdbe,fd5a29f57372689cb3b47918afbb8461887019884dda68b8d3c498b24336ee10,2ec7445f446676bc26bfdf2022ca9b5e348ef515bfffdaed796d7b858f651934
co2,p011_T30_1000ppm_fit,D:\gas_calibrator\_p9_20260705\co2_6old_0620clean_mature45_g4_T30_to_Tm20_finalparams\p011_T30_1000ppm_fit,1000.0,co2_standard_nonzero_point,True,GA06,ga06,090,A_calibration_eligible,ga06_co2_ratio_f,0.0,0.0005,0.001,10,10,10,within_production_contract,True,True,0aef2770a59bcf5d01004786e1f7b8d6ee05f11807da2747800b75e15fc34d9e,005d1e8d98dc69beb90ceec6e82409e053e097bb2f702c39b5acb93734423462,f273af1878d43ebc461a6e90b726e6dc18e04d53c5eabaa2320200a66ce7fdbe,fd5a29f57372689cb3b47918afbb8461887019884dda68b8d3c498b24336ee10,2ec7445f446676bc26bfdf2022ca9b5e348ef515bfffdaed796d7b858f651934
co2,p012_T20_0ppm_fit,D:\gas_calibrator\_p9_20260705\co2_6old_0620clean_mature45_g4_T30_to_Tm20_finalparams\p012_T20_0ppm_fit,0.0,co2_zero_gas_low_concentration_anchor,True,GA01,ga01,001,A_calibration_eligible,ga01_co2_ratio_f,0.0001,0.0005,0.001,10,10,10,within_production_contract,True,True,7c6c850dc53e4eb47ad713599ac9719f3d2945d59ee0cb6502ad4068d87d5cf9,994b374ecc13334ad13a0d1ea6b8e9f58e62dce139155cb926fce92b79351102,f273af1878d43ebc461a6e90b726e6dc18e04d53c5eabaa2320200a66ce7fdbe,55ddbc8f16ee785ae7afec7694c26a7f5974feb8a02120c7930a657aaf2c75cb,2ec7445f446676bc26bfdf2022ca9b5e348ef515bfffdaed796d7b858f651934
co2,p012_T20_0ppm_fit,D:\gas_calibrator\_p9_20260705\co2_6old_0620clean_mature45_g4_T30_to_Tm20_finalparams\p012_T20_0ppm_fit,0.0,co2_zero_gas_low_concentration_anchor,True,GA02,ga02,002,A_calibration_eligible,ga02_co2_ratio_f,0.0,0.0005,0.001,10,10,10,within_production_contract,True,True,7c6c850dc53e4eb47ad713599ac9719f3d2945d59ee0cb6502ad4068d87d5cf9,994b374ecc13334ad13a0d1ea6b8e9f58e62dce139155cb926fce92b79351102,f273af1878d43ebc461a6e90b726e6dc18e04d53c5eabaa2320200a66ce7fdbe,55ddbc8f16ee785ae7afec7694c26a7f5974feb8a02120c7930a657aaf2c75cb,2ec7445f446676bc26bfdf2022ca9b5e348ef515bfffdaed796d7b858f651934
co2,p012_T20_0ppm_fit,D:\gas_calibrator\_p9_20260705\co2_6old_0620clean_mature45_g4_T30_to_Tm20_finalparams\p012_T20_0ppm_fit,0.0,co2_zero_gas_low_concentration_anchor,True,GA03,ga03,010,A_calibration_eligible,ga03_co2_ratio_f,0.0,0.0005,0.001,10,10,10,within_production_contract,True,True,7c6c850dc53e4eb47ad713599ac9719f3d2945d59ee0cb6502ad4068d87d5cf9,994b374ecc13334ad13a0d1ea6b8e9f58e62dce139155cb926fce92b79351102,f273af1878d43ebc461a6e90b726e6dc18e04d53c5eabaa2320200a66ce7fdbe,55ddbc8f16ee785ae7afec7694c26a7f5974feb8a02120c7930a657aaf2c75cb,2ec7445f446676bc26bfdf2022ca9b5e348ef515bfffdaed796d7b858f651934
co2,p012_T20_0ppm_fit,D:\gas_calibrator\_p9_20260705\co2_6old_0620clean_mature45_g4_T30_to_Tm20_finalparams\p012_T20_0ppm_fit,0.0,co2_zero_gas_low_concentration_anchor,True,GA04,ga04,076,A_calibration_eligible,ga04_co2_ratio_f,0.0,0.0005,0.001,10,10,10,within_production_contract,True,True,7c6c850dc53e4eb47ad713599ac9719f3d2945d59ee0cb6502ad4068d87d5cf9,994b374ecc13334ad13a0d1ea6b8e9f58e62dce139155cb926fce92b79351102,f273af1878d43ebc461a6e90b726e6dc18e04d53c5eabaa2320200a66ce7fdbe,55ddbc8f16ee785ae7afec7694c26a7f5974feb8a02120c7930a657aaf2c75cb,2ec7445f446676bc26bfdf2022ca9b5e348ef515bfffdaed796d7b858f651934
co2,p012_T20_0ppm_fit,D:\gas_calibrator\_p9_20260705\co2_6old_0620clean_mature45_g4_T30_to_Tm20_finalparams\p012_T20_0ppm_fit,0.0,co2_zero_gas_low_concentration_anchor,True,GA05,ga05,005,A_calibration_eligible,ga05_co2_ratio_f,0.0001,0.0005,0.001,10,10,10,within_production_contract,True,True,7c6c850dc53e4eb47ad713599ac9719f3d2945d59ee0cb6502ad4068d87d5cf9,994b374ecc13334ad13a0d1ea6b8e9f58e62dce139155cb926fce92b79351102,f273af1878d43ebc461a6e90b726e6dc18e04d53c5eabaa2320200a66ce7fdbe,55ddbc8f16ee785ae7afec7694c26a7f5974feb8a02120c7930a657aaf2c75cb,2ec7445f446676bc26bfdf2022ca9b5e348ef515bfffdaed796d7b858f651934
co2,p012_T20_0ppm_fit,D:\gas_calibrator\_p9_20260705\co2_6old_0620clean_mature45_g4_T30_to_Tm20_finalparams\p012_T20_0ppm_fit,0.0,co2_zero_gas_low_concentration_anchor,True,GA06,ga06,090,A_calibration_eligible,ga06_co2_ratio_f,0.0,0.0005,0.001,10,10,10,within_production_contract,True,True,7c6c850dc53e4eb47ad713599ac9719f3d2945d59ee0cb6502ad4068d87d5cf9,994b374ecc13334ad13a0d1ea6b8e9f58e62dce139155cb926fce92b79351102,f273af1878d43ebc461a6e90b726e6dc18e04d53c5eabaa2320200a66ce7fdbe,55ddbc8f16ee785ae7afec7694c26a7f5974feb8a02120c7930a657aaf2c75cb,2ec7445f446676bc26bfdf2022ca9b5e348ef515bfffdaed796d7b858f651934
co2,p013_T20_100ppm_fit,D:\gas_calibrator\_p9_20260705\co2_6old_0620clean_mature45_g4_T30_to_Tm20_finalparams\p013_T20_100ppm_fit,100.0,co2_standard_nonzero_point,True,GA01,ga01,001,A_calibration_eligible,ga01_co2_ratio_f,0.0,0.0005,0.001,10,10,10,within_production_contract,True,True,66c5f165c0f2394eed6ef2247cc7576353ed3e790a3c116748b03e0ecc15e7f0,97c60d1e03b6e7c5898c01ed9933ef5cfb4e33570f747f9b453e83fe2bf52f88,f273af1878d43ebc461a6e90b726e6dc18e04d53c5eabaa2320200a66ce7fdbe,6b78452e01950a17332a0e5b6d655d1cf73eac123b7377325abdeaa34e0da017,2ec7445f446676bc26bfdf2022ca9b5e348ef515bfffdaed796d7b858f651934
co2,p013_T20_100ppm_fit,D:\gas_calibrator\_p9_20260705\co2_6old_0620clean_mature45_g4_T30_to_Tm20_finalparams\p013_T20_100ppm_fit,100.0,co2_standard_nonzero_point,True,GA02,ga02,002,A_calibration_eligible,ga02_co2_ratio_f,0.0001,0.0005,0.001,10,10,10,within_production_contract,True,True,66c5f165c0f2394eed6ef2247cc7576353ed3e790a3c116748b03e0ecc15e7f0,97c60d1e03b6e7c5898c01ed9933ef5cfb4e33570f747f9b453e83fe2bf52f88,f273af1878d43ebc461a6e90b726e6dc18e04d53c5eabaa2320200a66ce7fdbe,6b78452e01950a17332a0e5b6d655d1cf73eac123b7377325abdeaa34e0da017,2ec7445f446676bc26bfdf2022ca9b5e348ef515bfffdaed796d7b858f651934
co2,p013_T20_100ppm_fit,D:\gas_calibrator\_p9_20260705\co2_6old_0620clean_mature45_g4_T30_to_Tm20_finalparams\p013_T20_100ppm_fit,100.0,co2_standard_nonzero_point,True,GA03,ga03,010,A_calibration_eligible,ga03_co2_ratio_f,0.0,0.0005,0.001,10,10,10,within_production_contract,True,True,66c5f165c0f2394eed6ef2247cc7576353ed3e790a3c116748b03e0ecc15e7f0,97c60d1e03b6e7c5898c01ed9933ef5cfb4e33570f747f9b453e83fe2bf52f88,f273af1878d43ebc461a6e90b726e6dc18e04d53c5eabaa2320200a66ce7fdbe,6b78452e01950a17332a0e5b6d655d1cf73eac123b7377325abdeaa34e0da017,2ec7445f446676bc26bfdf2022ca9b5e348ef515bfffdaed796d7b858f651934
co2,p013_T20_100ppm_fit,D:\gas_calibrator\_p9_20260705\co2_6old_0620clean_mature45_g4_T30_to_Tm20_finalparams\p013_T20_100ppm_fit,100.0,co2_standard_nonzero_point,True,GA04,ga04,076,A_calibration_eligible,ga04_co2_ratio_f,0.0,0.0005,0.001,10,10,10,within_production_contract,True,True,66c5f165c0f2394eed6ef2247cc7576353ed3e790a3c116748b03e0ecc15e7f0,97c60d1e03b6e7c5898c01ed9933ef5cfb4e33570f747f9b453e83fe2bf52f88,f273af1878d43ebc461a6e90b726e6dc18e04d53c5eabaa2320200a66ce7fdbe,6b78452e01950a17332a0e5b6d655d1cf73eac123b7377325abdeaa34e0da017,2ec7445f446676bc26bfdf2022ca9b5e348ef515bfffdaed796d7b858f651934
co2,p013_T20_100ppm_fit,D:\gas_calibrator\_p9_20260705\co2_6old_0620clean_mature45_g4_T30_to_Tm20_finalparams\p013_T20_100ppm_fit,100.0,co2_standard_nonzero_point,True,GA05,ga05,005,A_calibration_eligible,ga05_co2_ratio_f,0.0,0.0005,0.001,10,10,10,within_production_contract,True,True,66c5f165c0f2394eed6ef2247cc7576353ed3e790a3c116748b03e0ecc15e7f0,97c60d1e03b6e7c5898c01ed9933ef5cfb4e33570f747f9b453e83fe2bf52f88,f273af1878d43ebc461a6e90b726e6dc18e04d53c5eabaa2320200a66ce7fdbe,6b78452e01950a17332a0e5b6d655d1cf73eac123b7377325abdeaa34e0da017,2ec7445f446676bc26bfdf2022ca9b5e348ef515bfffdaed796d7b858f651934
co2,p013_T20_100ppm_fit,D:\gas_calibrator\_p9_20260705\co2_6old_0620clean_mature45_g4_T30_to_Tm20_finalparams\p013_T20_100ppm_fit,100.0,co2_standard_nonzero_point,True,GA06,ga06,090,A_calibration_eligible,ga06_co2_ratio_f,0.0001,0.0005,0.001,10,10,10,within_production_contract,True,True,66c5f165c0f2394eed6ef2247cc7576353ed3e790a3c116748b03e0ecc15e7f0,97c60d1e03b6e7c5898c01ed9933ef5cfb4e33570f747f9b453e83fe2bf52f88,f273af1878d43ebc461a6e90b726e6dc18e04d53c5eabaa2320200a66ce7fdbe,6b78452e01950a17332a0e5b6d655d1cf73eac123b7377325abdeaa34e0da017,2ec7445f446676bc26bfdf2022ca9b5e348ef515bfffdaed796d7b858f651934
co2,p014_T20_200ppm_fit,D:\gas_calibrator\_p9_20260705\co2_6old_0620clean_mature45_g4_T30_to_Tm20_finalparams\p014_T20_200ppm_fit,200.0,co2_standard_nonzero_point,True,GA01,ga01,001,A_calibration_eligible,ga01_co2_ratio_f,0.0,0.0005,0.001,10,10,10,within_production_contract,True,True,ce03fd2ffeb58d1faecc087b1f0dcaaea0f040aeabd8ddb5e93d3469e935b29a,d2c496162812dc8b95d4fa26282a0cab3ef9a3746bc7c9ce58521dc8973ba78a,f273af1878d43ebc461a6e90b726e6dc18e04d53c5eabaa2320200a66ce7fdbe,19fa1ce178a22ecd7ec8a24e3fb063206cfdf846388e620aea1e359e08db4367,2ec7445f446676bc26bfdf2022ca9b5e348ef515bfffdaed796d7b858f651934
co2,p014_T20_200ppm_fit,D:\gas_calibrator\_p9_20260705\co2_6old_0620clean_mature45_g4_T30_to_Tm20_finalparams\p014_T20_200ppm_fit,200.0,co2_standard_nonzero_point,True,GA02,ga02,002,A_calibration_eligible,ga02_co2_ratio_f,0.0001,0.0005,0.001,10,10,10,within_production_contract,True,True,ce03fd2ffeb58d1faecc087b1f0dcaaea0f040aeabd8ddb5e93d3469e935b29a,d2c496162812dc8b95d4fa26282a0cab3ef9a3746bc7c9ce58521dc8973ba78a,f273af1878d43ebc461a6e90b726e6dc18e04d53c5eabaa2320200a66ce7fdbe,19fa1ce178a22ecd7ec8a24e3fb063206cfdf846388e620aea1e359e08db4367,2ec7445f446676bc26bfdf2022ca9b5e348ef515bfffdaed796d7b858f651934
co2,p014_T20_200ppm_fit,D:\gas_calibrator\_p9_20260705\co2_6old_0620clean_mature45_g4_T30_to_Tm20_finalparams\p014_T20_200ppm_fit,200.0,co2_standard_nonzero_point,True,GA03,ga03,010,A_calibration_eligible,ga03_co2_ratio_f,0.0001,0.0005,0.001,10,10,10,within_production_contract,True,True,ce03fd2ffeb58d1faecc087b1f0dcaaea0f040aeabd8ddb5e93d3469e935b29a,d2c496162812dc8b95d4fa26282a0cab3ef9a3746bc7c9ce58521dc8973ba78a,f273af1878d43ebc461a6e90b726e6dc18e04d53c5eabaa2320200a66ce7fdbe,19fa1ce178a22ecd7ec8a24e3fb063206cfdf846388e620aea1e359e08db4367,2ec7445f446676bc26bfdf2022ca9b5e348ef515bfffdaed796d7b858f651934
co2,p014_T20_200ppm_fit,D:\gas_calibrator\_p9_20260705\co2_6old_0620clean_mature45_g4_T30_to_Tm20_finalparams\p014_T20_200ppm_fit,200.0,co2_standard_nonzero_point,True,GA04,ga04,076,A_calibration_eligible,ga04_co2_ratio_f,0.0,0.0005,0.001,10,10,10,within_production_contract,True,True,ce03fd2ffeb58d1faecc087b1f0dcaaea0f040aeabd8ddb5e93d3469e935b29a,d2c496162812dc8b95d4fa26282a0cab3ef9a3746bc7c9ce58521dc8973ba78a,f273af1878d43ebc461a6e90b726e6dc18e04d53c5eabaa2320200a66ce7fdbe,19fa1ce178a22ecd7ec8a24e3fb063206cfdf846388e620aea1e359e08db4367,2ec7445f446676bc26bfdf2022ca9b5e348ef515bfffdaed796d7b858f651934
co2,p014_T20_200ppm_fit,D:\gas_calibrator\_p9_20260705\co2_6old_0620clean_mature45_g4_T30_to_Tm20_finalparams\p014_T20_200ppm_fit,200.0,co2_standard_nonzero_point,True,GA05,ga05,005,A_calibration_eligible,ga05_co2_ratio_f,0.0001,0.0005,0.001,10,10,10,within_production_contract,True,True,ce03fd2ffeb58d1faecc087b1f0dcaaea0f040aeabd8ddb5e93d3469e935b29a,d2c496162812dc8b95d4fa26282a0cab3ef9a3746bc7c9ce58521dc8973ba78a,f273af1878d43ebc461a6e90b726e6dc18e04d53c5eabaa2320200a66ce7fdbe,19fa1ce178a22ecd7ec8a24e3fb063206cfdf846388e620aea1e359e08db4367,2ec7445f446676bc26bfdf2022ca9b5e348ef515bfffdaed796d7b858f651934
co2,p014_T20_200ppm_fit,D:\gas_calibrator\_p9_20260705\co2_6old_0620clean_mature45_g4_T30_to_Tm20_finalparams\p014_T20_200ppm_fit,200.0,co2_standard_nonzero_point,True,GA06,ga06,090,A_calibration_eligible,ga06_co2_ratio_f,0.0,0.0005,0.001,10,10,10,within_production_contract,True,True,ce03fd2ffeb58d1faecc087b1f0dcaaea0f040aeabd8ddb5e93d3469e935b29a,d2c496162812dc8b95d4fa26282a0cab3ef9a3746bc7c9ce58521dc8973ba78a,f273af1878d43ebc461a6e90b726e6dc18e04d53c5eabaa2320200a66ce7fdbe,19fa1ce178a22ecd7ec8a24e3fb063206cfdf846388e620aea1e359e08db4367,2ec7445f446676bc26bfdf2022ca9b5e348ef515bfffdaed796d7b858f651934
co2,p015_T20_300ppm_fit_retry1,D:\gas_calibrator\_p9_20260705\co2_6old_0620clean_mature45_g5_T20_300_retry_finalparams\p015_T20_300ppm_fit_retry1,300.0,co2_standard_nonzero_point,True,GA01,ga01,001,A_calibration_eligible,ga01_co2_ratio_f,0.0001,0.0005,0.001,10,10,10,within_production_contract,True,True,9bc9765a7560c025cf64beff41b0a02617724b89f59b3862eb41d0b04c802880,ba40354b5b0954889844de00b3a117b9ed23222889d455818c3a1a3bad1747ee,7e5852ce0a900af37b71e8079bc6b5eabaa50935127ecf6d3520b00e10d009c7,18b18dc377d2dbecd3ca0ed6d910a218676e37a8faf0bc73272fea28e20eb5e5,2ec7445f446676bc26bfdf2022ca9b5e348ef515bfffdaed796d7b858f651934
co2,p015_T20_300ppm_fit_retry1,D:\gas_calibrator\_p9_20260705\co2_6old_0620clean_mature45_g5_T20_300_retry_finalparams\p015_T20_300ppm_fit_retry1,300.0,co2_standard_nonzero_point,True,GA02,ga02,002,A_calibration_eligible,ga02_co2_ratio_f,0.0001,0.0005,0.001,10,10,10,within_production_contract,True,True,9bc9765a7560c025cf64beff41b0a02617724b89f59b3862eb41d0b04c802880,ba40354b5b0954889844de00b3a117b9ed23222889d455818c3a1a3bad1747ee,7e5852ce0a900af37b71e8079bc6b5eabaa50935127ecf6d3520b00e10d009c7,18b18dc377d2dbecd3ca0ed6d910a218676e37a8faf0bc73272fea28e20eb5e5,2ec7445f446676bc26bfdf2022ca9b5e348ef515bfffdaed796d7b858f651934
co2,p015_T20_300ppm_fit_retry1,D:\gas_calibrator\_p9_20260705\co2_6old_0620clean_mature45_g5_T20_300_retry_finalparams\p015_T20_300ppm_fit_retry1,300.0,co2_standard_nonzero_point,True,GA03,ga03,010,A_calibration_eligible,ga03_co2_ratio_f,0.0001,0.0005,0.001,10,10,10,within_production_contract,True,True,9bc9765a7560c025cf64beff41b0a02617724b89f59b3862eb41d0b04c802880,ba40354b5b0954889844de00b3a117b9ed23222889d455818c3a1a3bad1747ee,7e5852ce0a900af37b71e8079bc6b5eabaa50935127ecf6d3520b00e10d009c7,18b18dc377d2dbecd3ca0ed6d910a218676e37a8faf0bc73272fea28e20eb5e5,2ec7445f446676bc26bfdf2022ca9b5e348ef515bfffdaed796d7b858f651934
co2,p015_T20_300ppm_fit_retry1,D:\gas_calibrator\_p9_20260705\co2_6old_0620clean_mature45_g5_T20_300_retry_finalparams\p015_T20_300ppm_fit_retry1,300.0,co2_standard_nonzero_point,True,GA04,ga04,076,A_calibration_eligible,ga04_co2_ratio_f,0.0,0.0005,0.001,10,10,10,within_production_contract,True,True,9bc9765a7560c025cf64beff41b0a02617724b89f59b3862eb41d0b04c802880,ba40354b5b0954889844de00b3a117b9ed23222889d455818c3a1a3bad1747ee,7e5852ce0a900af37b71e8079bc6b5eabaa50935127ecf6d3520b00e10d009c7,18b18dc377d2dbecd3ca0ed6d910a218676e37a8faf0bc73272fea28e20eb5e5,2ec7445f446676bc26bfdf2022ca9b5e348ef515bfffdaed796d7b858f651934
co2,p015_T20_300ppm_fit_retry1,D:\gas_calibrator\_p9_20260705\co2_6old_0620clean_mature45_g5_T20_300_retry_finalparams\p015_T20_300ppm_fit_retry1,300.0,co2_standard_nonzero_point,True,GA05,ga05,005,A_calibration_eligible,ga05_co2_ratio_f,0.0,0.0005,0.001,10,10,10,within_production_contract,True,True,9bc9765a7560c025cf64beff41b0a02617724b89f59b3862eb41d0b04c802880,ba40354b5b0954889844de00b3a117b9ed23222889d455818c3a1a3bad1747ee,7e5852ce0a900af37b71e8079bc6b5eabaa50935127ecf6d3520b00e10d009c7,18b18dc377d2dbecd3ca0ed6d910a218676e37a8faf0bc73272fea28e20eb5e5,2ec7445f446676bc26bfdf2022ca9b5e348ef515bfffdaed796d7b858f651934
co2,p015_T20_300ppm_fit_retry1,D:\gas_calibrator\_p9_20260705\co2_6old_0620clean_mature45_g5_T20_300_retry_finalparams\p015_T20_300ppm_fit_retry1,300.0,co2_standard_nonzero_point,True,GA06,ga06,090,A_calibration_eligible,ga06_co2_ratio_f,0.0,0.0005,0.001,10,10,10,within_production_contract,True,True,9bc9765a7560c025cf64beff41b0a02617724b89f59b3862eb41d0b04c802880,ba40354b5b0954889844de00b3a117b9ed23222889d455818c3a1a3bad1747ee,7e5852ce0a900af37b71e8079bc6b5eabaa50935127ecf6d3520b00e10d009c7,18b18dc377d2dbecd3ca0ed6d910a218676e37a8faf0bc73272fea28e20eb5e5,2ec7445f446676bc26bfdf2022ca9b5e348ef515bfffdaed796d7b858f651934
co2,p016_T20_400ppm_fit_retry1,D:\gas_calibrator\_p9_20260705\co2_6old_0620clean_mature45_g7_T20_400_retry_finalparams\p016_T20_400ppm_fit_retry1,400.0,co2_standard_nonzero_point,True,GA01,ga01,001,A_calibration_eligible,ga01_co2_ratio_f,0.0,0.0005,0.001,10,10,10,within_production_contract,True,True,4717feaa9a797742a09b4ff93735e9d1baadce63da7a61cafda8ce71a03115ef,d0550a50569ce55c7b17852f7a00b9e589c58e409d97c62a16af83ce980378a6,61eff7b3b210149151722fa690caf72d94b2c3dfa9f306f09ceb74b27bf9b730,5cd0ba79dfb7f40ba0586ec2ed79db090fc6aef2f31a05a16ae9d4272012518a,2ec7445f446676bc26bfdf2022ca9b5e348ef515bfffdaed796d7b858f651934
co2,p016_T20_400ppm_fit_retry1,D:\gas_calibrator\_p9_20260705\co2_6old_0620clean_mature45_g7_T20_400_retry_finalparams\p016_T20_400ppm_fit_retry1,400.0,co2_standard_nonzero_point,True,GA02,ga02,002,A_calibration_eligible,ga02_co2_ratio_f,0.0001,0.0005,0.001,10,10,10,within_production_contract,True,True,4717feaa9a797742a09b4ff93735e9d1baadce63da7a61cafda8ce71a03115ef,d0550a50569ce55c7b17852f7a00b9e589c58e409d97c62a16af83ce980378a6,61eff7b3b210149151722fa690caf72d94b2c3dfa9f306f09ceb74b27bf9b730,5cd0ba79dfb7f40ba0586ec2ed79db090fc6aef2f31a05a16ae9d4272012518a,2ec7445f446676bc26bfdf2022ca9b5e348ef515bfffdaed796d7b858f651934
co2,p016_T20_400ppm_fit_retry1,D:\gas_calibrator\_p9_20260705\co2_6old_0620clean_mature45_g7_T20_400_retry_finalparams\p016_T20_400ppm_fit_retry1,400.0,co2_standard_nonzero_point,True,GA03,ga03,010,A_calibration_eligible,ga03_co2_ratio_f,0.0,0.0005,0.001,10,10,10,within_production_contract,True,True,4717feaa9a797742a09b4ff93735e9d1baadce63da7a61cafda8ce71a03115ef,d0550a50569ce55c7b17852f7a00b9e589c58e409d97c62a16af83ce980378a6,61eff7b3b210149151722fa690caf72d94b2c3dfa9f306f09ceb74b27bf9b730,5cd0ba79dfb7f40ba0586ec2ed79db090fc6aef2f31a05a16ae9d4272012518a,2ec7445f446676bc26bfdf2022ca9b5e348ef515bfffdaed796d7b858f651934
co2,p016_T20_400ppm_fit_retry1,D:\gas_calibrator\_p9_20260705\co2_6old_0620clean_mature45_g7_T20_400_retry_finalparams\p016_T20_400ppm_fit_retry1,400.0,co2_standard_nonzero_point,True,GA04,ga04,076,A_calibration_eligible,ga04_co2_ratio_f,0.0,0.0005,0.001,10,10,10,within_production_contract,True,True,4717feaa9a797742a09b4ff93735e9d1baadce63da7a61cafda8ce71a03115ef,d0550a50569ce55c7b17852f7a00b9e589c58e409d97c62a16af83ce980378a6,61eff7b3b210149151722fa690caf72d94b2c3dfa9f306f09ceb74b27bf9b730,5cd0ba79dfb7f40ba0586ec2ed79db090fc6aef2f31a05a16ae9d4272012518a,2ec7445f446676bc26bfdf2022ca9b5e348ef515bfffdaed796d7b858f651934
co2,p016_T20_400ppm_fit_retry1,D:\gas_calibrator\_p9_20260705\co2_6old_0620clean_mature45_g7_T20_400_retry_finalparams\p016_T20_400ppm_fit_retry1,400.0,co2_standard_nonzero_point,True,GA05,ga05,005,A_calibration_eligible,ga05_co2_ratio_f,0.0,0.0005,0.001,10,10,10,within_production_contract,True,True,4717feaa9a797742a09b4ff93735e9d1baadce63da7a61cafda8ce71a03115ef,d0550a50569ce55c7b17852f7a00b9e589c58e409d97c62a16af83ce980378a6,61eff7b3b210149151722fa690caf72d94b2c3dfa9f306f09ceb74b27bf9b730,5cd0ba79dfb7f40ba0586ec2ed79db090fc6aef2f31a05a16ae9d4272012518a,2ec7445f446676bc26bfdf2022ca9b5e348ef515bfffdaed796d7b858f651934
co2,p016_T20_400ppm_fit_retry1,D:\gas_calibrator\_p9_20260705\co2_6old_0620clean_mature45_g7_T20_400_retry_finalparams\p016_T20_400ppm_fit_retry1,400.0,co2_standard_nonzero_point,True,GA06,ga06,090,A_calibration_eligible,ga06_co2_ratio_f,0.0,0.0005,0.001,10,10,10,within_production_contract,True,True,4717feaa9a797742a09b4ff93735e9d1baadce63da7a61cafda8ce71a03115ef,d0550a50569ce55c7b17852f7a00b9e589c58e409d97c62a16af83ce980378a6,61eff7b3b210149151722fa690caf72d94b2c3dfa9f306f09ceb74b27bf9b730,5cd0ba79dfb7f40ba0586ec2ed79db090fc6aef2f31a05a16ae9d4272012518a,2ec7445f446676bc26bfdf2022ca9b5e348ef515bfffdaed796d7b858f651934
co2,p017_T20_500ppm_fit_retry1,D:\gas_calibrator\_p9_20260705\co2_6old_0620clean_mature45_g8c_T20_500_direct_240purge_finalparams\p017_T20_500ppm_fit_retry1,500.0,co2_standard_nonzero_point,True,GA01,ga01,001,A_calibration_eligible,ga01_co2_ratio_f,0.0,0.0005,0.001,10,10,10,within_production_contract,True,True,554125e6f9294a623ff6e1955d89ca1e601d69a83eba614b9f4a4130a66e44b4,b07a4fe81d6aa029072227f101b9eeb3fdf8d829afab37193cc014644f404594,e69b15646580733ee9cef19e0335caafdaf7c5a4d3088119004850f2366b5467,15475d9d7ffda6057a0a4961a7ee7f4bdced0ac6b629727410ddec29664213a9,2ec7445f446676bc26bfdf2022ca9b5e348ef515bfffdaed796d7b858f651934
co2,p017_T20_500ppm_fit_retry1,D:\gas_calibrator\_p9_20260705\co2_6old_0620clean_mature45_g8c_T20_500_direct_240purge_finalparams\p017_T20_500ppm_fit_retry1,500.0,co2_standard_nonzero_point,True,GA02,ga02,002,A_calibration_eligible,ga02_co2_ratio_f,0.0,0.0005,0.001,10,10,10,within_production_contract,True,True,554125e6f9294a623ff6e1955d89ca1e601d69a83eba614b9f4a4130a66e44b4,b07a4fe81d6aa029072227f101b9eeb3fdf8d829afab37193cc014644f404594,e69b15646580733ee9cef19e0335caafdaf7c5a4d3088119004850f2366b5467,15475d9d7ffda6057a0a4961a7ee7f4bdced0ac6b629727410ddec29664213a9,2ec7445f446676bc26bfdf2022ca9b5e348ef515bfffdaed796d7b858f651934
co2,p017_T20_500ppm_fit_retry1,D:\gas_calibrator\_p9_20260705\co2_6old_0620clean_mature45_g8c_T20_500_direct_240purge_finalparams\p017_T20_500ppm_fit_retry1,500.0,co2_standard_nonzero_point,True,GA03,ga03,010,A_calibration_eligible,ga03_co2_ratio_f,0.0,0.0005,0.001,10,10,10,within_production_contract,True,True,554125e6f9294a623ff6e1955d89ca1e601d69a83eba614b9f4a4130a66e44b4,b07a4fe81d6aa029072227f101b9eeb3fdf8d829afab37193cc014644f404594,e69b15646580733ee9cef19e0335caafdaf7c5a4d3088119004850f2366b5467,15475d9d7ffda6057a0a4961a7ee7f4bdced0ac6b629727410ddec29664213a9,2ec7445f446676bc26bfdf2022ca9b5e348ef515bfffdaed796d7b858f651934
co2,p017_T20_500ppm_fit_retry1,D:\gas_calibrator\_p9_20260705\co2_6old_0620clean_mature45_g8c_T20_500_direct_240purge_finalparams\p017_T20_500ppm_fit_retry1,500.0,co2_standard_nonzero_point,True,GA04,ga04,076,A_calibration_eligible,ga04_co2_ratio_f,0.0,0.0005,0.001,10,10,10,within_production_contract,True,True,554125e6f9294a623ff6e1955d89ca1e601d69a83eba614b9f4a4130a66e44b4,b07a4fe81d6aa029072227f101b9eeb3fdf8d829afab37193cc014644f404594,e69b15646580733ee9cef19e0335caafdaf7c5a4d3088119004850f2366b5467,15475d9d7ffda6057a0a4961a7ee7f4bdced0ac6b629727410ddec29664213a9,2ec7445f446676bc26bfdf2022ca9b5e348ef515bfffdaed796d7b858f651934
co2,p017_T20_500ppm_fit_retry1,D:\gas_calibrator\_p9_20260705\co2_6old_0620clean_mature45_g8c_T20_500_direct_240purge_finalparams\p017_T20_500ppm_fit_retry1,500.0,co2_standard_nonzero_point,True,GA05,ga05,005,A_calibration_eligible,ga05_co2_ratio_f,0.0001,0.0005,0.001,10,10,10,within_production_contract,True,True,554125e6f9294a623ff6e1955d89ca1e601d69a83eba614b9f4a4130a66e44b4,b07a4fe81d6aa029072227f101b9eeb3fdf8d829afab37193cc014644f404594,e69b15646580733ee9cef19e0335caafdaf7c5a4d3088119004850f2366b5467,15475d9d7ffda6057a0a4961a7ee7f4bdced0ac6b629727410ddec29664213a9,2ec7445f446676bc26bfdf2022ca9b5e348ef515bfffdaed796d7b858f651934
co2,p017_T20_500ppm_fit_retry1,D:\gas_calibrator\_p9_20260705\co2_6old_0620clean_mature45_g8c_T20_500_direct_240purge_finalparams\p017_T20_500ppm_fit_retry1,500.0,co2_standard_nonzero_point,True,GA06,ga06,090,A_calibration_eligible,ga06_co2_ratio_f,0.0,0.0005,0.001,10,10,10,within_production_contract,True,True,554125e6f9294a623ff6e1955d89ca1e601d69a83eba614b9f4a4130a66e44b4,b07a4fe81d6aa029072227f101b9eeb3fdf8d829afab37193cc014644f404594,e69b15646580733ee9cef19e0335caafdaf7c5a4d3088119004850f2366b5467,15475d9d7ffda6057a0a4961a7ee7f4bdced0ac6b629727410ddec29664213a9,2ec7445f446676bc26bfdf2022ca9b5e348ef515bfffdaed796d7b858f651934
co2,p018_T20_600ppm_fit_retry1,D:\gas_calibrator\_p9_20260705\co2_6old_0620clean_mature45_g8d_T20_600_direct_240purge_finalparams\p018_T20_600ppm_fit_retry1,600.0,co2_standard_nonzero_point,True,GA01,ga01,001,A_calibration_eligible,ga01_co2_ratio_f,0.0,0.0005,0.001,10,10,10,within_production_contract,True,True,a209f29d88054d4b9d070c75894659f65ccb08fd844655b9e64d75185d32590b,e79796c07040bef361920d98ccda0c08b636f5468d74a6a23116af164634565f,1628d1c6e66a43aadeaa8a40de6f88f0ad3dccd898a4ec105b67bb75819f393e,9925933a48d2924160793173d31f8e3a600f94379f33fc67eff6dfc9fe77ec67,2ec7445f446676bc26bfdf2022ca9b5e348ef515bfffdaed796d7b858f651934
co2,p018_T20_600ppm_fit_retry1,D:\gas_calibrator\_p9_20260705\co2_6old_0620clean_mature45_g8d_T20_600_direct_240purge_finalparams\p018_T20_600ppm_fit_retry1,600.0,co2_standard_nonzero_point,True,GA02,ga02,002,A_calibration_eligible,ga02_co2_ratio_f,0.0,0.0005,0.001,10,10,10,within_production_contract,True,True,a209f29d88054d4b9d070c75894659f65ccb08fd844655b9e64d75185d32590b,e79796c07040bef361920d98ccda0c08b636f5468d74a6a23116af164634565f,1628d1c6e66a43aadeaa8a40de6f88f0ad3dccd898a4ec105b67bb75819f393e,9925933a48d2924160793173d31f8e3a600f94379f33fc67eff6dfc9fe77ec67,2ec7445f446676bc26bfdf2022ca9b5e348ef515bfffdaed796d7b858f651934
co2,p018_T20_600ppm_fit_retry1,D:\gas_calibrator\_p9_20260705\co2_6old_0620clean_mature45_g8d_T20_600_direct_240purge_finalparams\p018_T20_600ppm_fit_retry1,600.0,co2_standard_nonzero_point,True,GA03,ga03,010,A_calibration_eligible,ga03_co2_ratio_f,0.0,0.0005,0.001,10,10,10,within_production_contract,True,True,a209f29d88054d4b9d070c75894659f65ccb08fd844655b9e64d75185d32590b,e79796c07040bef361920d98ccda0c08b636f5468d74a6a23116af164634565f,1628d1c6e66a43aadeaa8a40de6f88f0ad3dccd898a4ec105b67bb75819f393e,9925933a48d2924160793173d31f8e3a600f94379f33fc67eff6dfc9fe77ec67,2ec7445f446676bc26bfdf2022ca9b5e348ef515bfffdaed796d7b858f651934
co2,p018_T20_600ppm_fit_retry1,D:\gas_calibrator\_p9_20260705\co2_6old_0620clean_mature45_g8d_T20_600_direct_240purge_finalparams\p018_T20_600ppm_fit_retry1,600.0,co2_standard_nonzero_point,True,GA04,ga04,076,A_calibration_eligible,ga04_co2_ratio_f,0.0,0.0005,0.001,10,10,10,within_production_contract,True,True,a209f29d88054d4b9d070c75894659f65ccb08fd844655b9e64d75185d32590b,e79796c07040bef361920d98ccda0c08b636f5468d74a6a23116af164634565f,1628d1c6e66a43aadeaa8a40de6f88f0ad3dccd898a4ec105b67bb75819f393e,9925933a48d2924160793173d31f8e3a600f94379f33fc67eff6dfc9fe77ec67,2ec7445f446676bc26bfdf2022ca9b5e348ef515bfffdaed796d7b858f651934
co2,p018_T20_600ppm_fit_retry1,D:\gas_calibrator\_p9_20260705\co2_6old_0620clean_mature45_g8d_T20_600_direct_240purge_finalparams\p018_T20_600ppm_fit_retry1,600.0,co2_standard_nonzero_point,True,GA05,ga05,005,A_calibration_eligible,ga05_co2_ratio_f,0.0,0.0005,0.001,10,10,10,within_production_contract,True,True,a209f29d88054d4b9d070c75894659f65ccb08fd844655b9e64d75185d32590b,e79796c07040bef361920d98ccda0c08b636f5468d74a6a23116af164634565f,1628d1c6e66a43aadeaa8a40de6f88f0ad3dccd898a4ec105b67bb75819f393e,9925933a48d2924160793173d31f8e3a600f94379f33fc67eff6dfc9fe77ec67,2ec7445f446676bc26bfdf2022ca9b5e348ef515bfffdaed796d7b858f651934
co2,p018_T20_600ppm_fit_retry1,D:\gas_calibrator\_p9_20260705\co2_6old_0620clean_mature45_g8d_T20_600_direct_240purge_finalparams\p018_T20_600ppm_fit_retry1,600.0,co2_standard_nonzero_point,True,GA06,ga06,090,A_calibration_eligible,ga06_co2_ratio_f,0.0,0.0005,0.001,10,10,10,within_production_contract,True,True,a209f29d88054d4b9d070c75894659f65ccb08fd844655b9e64d75185d32590b,e79796c07040bef361920d98ccda0c08b636f5468d74a6a23116af164634565f,1628d1c6e66a43aadeaa8a40de6f88f0ad3dccd898a4ec105b67bb75819f393e,9925933a48d2924160793173d31f8e3a600f94379f33fc67eff6dfc9fe77ec67,2ec7445f446676bc26bfdf2022ca9b5e348ef515bfffdaed796d7b858f651934
co2,p019_T20_700ppm_fit_retry1,D:\gas_calibrator\_p9_20260705\co2_6old_0620clean_mature45_g8e_T20_700_direct_240purge_finalparams\p019_T20_700ppm_fit_retry1,700.0,co2_standard_nonzero_point,True,GA01,ga01,001,A_calibration_eligible,ga01_co2_ratio_f,0.0001,0.0005,0.001,10,10,10,within_production_contract,True,True,6f895a30c530be520c14983c2102c6476a9310a63b34f2b79cc30604f4f69c40,2584ddefb33c7482f71d58664d977e8a8ef48ea9c8cfc2cac7d548cbcffbb271,cd33e50575b24001625a0c8e319df7cbf9e3673898144868dd98c057fd17d6ec,a84b0f97b9cb58ffafa5e54cee7789a5eb5225dc88a3e15bcf6112954173fbf9,2ec7445f446676bc26bfdf2022ca9b5e348ef515bfffdaed796d7b858f651934
co2,p019_T20_700ppm_fit_retry1,D:\gas_calibrator\_p9_20260705\co2_6old_0620clean_mature45_g8e_T20_700_direct_240purge_finalparams\p019_T20_700ppm_fit_retry1,700.0,co2_standard_nonzero_point,True,GA02,ga02,002,A_calibration_eligible,ga02_co2_ratio_f,0.0,0.0005,0.001,10,10,10,within_production_contract,True,True,6f895a30c530be520c14983c2102c6476a9310a63b34f2b79cc30604f4f69c40,2584ddefb33c7482f71d58664d977e8a8ef48ea9c8cfc2cac7d548cbcffbb271,cd33e50575b24001625a0c8e319df7cbf9e3673898144868dd98c057fd17d6ec,a84b0f97b9cb58ffafa5e54cee7789a5eb5225dc88a3e15bcf6112954173fbf9,2ec7445f446676bc26bfdf2022ca9b5e348ef515bfffdaed796d7b858f651934
co2,p019_T20_700ppm_fit_retry1,D:\gas_calibrator\_p9_20260705\co2_6old_0620clean_mature45_g8e_T20_700_direct_240purge_finalparams\p019_T20_700ppm_fit_retry1,700.0,co2_standard_nonzero_point,True,GA03,ga03,010,A_calibration_eligible,ga03_co2_ratio_f,0.0001,0.0005,0.001,10,10,10,within_production_contract,True,True,6f895a30c530be520c14983c2102c6476a9310a63b34f2b79cc30604f4f69c40,2584ddefb33c7482f71d58664d977e8a8ef48ea9c8cfc2cac7d548cbcffbb271,cd33e50575b24001625a0c8e319df7cbf9e3673898144868dd98c057fd17d6ec,a84b0f97b9cb58ffafa5e54cee7789a5eb5225dc88a3e15bcf6112954173fbf9,2ec7445f446676bc26bfdf2022ca9b5e348ef515bfffdaed796d7b858f651934
co2,p019_T20_700ppm_fit_retry1,D:\gas_calibrator\_p9_20260705\co2_6old_0620clean_mature45_g8e_T20_700_direct_240purge_finalparams\p019_T20_700ppm_fit_retry1,700.0,co2_standard_nonzero_point,True,GA04,ga04,076,A_calibration_eligible,ga04_co2_ratio_f,0.0,0.0005,0.001,10,10,10,within_production_contract,True,True,6f895a30c530be520c14983c2102c6476a9310a63b34f2b79cc30604f4f69c40,2584ddefb33c7482f71d58664d977e8a8ef48ea9c8cfc2cac7d548cbcffbb271,cd33e50575b24001625a0c8e319df7cbf9e3673898144868dd98c057fd17d6ec,a84b0f97b9cb58ffafa5e54cee7789a5eb5225dc88a3e15bcf6112954173fbf9,2ec7445f446676bc26bfdf2022ca9b5e348ef515bfffdaed796d7b858f651934
co2,p019_T20_700ppm_fit_retry1,D:\gas_calibrator\_p9_20260705\co2_6old_0620clean_mature45_g8e_T20_700_direct_240purge_finalparams\p019_T20_700ppm_fit_retry1,700.0,co2_standard_nonzero_point,True,GA05,ga05,005,A_calibration_eligible,ga05_co2_ratio_f,0.0,0.0005,0.001,10,10,10,within_production_contract,True,True,6f895a30c530be520c14983c2102c6476a9310a63b34f2b79cc30604f4f69c40,2584ddefb33c7482f71d58664d977e8a8ef48ea9c8cfc2cac7d548cbcffbb271,cd33e50575b24001625a0c8e319df7cbf9e3673898144868dd98c057fd17d6ec,a84b0f97b9cb58ffafa5e54cee7789a5eb5225dc88a3e15bcf6112954173fbf9,2ec7445f446676bc26bfdf2022ca9b5e348ef515bfffdaed796d7b858f651934
co2,p019_T20_700ppm_fit_retry1,D:\gas_calibrator\_p9_20260705\co2_6old_0620clean_mature45_g8e_T20_700_direct_240purge_finalparams\p019_T20_700ppm_fit_retry1,700.0,co2_standard_nonzero_point,True,GA06,ga06,090,A_calibration_eligible,ga06_co2_ratio_f,0.0001,0.0005,0.001,10,10,10,within_production_contract,True,True,6f895a30c530be520c14983c2102c6476a9310a63b34f2b79cc30604f4f69c40,2584ddefb33c7482f71d58664d977e8a8ef48ea9c8cfc2cac7d548cbcffbb271,cd33e50575b24001625a0c8e319df7cbf9e3673898144868dd98c057fd17d6ec,a84b0f97b9cb58ffafa5e54cee7789a5eb5225dc88a3e15bcf6112954173fbf9,2ec7445f446676bc26bfdf2022ca9b5e348ef515bfffdaed796d7b858f651934
co2,p020_T20_800ppm_fit_retry1,D:\gas_calibrator\_p9_20260705\co2_6old_0620clean_mature45_g8f_T20_800_direct_240purge_finalparams\p020_T20_800ppm_fit_retry1,800.0,co2_standard_nonzero_point,True,GA01,ga01,001,A_calibration_eligible,ga01_co2_ratio_f,0.0001,0.0005,0.001,10,10,10,within_production_contract,True,True,336912ed0ad2e7e619f0ad8a42c14954a0efb9d3cca3338a076879c86714fa21,42f55f27102714b9b535b8b89efd1533e89b5c9ff3dc35c401ecefe09a4d1ed1,0da5cb7b15f1011f78987de14bde28bc7e36ca54f3979ad3fa695cf5a3773032,48e543b91b646594acdb7d686b22336ed28bd1e2d58a137fa42a8b73c5c93c90,2ec7445f446676bc26bfdf2022ca9b5e348ef515bfffdaed796d7b858f651934
co2,p020_T20_800ppm_fit_retry1,D:\gas_calibrator\_p9_20260705\co2_6old_0620clean_mature45_g8f_T20_800_direct_240purge_finalparams\p020_T20_800ppm_fit_retry1,800.0,co2_standard_nonzero_point,True,GA02,ga02,002,A_calibration_eligible,ga02_co2_ratio_f,0.0,0.0005,0.001,10,10,10,within_production_contract,True,True,336912ed0ad2e7e619f0ad8a42c14954a0efb9d3cca3338a076879c86714fa21,42f55f27102714b9b535b8b89efd1533e89b5c9ff3dc35c401ecefe09a4d1ed1,0da5cb7b15f1011f78987de14bde28bc7e36ca54f3979ad3fa695cf5a3773032,48e543b91b646594acdb7d686b22336ed28bd1e2d58a137fa42a8b73c5c93c90,2ec7445f446676bc26bfdf2022ca9b5e348ef515bfffdaed796d7b858f651934
co2,p020_T20_800ppm_fit_retry1,D:\gas_calibrator\_p9_20260705\co2_6old_0620clean_mature45_g8f_T20_800_direct_240purge_finalparams\p020_T20_800ppm_fit_retry1,800.0,co2_standard_nonzero_point,True,GA03,ga03,010,A_calibration_eligible,ga03_co2_ratio_f,0.0001,0.0005,0.001,10,10,10,within_production_contract,True,True,336912ed0ad2e7e619f0ad8a42c14954a0efb9d3cca3338a076879c86714fa21,42f55f27102714b9b535b8b89efd1533e89b5c9ff3dc35c401ecefe09a4d1ed1,0da5cb7b15f1011f78987de14bde28bc7e36ca54f3979ad3fa695cf5a3773032,48e543b91b646594acdb7d686b22336ed28bd1e2d58a137fa42a8b73c5c93c90,2ec7445f446676bc26bfdf2022ca9b5e348ef515bfffdaed796d7b858f651934
co2,p020_T20_800ppm_fit_retry1,D:\gas_calibrator\_p9_20260705\co2_6old_0620clean_mature45_g8f_T20_800_direct_240purge_finalparams\p020_T20_800ppm_fit_retry1,800.0,co2_standard_nonzero_point,True,GA04,ga04,076,A_calibration_eligible,ga04_co2_ratio_f,0.0,0.0005,0.001,10,10,10,within_production_contract,True,True,336912ed0ad2e7e619f0ad8a42c14954a0efb9d3cca3338a076879c86714fa21,42f55f27102714b9b535b8b89efd1533e89b5c9ff3dc35c401ecefe09a4d1ed1,0da5cb7b15f1011f78987de14bde28bc7e36ca54f3979ad3fa695cf5a3773032,48e543b91b646594acdb7d686b22336ed28bd1e2d58a137fa42a8b73c5c93c90,2ec7445f446676bc26bfdf2022ca9b5e348ef515bfffdaed796d7b858f651934
co2,p020_T20_800ppm_fit_retry1,D:\gas_calibrator\_p9_20260705\co2_6old_0620clean_mature45_g8f_T20_800_direct_240purge_finalparams\p020_T20_800ppm_fit_retry1,800.0,co2_standard_nonzero_point,True,GA05,ga05,005,A_calibration_eligible,ga05_co2_ratio_f,0.0,0.0005,0.001,10,10,10,within_production_contract,True,True,336912ed0ad2e7e619f0ad8a42c14954a0efb9d3cca3338a076879c86714fa21,42f55f27102714b9b535b8b89efd1533e89b5c9ff3dc35c401ecefe09a4d1ed1,0da5cb7b15f1011f78987de14bde28bc7e36ca54f3979ad3fa695cf5a3773032,48e543b91b646594acdb7d686b22336ed28bd1e2d58a137fa42a8b73c5c93c90,2ec7445f446676bc26bfdf2022ca9b5e348ef515bfffdaed796d7b858f651934
co2,p020_T20_800ppm_fit_retry1,D:\gas_calibrator\_p9_20260705\co2_6old_0620clean_mature45_g8f_T20_800_direct_240purge_finalparams\p020_T20_800ppm_fit_retry1,800.0,co2_standard_nonzero_point,True,GA06,ga06,090,A_calibration_eligible,ga06_co2_ratio_f,0.0,0.0005,0.001,10,10,10,within_production_contract,True,True,336912ed0ad2e7e619f0ad8a42c14954a0efb9d3cca3338a076879c86714fa21,42f55f27102714b9b535b8b89efd1533e89b5c9ff3dc35c401ecefe09a4d1ed1,0da5cb7b15f1011f78987de14bde28bc7e36ca54f3979ad3fa695cf5a3773032,48e543b91b646594acdb7d686b22336ed28bd1e2d58a137fa42a8b73c5c93c90,2ec7445f446676bc26bfdf2022ca9b5e348ef515bfffdaed796d7b858f651934
co2,p021_T20_900ppm_fit_retry1,D:\gas_calibrator\_p9_20260705\co2_6old_0620clean_mature45_g8g_T20_900_direct_240purge_finalparams\p021_T20_900ppm_fit_retry1,900.0,co2_standard_nonzero_point,True,GA01,ga01,001,A_calibration_eligible,ga01_co2_ratio_f,0.0,0.0005,0.001,10,10,10,within_production_contract,True,True,0e42b0832fece725fac98088d5b2cebedaff826d8adee66fb4016306a7345582,7287d371348fdafa49402827ada9045eb133404c966421dc2186030dc8934256,88e38e0c55613ded3adda4f5762461fb1ea8101b3a2c549cab4311cf368401db,6129df8518c43821f9a63c4e9e2f37860966cbd604253e52521bd56c63f1f734,2ec7445f446676bc26bfdf2022ca9b5e348ef515bfffdaed796d7b858f651934
co2,p021_T20_900ppm_fit_retry1,D:\gas_calibrator\_p9_20260705\co2_6old_0620clean_mature45_g8g_T20_900_direct_240purge_finalparams\p021_T20_900ppm_fit_retry1,900.0,co2_standard_nonzero_point,True,GA02,ga02,002,A_calibration_eligible,ga02_co2_ratio_f,0.0001,0.0005,0.001,10,10,10,within_production_contract,True,True,0e42b0832fece725fac98088d5b2cebedaff826d8adee66fb4016306a7345582,7287d371348fdafa49402827ada9045eb133404c966421dc2186030dc8934256,88e38e0c55613ded3adda4f5762461fb1ea8101b3a2c549cab4311cf368401db,6129df8518c43821f9a63c4e9e2f37860966cbd604253e52521bd56c63f1f734,2ec7445f446676bc26bfdf2022ca9b5e348ef515bfffdaed796d7b858f651934
co2,p021_T20_900ppm_fit_retry1,D:\gas_calibrator\_p9_20260705\co2_6old_0620clean_mature45_g8g_T20_900_direct_240purge_finalparams\p021_T20_900ppm_fit_retry1,900.0,co2_standard_nonzero_point,True,GA03,ga03,010,A_calibration_eligible,ga03_co2_ratio_f,0.0001,0.0005,0.001,10,10,10,within_production_contract,True,True,0e42b0832fece725fac98088d5b2cebedaff826d8adee66fb4016306a7345582,7287d371348fdafa49402827ada9045eb133404c966421dc2186030dc8934256,88e38e0c55613ded3adda4f5762461fb1ea8101b3a2c549cab4311cf368401db,6129df8518c43821f9a63c4e9e2f37860966cbd604253e52521bd56c63f1f734,2ec7445f446676bc26bfdf2022ca9b5e348ef515bfffdaed796d7b858f651934
co2,p021_T20_900ppm_fit_retry1,D:\gas_calibrator\_p9_20260705\co2_6old_0620clean_mature45_g8g_T20_900_direct_240purge_finalparams\p021_T20_900ppm_fit_retry1,900.0,co2_standard_nonzero_point,True,GA04,ga04,076,A_calibration_eligible,ga04_co2_ratio_f,0.0,0.0005,0.001,10,10,10,within_production_contract,True,True,0e42b0832fece725fac98088d5b2cebedaff826d8adee66fb4016306a7345582,7287d371348fdafa49402827ada9045eb133404c966421dc2186030dc8934256,88e38e0c55613ded3adda4f5762461fb1ea8101b3a2c549cab4311cf368401db,6129df8518c43821f9a63c4e9e2f37860966cbd604253e52521bd56c63f1f734,2ec7445f446676bc26bfdf2022ca9b5e348ef515bfffdaed796d7b858f651934
co2,p021_T20_900ppm_fit_retry1,D:\gas_calibrator\_p9_20260705\co2_6old_0620clean_mature45_g8g_T20_900_direct_240purge_finalparams\p021_T20_900ppm_fit_retry1,900.0,co2_standard_nonzero_point,True,GA05,ga05,005,A_calibration_eligible,ga05_co2_ratio_f,0.0001,0.0005,0.001,10,10,10,within_production_contract,True,True,0e42b0832fece725fac98088d5b2cebedaff826d8adee66fb4016306a7345582,7287d371348fdafa49402827ada9045eb133404c966421dc2186030dc8934256,88e38e0c55613ded3adda4f5762461fb1ea8101b3a2c549cab4311cf368401db,6129df8518c43821f9a63c4e9e2f37860966cbd604253e52521bd56c63f1f734,2ec7445f446676bc26bfdf2022ca9b5e348ef515bfffdaed796d7b858f651934
co2,p021_T20_900ppm_fit_retry1,D:\gas_calibrator\_p9_20260705\co2_6old_0620clean_mature45_g8g_T20_900_direct_240purge_finalparams\p021_T20_900ppm_fit_retry1,900.0,co2_standard_nonzero_point,True,GA06,ga06,090,A_calibration_eligible,ga06_co2_ratio_f,0.0001,0.0005,0.001,10,10,10,within_production_contract,True,True,0e42b0832fece725fac98088d5b2cebedaff826d8adee66fb4016306a7345582,7287d371348fdafa49402827ada9045eb133404c966421dc2186030dc8934256,88e38e0c55613ded3adda4f5762461fb1ea8101b3a2c549cab4311cf368401db,6129df8518c43821f9a63c4e9e2f37860966cbd604253e52521bd56c63f1f734,2ec7445f446676bc26bfdf2022ca9b5e348ef515bfffdaed796d7b858f651934
co2,p022_T20_1000ppm_fit_retry1,D:\gas_calibrator\_p9_20260705\co2_6old_0620clean_mature45_g8h_T20_1000_direct_240purge_finalparams\p022_T20_1000ppm_fit_retry1,1000.0,co2_standard_nonzero_point,True,GA01,ga01,001,A_calibration_eligible,ga01_co2_ratio_f,0.0,0.0005,0.001,10,10,10,within_production_contract,True,True,cef86d586095c7ffa17c562d32a14849bd7aa87ac6dcc71755938f1d1f68828f,005d1e8d98dc69beb90ceec6e82409e053e097bb2f702c39b5acb93734423462,53a93d6ec7184343e5462330312150a4d57d8765c5bd54912332cd656e8c5dbb,faccc74950f6920ce0e28819a29bfb36dad365a226bb1a9bec85a98297d66610,2ec7445f446676bc26bfdf2022ca9b5e348ef515bfffdaed796d7b858f651934
co2,p022_T20_1000ppm_fit_retry1,D:\gas_calibrator\_p9_20260705\co2_6old_0620clean_mature45_g8h_T20_1000_direct_240purge_finalparams\p022_T20_1000ppm_fit_retry1,1000.0,co2_standard_nonzero_point,True,GA02,ga02,002,A_calibration_eligible,ga02_co2_ratio_f,0.0001,0.0005,0.001,10,10,10,within_production_contract,True,True,cef86d586095c7ffa17c562d32a14849bd7aa87ac6dcc71755938f1d1f68828f,005d1e8d98dc69beb90ceec6e82409e053e097bb2f702c39b5acb93734423462,53a93d6ec7184343e5462330312150a4d57d8765c5bd54912332cd656e8c5dbb,faccc74950f6920ce0e28819a29bfb36dad365a226bb1a9bec85a98297d66610,2ec7445f446676bc26bfdf2022ca9b5e348ef515bfffdaed796d7b858f651934
co2,p022_T20_1000ppm_fit_retry1,D:\gas_calibrator\_p9_20260705\co2_6old_0620clean_mature45_g8h_T20_1000_direct_240purge_finalparams\p022_T20_1000ppm_fit_retry1,1000.0,co2_standard_nonzero_point,True,GA03,ga03,010,A_calibration_eligible,ga03_co2_ratio_f,0.0,0.0005,0.001,10,10,10,within_production_contract,True,True,cef86d586095c7ffa17c562d32a14849bd7aa87ac6dcc71755938f1d1f68828f,005d1e8d98dc69beb90ceec6e82409e053e097bb2f702c39b5acb93734423462,53a93d6ec7184343e5462330312150a4d57d8765c5bd54912332cd656e8c5dbb,faccc74950f6920ce0e28819a29bfb36dad365a226bb1a9bec85a98297d66610,2ec7445f446676bc26bfdf2022ca9b5e348ef515bfffdaed796d7b858f651934
co2,p022_T20_1000ppm_fit_retry1,D:\gas_calibrator\_p9_20260705\co2_6old_0620clean_mature45_g8h_T20_1000_direct_240purge_finalparams\p022_T20_1000ppm_fit_retry1,1000.0,co2_standard_nonzero_point,True,GA04,ga04,076,A_calibration_eligible,ga04_co2_ratio_f,0.0,0.0005,0.001,10,10,10,within_production_contract,True,True,cef86d586095c7ffa17c562d32a14849bd7aa87ac6dcc71755938f1d1f68828f,005d1e8d98dc69beb90ceec6e82409e053e097bb2f702c39b5acb93734423462,53a93d6ec7184343e5462330312150a4d57d8765c5bd54912332cd656e8c5dbb,faccc74950f6920ce0e28819a29bfb36dad365a226bb1a9bec85a98297d66610,2ec7445f446676bc26bfdf2022ca9b5e348ef515bfffdaed796d7b858f651934
co2,p022_T20_1000ppm_fit_retry1,D:\gas_calibrator\_p9_20260705\co2_6old_0620clean_mature45_g8h_T20_1000_direct_240purge_finalparams\p022_T20_1000ppm_fit_retry1,1000.0,co2_standard_nonzero_point,True,GA05,ga05,005,A_calibration_eligible,ga05_co2_ratio_f,0.0,0.0005,0.001,10,10,10,within_production_contract,True,True,cef86d586095c7ffa17c562d32a14849bd7aa87ac6dcc71755938f1d1f68828f,005d1e8d98dc69beb90ceec6e82409e053e097bb2f702c39b5acb93734423462,53a93d6ec7184343e5462330312150a4d57d8765c5bd54912332cd656e8c5dbb,faccc74950f6920ce0e28819a29bfb36dad365a226bb1a9bec85a98297d66610,2ec7445f446676bc26bfdf2022ca9b5e348ef515bfffdaed796d7b858f651934
co2,p022_T20_1000ppm_fit_retry1,D:\gas_calibrator\_p9_20260705\co2_6old_0620clean_mature45_g8h_T20_1000_direct_240purge_finalparams\p022_T20_1000ppm_fit_retry1,1000.0,co2_standard_nonzero_point,True,GA06,ga06,090,A_calibration_eligible,ga06_co2_ratio_f,0.0,0.0005,0.001,10,10,10,within_production_contract,True,True,cef86d586095c7ffa17c562d32a14849bd7aa87ac6dcc71755938f1d1f68828f,005d1e8d98dc69beb90ceec6e82409e053e097bb2f702c39b5acb93734423462,53a93d6ec7184343e5462330312150a4d57d8765c5bd54912332cd656e8c5dbb,faccc74950f6920ce0e28819a29bfb36dad365a226bb1a9bec85a98297d66610,2ec7445f446676bc26bfdf2022ca9b5e348ef515bfffdaed796d7b858f651934
co2,p001_T10_0ppm_fit,D:\gas_calibrator\_p9_20260705\co2_6old_0620clean_mature45_g9_T10_to_Tm20_finalparams\p001_T10_0ppm_fit,0.0,co2_zero_gas_low_concentration_anchor,True,GA01,ga01,001,A_calibration_eligible,ga01_co2_ratio_f,0.0,0.0005,0.001,10,10,10,within_production_contract,True,True,6e6c111877d60e143566130802c844a51b5e640781305eb288f84fcf66c1bc3c,994b374ecc13334ad13a0d1ea6b8e9f58e62dce139155cb926fce92b79351102,6ee1c806dfc12049574ca6e4af4cb8a95035bd17503a7f973ef52e8ae826bf78,13ed2978cb89b1f2d023d30449bf8f2af06df4f9fb1a08ae1ea14364a0483b62,2ec7445f446676bc26bfdf2022ca9b5e348ef515bfffdaed796d7b858f651934
co2,p001_T10_0ppm_fit,D:\gas_calibrator\_p9_20260705\co2_6old_0620clean_mature45_g9_T10_to_Tm20_finalparams\p001_T10_0ppm_fit,0.0,co2_zero_gas_low_concentration_anchor,True,GA02,ga02,002,A_calibration_eligible,ga02_co2_ratio_f,0.0002,0.0005,0.001,10,10,10,within_production_contract,True,True,6e6c111877d60e143566130802c844a51b5e640781305eb288f84fcf66c1bc3c,994b374ecc13334ad13a0d1ea6b8e9f58e62dce139155cb926fce92b79351102,6ee1c806dfc12049574ca6e4af4cb8a95035bd17503a7f973ef52e8ae826bf78,13ed2978cb89b1f2d023d30449bf8f2af06df4f9fb1a08ae1ea14364a0483b62,2ec7445f446676bc26bfdf2022ca9b5e348ef515bfffdaed796d7b858f651934
co2,p001_T10_0ppm_fit,D:\gas_calibrator\_p9_20260705\co2_6old_0620clean_mature45_g9_T10_to_Tm20_finalparams\p001_T10_0ppm_fit,0.0,co2_zero_gas_low_concentration_anchor,True,GA03,ga03,010,A_calibration_eligible,ga03_co2_ratio_f,0.0001,0.0005,0.001,10,10,10,within_production_contract,True,True,6e6c111877d60e143566130802c844a51b5e640781305eb288f84fcf66c1bc3c,994b374ecc13334ad13a0d1ea6b8e9f58e62dce139155cb926fce92b79351102,6ee1c806dfc12049574ca6e4af4cb8a95035bd17503a7f973ef52e8ae826bf78,13ed2978cb89b1f2d023d30449bf8f2af06df4f9fb1a08ae1ea14364a0483b62,2ec7445f446676bc26bfdf2022ca9b5e348ef515bfffdaed796d7b858f651934
co2,p001_T10_0ppm_fit,D:\gas_calibrator\_p9_20260705\co2_6old_0620clean_mature45_g9_T10_to_Tm20_finalparams\p001_T10_0ppm_fit,0.0,co2_zero_gas_low_concentration_anchor,True,GA04,ga04,076,A_calibration_eligible,ga04_co2_ratio_f,0.0,0.0005,0.001,10,10,10,within_production_contract,True,True,6e6c111877d60e143566130802c844a51b5e640781305eb288f84fcf66c1bc3c,994b374ecc13334ad13a0d1ea6b8e9f58e62dce139155cb926fce92b79351102,6ee1c806dfc12049574ca6e4af4cb8a95035bd17503a7f973ef52e8ae826bf78,13ed2978cb89b1f2d023d30449bf8f2af06df4f9fb1a08ae1ea14364a0483b62,2ec7445f446676bc26bfdf2022ca9b5e348ef515bfffdaed796d7b858f651934
co2,p001_T10_0ppm_fit,D:\gas_calibrator\_p9_20260705\co2_6old_0620clean_mature45_g9_T10_to_Tm20_finalparams\p001_T10_0ppm_fit,0.0,co2_zero_gas_low_concentration_anchor,True,GA05,ga05,005,A_calibration_eligible,ga05_co2_ratio_f,0.0001,0.0005,0.001,10,10,10,within_production_contract,True,True,6e6c111877d60e143566130802c844a51b5e640781305eb288f84fcf66c1bc3c,994b374ecc13334ad13a0d1ea6b8e9f58e62dce139155cb926fce92b79351102,6ee1c806dfc12049574ca6e4af4cb8a95035bd17503a7f973ef52e8ae826bf78,13ed2978cb89b1f2d023d30449bf8f2af06df4f9fb1a08ae1ea14364a0483b62,2ec7445f446676bc26bfdf2022ca9b5e348ef515bfffdaed796d7b858f651934
co2,p001_T10_0ppm_fit,D:\gas_calibrator\_p9_20260705\co2_6old_0620clean_mature45_g9_T10_to_Tm20_finalparams\p001_T10_0ppm_fit,0.0,co2_zero_gas_low_concentration_anchor,True,GA06,ga06,090,A_calibration_eligible,ga06_co2_ratio_f,0.0,0.0005,0.001,10,10,10,within_production_contract,True,True,6e6c111877d60e143566130802c844a51b5e640781305eb288f84fcf66c1bc3c,994b374ecc13334ad13a0d1ea6b8e9f58e62dce139155cb926fce92b79351102,6ee1c806dfc12049574ca6e4af4cb8a95035bd17503a7f973ef52e8ae826bf78,13ed2978cb89b1f2d023d30449bf8f2af06df4f9fb1a08ae1ea14364a0483b62,2ec7445f446676bc26bfdf2022ca9b5e348ef515bfffdaed796d7b858f651934
co2,p002_T10_100ppm_fit,D:\gas_calibrator\_p9_20260705\co2_6old_0620clean_mature45_g9_T10_to_Tm20_finalparams\p002_T10_100ppm_fit,100.0,co2_standard_nonzero_point,True,GA01,ga01,001,A_calibration_eligible,ga01_co2_ratio_f,0.0,0.0005,0.001,10,10,10,within_production_contract,True,True,ae5a2a5dcc2d288b5b6e6a602460504f7b5767211b86e176083c776ac2607e07,97c60d1e03b6e7c5898c01ed9933ef5cfb4e33570f747f9b453e83fe2bf52f88,6ee1c806dfc12049574ca6e4af4cb8a95035bd17503a7f973ef52e8ae826bf78,28801f2fb703df6e4b6346cf9f43aee10c246de8577a38a33192d5547745e7c0,2ec7445f446676bc26bfdf2022ca9b5e348ef515bfffdaed796d7b858f651934
co2,p002_T10_100ppm_fit,D:\gas_calibrator\_p9_20260705\co2_6old_0620clean_mature45_g9_T10_to_Tm20_finalparams\p002_T10_100ppm_fit,100.0,co2_standard_nonzero_point,True,GA02,ga02,002,A_calibration_eligible,ga02_co2_ratio_f,0.0001,0.0005,0.001,10,10,10,within_production_contract,True,True,ae5a2a5dcc2d288b5b6e6a602460504f7b5767211b86e176083c776ac2607e07,97c60d1e03b6e7c5898c01ed9933ef5cfb4e33570f747f9b453e83fe2bf52f88,6ee1c806dfc12049574ca6e4af4cb8a95035bd17503a7f973ef52e8ae826bf78,28801f2fb703df6e4b6346cf9f43aee10c246de8577a38a33192d5547745e7c0,2ec7445f446676bc26bfdf2022ca9b5e348ef515bfffdaed796d7b858f651934
co2,p002_T10_100ppm_fit,D:\gas_calibrator\_p9_20260705\co2_6old_0620clean_mature45_g9_T10_to_Tm20_finalparams\p002_T10_100ppm_fit,100.0,co2_standard_nonzero_point,True,GA03,ga03,010,A_calibration_eligible,ga03_co2_ratio_f,0.0001,0.0005,0.001,10,10,10,within_production_contract,True,True,ae5a2a5dcc2d288b5b6e6a602460504f7b5767211b86e176083c776ac2607e07,97c60d1e03b6e7c5898c01ed9933ef5cfb4e33570f747f9b453e83fe2bf52f88,6ee1c806dfc12049574ca6e4af4cb8a95035bd17503a7f973ef52e8ae826bf78,28801f2fb703df6e4b6346cf9f43aee10c246de8577a38a33192d5547745e7c0,2ec7445f446676bc26bfdf2022ca9b5e348ef515bfffdaed796d7b858f651934
co2,p002_T10_100ppm_fit,D:\gas_calibrator\_p9_20260705\co2_6old_0620clean_mature45_g9_T10_to_Tm20_finalparams\p002_T10_100ppm_fit,100.0,co2_standard_nonzero_point,True,GA04,ga04,076,A_calibration_eligible,ga04_co2_ratio_f,0.0,0.0005,0.001,10,10,10,within_production_contract,True,True,ae5a2a5dcc2d288b5b6e6a602460504f7b5767211b86e176083c776ac2607e07,97c60d1e03b6e7c5898c01ed9933ef5cfb4e33570f747f9b453e83fe2bf52f88,6ee1c806dfc12049574ca6e4af4cb8a95035bd17503a7f973ef52e8ae826bf78,28801f2fb703df6e4b6346cf9f43aee10c246de8577a38a33192d5547745e7c0,2ec7445f446676bc26bfdf2022ca9b5e348ef515bfffdaed796d7b858f651934
co2,p002_T10_100ppm_fit,D:\gas_calibrator\_p9_20260705\co2_6old_0620clean_mature45_g9_T10_to_Tm20_finalparams\p002_T10_100ppm_fit,100.0,co2_standard_nonzero_point,True,GA05,ga05,005,A_calibration_eligible,ga05_co2_ratio_f,0.0,0.0005,0.001,10,10,10,within_production_contract,True,True,ae5a2a5dcc2d288b5b6e6a602460504f7b5767211b86e176083c776ac2607e07,97c60d1e03b6e7c5898c01ed9933ef5cfb4e33570f747f9b453e83fe2bf52f88,6ee1c806dfc12049574ca6e4af4cb8a95035bd17503a7f973ef52e8ae826bf78,28801f2fb703df6e4b6346cf9f43aee10c246de8577a38a33192d5547745e7c0,2ec7445f446676bc26bfdf2022ca9b5e348ef515bfffdaed796d7b858f651934
co2,p002_T10_100ppm_fit,D:\gas_calibrator\_p9_20260705\co2_6old_0620clean_mature45_g9_T10_to_Tm20_finalparams\p002_T10_100ppm_fit,100.0,co2_standard_nonzero_point,True,GA06,ga06,090,A_calibration_eligible,ga06_co2_ratio_f,0.0,0.0005,0.001,10,10,10,within_production_contract,True,True,ae5a2a5dcc2d288b5b6e6a602460504f7b5767211b86e176083c776ac2607e07,97c60d1e03b6e7c5898c01ed9933ef5cfb4e33570f747f9b453e83fe2bf52f88,6ee1c806dfc12049574ca6e4af4cb8a95035bd17503a7f973ef52e8ae826bf78,28801f2fb703df6e4b6346cf9f43aee10c246de8577a38a33192d5547745e7c0,2ec7445f446676bc26bfdf2022ca9b5e348ef515bfffdaed796d7b858f651934
co2,p003_T10_200ppm_fit,D:\gas_calibrator\_p9_20260705\co2_6old_0620clean_mature45_g9_T10_to_Tm20_finalparams\p003_T10_200ppm_fit,200.0,co2_standard_nonzero_point,True,GA01,ga01,001,A_calibration_eligible,ga01_co2_ratio_f,0.0,0.0005,0.001,10,10,10,within_production_contract,True,True,3d321916d470c931798842520f2467beaed74c8524d9401a5ceb58ff3e1bbe2f,d2c496162812dc8b95d4fa26282a0cab3ef9a3746bc7c9ce58521dc8973ba78a,6ee1c806dfc12049574ca6e4af4cb8a95035bd17503a7f973ef52e8ae826bf78,495aa711785893550ee137543ee4d220dc1153159261fcaf27d9030859f6fdb9,2ec7445f446676bc26bfdf2022ca9b5e348ef515bfffdaed796d7b858f651934
co2,p003_T10_200ppm_fit,D:\gas_calibrator\_p9_20260705\co2_6old_0620clean_mature45_g9_T10_to_Tm20_finalparams\p003_T10_200ppm_fit,200.0,co2_standard_nonzero_point,True,GA02,ga02,002,A_calibration_eligible,ga02_co2_ratio_f,0.0001,0.0005,0.001,10,10,10,within_production_contract,True,True,3d321916d470c931798842520f2467beaed74c8524d9401a5ceb58ff3e1bbe2f,d2c496162812dc8b95d4fa26282a0cab3ef9a3746bc7c9ce58521dc8973ba78a,6ee1c806dfc12049574ca6e4af4cb8a95035bd17503a7f973ef52e8ae826bf78,495aa711785893550ee137543ee4d220dc1153159261fcaf27d9030859f6fdb9,2ec7445f446676bc26bfdf2022ca9b5e348ef515bfffdaed796d7b858f651934
co2,p003_T10_200ppm_fit,D:\gas_calibrator\_p9_20260705\co2_6old_0620clean_mature45_g9_T10_to_Tm20_finalparams\p003_T10_200ppm_fit,200.0,co2_standard_nonzero_point,True,GA03,ga03,010,A_calibration_eligible,ga03_co2_ratio_f,0.0001,0.0005,0.001,10,10,10,within_production_contract,True,True,3d321916d470c931798842520f2467beaed74c8524d9401a5ceb58ff3e1bbe2f,d2c496162812dc8b95d4fa26282a0cab3ef9a3746bc7c9ce58521dc8973ba78a,6ee1c806dfc12049574ca6e4af4cb8a95035bd17503a7f973ef52e8ae826bf78,495aa711785893550ee137543ee4d220dc1153159261fcaf27d9030859f6fdb9,2ec7445f446676bc26bfdf2022ca9b5e348ef515bfffdaed796d7b858f651934
co2,p003_T10_200ppm_fit,D:\gas_calibrator\_p9_20260705\co2_6old_0620clean_mature45_g9_T10_to_Tm20_finalparams\p003_T10_200ppm_fit,200.0,co2_standard_nonzero_point,True,GA04,ga04,076,A_calibration_eligible,ga04_co2_ratio_f,0.0,0.0005,0.001,10,10,10,within_production_contract,True,True,3d321916d470c931798842520f2467beaed74c8524d9401a5ceb58ff3e1bbe2f,d2c496162812dc8b95d4fa26282a0cab3ef9a3746bc7c9ce58521dc8973ba78a,6ee1c806dfc12049574ca6e4af4cb8a95035bd17503a7f973ef52e8ae826bf78,495aa711785893550ee137543ee4d220dc1153159261fcaf27d9030859f6fdb9,2ec7445f446676bc26bfdf2022ca9b5e348ef515bfffdaed796d7b858f651934
co2,p003_T10_200ppm_fit,D:\gas_calibrator\_p9_20260705\co2_6old_0620clean_mature45_g9_T10_to_Tm20_finalparams\p003_T10_200ppm_fit,200.0,co2_standard_nonzero_point,True,GA05,ga05,005,A_calibration_eligible,ga05_co2_ratio_f,0.0,0.0005,0.001,10,10,10,within_production_contract,True,True,3d321916d470c931798842520f2467beaed74c8524d9401a5ceb58ff3e1bbe2f,d2c496162812dc8b95d4fa26282a0cab3ef9a3746bc7c9ce58521dc8973ba78a,6ee1c806dfc12049574ca6e4af4cb8a95035bd17503a7f973ef52e8ae826bf78,495aa711785893550ee137543ee4d220dc1153159261fcaf27d9030859f6fdb9,2ec7445f446676bc26bfdf2022ca9b5e348ef515bfffdaed796d7b858f651934
co2,p003_T10_200ppm_fit,D:\gas_calibrator\_p9_20260705\co2_6old_0620clean_mature45_g9_T10_to_Tm20_finalparams\p003_T10_200ppm_fit,200.0,co2_standard_nonzero_point,True,GA06,ga06,090,A_calibration_eligible,ga06_co2_ratio_f,0.0001,0.0005,0.001,10,10,10,within_production_contract,True,True,3d321916d470c931798842520f2467beaed74c8524d9401a5ceb58ff3e1bbe2f,d2c496162812dc8b95d4fa26282a0cab3ef9a3746bc7c9ce58521dc8973ba78a,6ee1c806dfc12049574ca6e4af4cb8a95035bd17503a7f973ef52e8ae826bf78,495aa711785893550ee137543ee4d220dc1153159261fcaf27d9030859f6fdb9,2ec7445f446676bc26bfdf2022ca9b5e348ef515bfffdaed796d7b858f651934
co2,p004_T10_300ppm_fit,D:\gas_calibrator\_p9_20260705\co2_6old_0620clean_mature45_g9_T10_to_Tm20_finalparams\p004_T10_300ppm_fit,300.0,co2_standard_nonzero_point,True,GA01,ga01,001,A_calibration_eligible,ga01_co2_ratio_f,0.0,0.0005,0.001,10,10,10,within_production_contract,True,True,14095e4f043fcccea86bbd7df06e3623aa563b866770142fbadcf0c9616c300e,ba40354b5b0954889844de00b3a117b9ed23222889d455818c3a1a3bad1747ee,6ee1c806dfc12049574ca6e4af4cb8a95035bd17503a7f973ef52e8ae826bf78,9428cbe10875cfcdc55e7851735bffe89ea9c2ef99d6fe5c09fb839fc9a7187c,2ec7445f446676bc26bfdf2022ca9b5e348ef515bfffdaed796d7b858f651934
co2,p004_T10_300ppm_fit,D:\gas_calibrator\_p9_20260705\co2_6old_0620clean_mature45_g9_T10_to_Tm20_finalparams\p004_T10_300ppm_fit,300.0,co2_standard_nonzero_point,True,GA02,ga02,002,A_calibration_eligible,ga02_co2_ratio_f,0.0001,0.0005,0.001,10,10,10,within_production_contract,True,True,14095e4f043fcccea86bbd7df06e3623aa563b866770142fbadcf0c9616c300e,ba40354b5b0954889844de00b3a117b9ed23222889d455818c3a1a3bad1747ee,6ee1c806dfc12049574ca6e4af4cb8a95035bd17503a7f973ef52e8ae826bf78,9428cbe10875cfcdc55e7851735bffe89ea9c2ef99d6fe5c09fb839fc9a7187c,2ec7445f446676bc26bfdf2022ca9b5e348ef515bfffdaed796d7b858f651934
co2,p004_T10_300ppm_fit,D:\gas_calibrator\_p9_20260705\co2_6old_0620clean_mature45_g9_T10_to_Tm20_finalparams\p004_T10_300ppm_fit,300.0,co2_standard_nonzero_point,True,GA03,ga03,010,A_calibration_eligible,ga03_co2_ratio_f,0.0001,0.0005,0.001,10,10,10,within_production_contract,True,True,14095e4f043fcccea86bbd7df06e3623aa563b866770142fbadcf0c9616c300e,ba40354b5b0954889844de00b3a117b9ed23222889d455818c3a1a3bad1747ee,6ee1c806dfc12049574ca6e4af4cb8a95035bd17503a7f973ef52e8ae826bf78,9428cbe10875cfcdc55e7851735bffe89ea9c2ef99d6fe5c09fb839fc9a7187c,2ec7445f446676bc26bfdf2022ca9b5e348ef515bfffdaed796d7b858f651934
co2,p004_T10_300ppm_fit,D:\gas_calibrator\_p9_20260705\co2_6old_0620clean_mature45_g9_T10_to_Tm20_finalparams\p004_T10_300ppm_fit,300.0,co2_standard_nonzero_point,True,GA04,ga04,076,A_calibration_eligible,ga04_co2_ratio_f,0.0,0.0005,0.001,10,10,10,within_production_contract,True,True,14095e4f043fcccea86bbd7df06e3623aa563b866770142fbadcf0c9616c300e,ba40354b5b0954889844de00b3a117b9ed23222889d455818c3a1a3bad1747ee,6ee1c806dfc12049574ca6e4af4cb8a95035bd17503a7f973ef52e8ae826bf78,9428cbe10875cfcdc55e7851735bffe89ea9c2ef99d6fe5c09fb839fc9a7187c,2ec7445f446676bc26bfdf2022ca9b5e348ef515bfffdaed796d7b858f651934
co2,p004_T10_300ppm_fit,D:\gas_calibrator\_p9_20260705\co2_6old_0620clean_mature45_g9_T10_to_Tm20_finalparams\p004_T10_300ppm_fit,300.0,co2_standard_nonzero_point,True,GA05,ga05,005,A_calibration_eligible,ga05_co2_ratio_f,0.0001,0.0005,0.001,10,10,10,within_production_contract,True,True,14095e4f043fcccea86bbd7df06e3623aa563b866770142fbadcf0c9616c300e,ba40354b5b0954889844de00b3a117b9ed23222889d455818c3a1a3bad1747ee,6ee1c806dfc12049574ca6e4af4cb8a95035bd17503a7f973ef52e8ae826bf78,9428cbe10875cfcdc55e7851735bffe89ea9c2ef99d6fe5c09fb839fc9a7187c,2ec7445f446676bc26bfdf2022ca9b5e348ef515bfffdaed796d7b858f651934
co2,p004_T10_300ppm_fit,D:\gas_calibrator\_p9_20260705\co2_6old_0620clean_mature45_g9_T10_to_Tm20_finalparams\p004_T10_300ppm_fit,300.0,co2_standard_nonzero_point,True,GA06,ga06,090,A_calibration_eligible,ga06_co2_ratio_f,0.0001,0.0005,0.001,10,10,10,within_production_contract,True,True,14095e4f043fcccea86bbd7df06e3623aa563b866770142fbadcf0c9616c300e,ba40354b5b0954889844de00b3a117b9ed23222889d455818c3a1a3bad1747ee,6ee1c806dfc12049574ca6e4af4cb8a95035bd17503a7f973ef52e8ae826bf78,9428cbe10875cfcdc55e7851735bffe89ea9c2ef99d6fe5c09fb839fc9a7187c,2ec7445f446676bc26bfdf2022ca9b5e348ef515bfffdaed796d7b858f651934
co2,p005_T10_400ppm_fit,D:\gas_calibrator\_p9_20260705\co2_6old_0620clean_mature45_g9_T10_to_Tm20_finalparams\p005_T10_400ppm_fit,400.0,co2_standard_nonzero_point,True,GA01,ga01,001,A_calibration_eligible,ga01_co2_ratio_f,0.0,0.0005,0.001,10,10,10,within_production_contract,True,True,b3b7d7016c7441ccb1d0ce893195ce90c945ac7c64cd52d2d3cfac3c5645dc87,d0550a50569ce55c7b17852f7a00b9e589c58e409d97c62a16af83ce980378a6,6ee1c806dfc12049574ca6e4af4cb8a95035bd17503a7f973ef52e8ae826bf78,4e0d11552073aa01bbf5712c8f334106d3733b0263af744817418bcb653f94a8,2ec7445f446676bc26bfdf2022ca9b5e348ef515bfffdaed796d7b858f651934
co2,p005_T10_400ppm_fit,D:\gas_calibrator\_p9_20260705\co2_6old_0620clean_mature45_g9_T10_to_Tm20_finalparams\p005_T10_400ppm_fit,400.0,co2_standard_nonzero_point,True,GA02,ga02,002,A_calibration_eligible,ga02_co2_ratio_f,0.0001,0.0005,0.001,10,10,10,within_production_contract,True,True,b3b7d7016c7441ccb1d0ce893195ce90c945ac7c64cd52d2d3cfac3c5645dc87,d0550a50569ce55c7b17852f7a00b9e589c58e409d97c62a16af83ce980378a6,6ee1c806dfc12049574ca6e4af4cb8a95035bd17503a7f973ef52e8ae826bf78,4e0d11552073aa01bbf5712c8f334106d3733b0263af744817418bcb653f94a8,2ec7445f446676bc26bfdf2022ca9b5e348ef515bfffdaed796d7b858f651934
co2,p005_T10_400ppm_fit,D:\gas_calibrator\_p9_20260705\co2_6old_0620clean_mature45_g9_T10_to_Tm20_finalparams\p005_T10_400ppm_fit,400.0,co2_standard_nonzero_point,True,GA03,ga03,010,A_calibration_eligible,ga03_co2_ratio_f,0.0001,0.0005,0.001,10,10,10,within_production_contract,True,True,b3b7d7016c7441ccb1d0ce893195ce90c945ac7c64cd52d2d3cfac3c5645dc87,d0550a50569ce55c7b17852f7a00b9e589c58e409d97c62a16af83ce980378a6,6ee1c806dfc12049574ca6e4af4cb8a95035bd17503a7f973ef52e8ae826bf78,4e0d11552073aa01bbf5712c8f334106d3733b0263af744817418bcb653f94a8,2ec7445f446676bc26bfdf2022ca9b5e348ef515bfffdaed796d7b858f651934
co2,p005_T10_400ppm_fit,D:\gas_calibrator\_p9_20260705\co2_6old_0620clean_mature45_g9_T10_to_Tm20_finalparams\p005_T10_400ppm_fit,400.0,co2_standard_nonzero_point,True,GA04,ga04,076,A_calibration_eligible,ga04_co2_ratio_f,0.0,0.0005,0.001,10,10,10,within_production_contract,True,True,b3b7d7016c7441ccb1d0ce893195ce90c945ac7c64cd52d2d3cfac3c5645dc87,d0550a50569ce55c7b17852f7a00b9e589c58e409d97c62a16af83ce980378a6,6ee1c806dfc12049574ca6e4af4cb8a95035bd17503a7f973ef52e8ae826bf78,4e0d11552073aa01bbf5712c8f334106d3733b0263af744817418bcb653f94a8,2ec7445f446676bc26bfdf2022ca9b5e348ef515bfffdaed796d7b858f651934
co2,p005_T10_400ppm_fit,D:\gas_calibrator\_p9_20260705\co2_6old_0620clean_mature45_g9_T10_to_Tm20_finalparams\p005_T10_400ppm_fit,400.0,co2_standard_nonzero_point,True,GA05,ga05,005,A_calibration_eligible,ga05_co2_ratio_f,0.0,0.0005,0.001,10,10,10,within_production_contract,True,True,b3b7d7016c7441ccb1d0ce893195ce90c945ac7c64cd52d2d3cfac3c5645dc87,d0550a50569ce55c7b17852f7a00b9e589c58e409d97c62a16af83ce980378a6,6ee1c806dfc12049574ca6e4af4cb8a95035bd17503a7f973ef52e8ae826bf78,4e0d11552073aa01bbf5712c8f334106d3733b0263af744817418bcb653f94a8,2ec7445f446676bc26bfdf2022ca9b5e348ef515bfffdaed796d7b858f651934
co2,p005_T10_400ppm_fit,D:\gas_calibrator\_p9_20260705\co2_6old_0620clean_mature45_g9_T10_to_Tm20_finalparams\p005_T10_400ppm_fit,400.0,co2_standard_nonzero_point,True,GA06,ga06,090,A_calibration_eligible,ga06_co2_ratio_f,0.0001,0.0005,0.001,10,10,10,within_production_contract,True,True,b3b7d7016c7441ccb1d0ce893195ce90c945ac7c64cd52d2d3cfac3c5645dc87,d0550a50569ce55c7b17852f7a00b9e589c58e409d97c62a16af83ce980378a6,6ee1c806dfc12049574ca6e4af4cb8a95035bd17503a7f973ef52e8ae826bf78,4e0d11552073aa01bbf5712c8f334106d3733b0263af744817418bcb653f94a8,2ec7445f446676bc26bfdf2022ca9b5e348ef515bfffdaed796d7b858f651934
co2,p006_T10_500ppm_fit,D:\gas_calibrator\_p9_20260705\co2_6old_0620clean_mature45_g9_T10_to_Tm20_finalparams\p006_T10_500ppm_fit,500.0,co2_standard_nonzero_point,True,GA01,ga01,001,A_calibration_eligible,ga01_co2_ratio_f,0.0,0.0005,0.001,10,10,10,within_production_contract,True,True,45de5f0d6509f571b1f942ab02d80c3110eb05cd068d27d9668fc7b4100f390c,b07a4fe81d6aa029072227f101b9eeb3fdf8d829afab37193cc014644f404594,6ee1c806dfc12049574ca6e4af4cb8a95035bd17503a7f973ef52e8ae826bf78,87e3714492d2f8ac26b2443511d363c4d1365c1dc6f09a36b4f8094e2c776575,2ec7445f446676bc26bfdf2022ca9b5e348ef515bfffdaed796d7b858f651934
co2,p006_T10_500ppm_fit,D:\gas_calibrator\_p9_20260705\co2_6old_0620clean_mature45_g9_T10_to_Tm20_finalparams\p006_T10_500ppm_fit,500.0,co2_standard_nonzero_point,True,GA02,ga02,002,A_calibration_eligible,ga02_co2_ratio_f,0.0001,0.0005,0.001,10,10,10,within_production_contract,True,True,45de5f0d6509f571b1f942ab02d80c3110eb05cd068d27d9668fc7b4100f390c,b07a4fe81d6aa029072227f101b9eeb3fdf8d829afab37193cc014644f404594,6ee1c806dfc12049574ca6e4af4cb8a95035bd17503a7f973ef52e8ae826bf78,87e3714492d2f8ac26b2443511d363c4d1365c1dc6f09a36b4f8094e2c776575,2ec7445f446676bc26bfdf2022ca9b5e348ef515bfffdaed796d7b858f651934
co2,p006_T10_500ppm_fit,D:\gas_calibrator\_p9_20260705\co2_6old_0620clean_mature45_g9_T10_to_Tm20_finalparams\p006_T10_500ppm_fit,500.0,co2_standard_nonzero_point,True,GA03,ga03,010,A_calibration_eligible,ga03_co2_ratio_f,0.0,0.0005,0.001,10,10,10,within_production_contract,True,True,45de5f0d6509f571b1f942ab02d80c3110eb05cd068d27d9668fc7b4100f390c,b07a4fe81d6aa029072227f101b9eeb3fdf8d829afab37193cc014644f404594,6ee1c806dfc12049574ca6e4af4cb8a95035bd17503a7f973ef52e8ae826bf78,87e3714492d2f8ac26b2443511d363c4d1365c1dc6f09a36b4f8094e2c776575,2ec7445f446676bc26bfdf2022ca9b5e348ef515bfffdaed796d7b858f651934
co2,p006_T10_500ppm_fit,D:\gas_calibrator\_p9_20260705\co2_6old_0620clean_mature45_g9_T10_to_Tm20_finalparams\p006_T10_500ppm_fit,500.0,co2_standard_nonzero_point,True,GA04,ga04,076,A_calibration_eligible,ga04_co2_ratio_f,0.0,0.0005,0.001,10,10,10,within_production_contract,True,True,45de5f0d6509f571b1f942ab02d80c3110eb05cd068d27d9668fc7b4100f390c,b07a4fe81d6aa029072227f101b9eeb3fdf8d829afab37193cc014644f404594,6ee1c806dfc12049574ca6e4af4cb8a95035bd17503a7f973ef52e8ae826bf78,87e3714492d2f8ac26b2443511d363c4d1365c1dc6f09a36b4f8094e2c776575,2ec7445f446676bc26bfdf2022ca9b5e348ef515bfffdaed796d7b858f651934
co2,p006_T10_500ppm_fit,D:\gas_calibrator\_p9_20260705\co2_6old_0620clean_mature45_g9_T10_to_Tm20_finalparams\p006_T10_500ppm_fit,500.0,co2_standard_nonzero_point,True,GA05,ga05,005,A_calibration_eligible,ga05_co2_ratio_f,0.0,0.0005,0.001,10,10,10,within_production_contract,True,True,45de5f0d6509f571b1f942ab02d80c3110eb05cd068d27d9668fc7b4100f390c,b07a4fe81d6aa029072227f101b9eeb3fdf8d829afab37193cc014644f404594,6ee1c806dfc12049574ca6e4af4cb8a95035bd17503a7f973ef52e8ae826bf78,87e3714492d2f8ac26b2443511d363c4d1365c1dc6f09a36b4f8094e2c776575,2ec7445f446676bc26bfdf2022ca9b5e348ef515bfffdaed796d7b858f651934
co2,p006_T10_500ppm_fit,D:\gas_calibrator\_p9_20260705\co2_6old_0620clean_mature45_g9_T10_to_Tm20_finalparams\p006_T10_500ppm_fit,500.0,co2_standard_nonzero_point,True,GA06,ga06,090,A_calibration_eligible,ga06_co2_ratio_f,0.0001,0.0005,0.001,10,10,10,within_production_contract,True,True,45de5f0d6509f571b1f942ab02d80c3110eb05cd068d27d9668fc7b4100f390c,b07a4fe81d6aa029072227f101b9eeb3fdf8d829afab37193cc014644f404594,6ee1c806dfc12049574ca6e4af4cb8a95035bd17503a7f973ef52e8ae826bf78,87e3714492d2f8ac26b2443511d363c4d1365c1dc6f09a36b4f8094e2c776575,2ec7445f446676bc26bfdf2022ca9b5e348ef515bfffdaed796d7b858f651934
co2,p007_T10_600ppm_fit,D:\gas_calibrator\_p9_20260705\co2_6old_0620clean_mature45_g9_T10_to_Tm20_finalparams\p007_T10_600ppm_fit,600.0,co2_standard_nonzero_point,True,GA01,ga01,001,A_calibration_eligible,ga01_co2_ratio_f,0.0,0.0005,0.001,10,10,10,within_production_contract,True,True,eb8a3ae73ebc0bff42c78400a094ee5e073ce49bca98b870b0b36f0944c51587,e79796c07040bef361920d98ccda0c08b636f5468d74a6a23116af164634565f,6ee1c806dfc12049574ca6e4af4cb8a95035bd17503a7f973ef52e8ae826bf78,b455db669b4907be32d39b777bcf5abc1b8d2ae151617200e53a1f8a118cf015,2ec7445f446676bc26bfdf2022ca9b5e348ef515bfffdaed796d7b858f651934
co2,p007_T10_600ppm_fit,D:\gas_calibrator\_p9_20260705\co2_6old_0620clean_mature45_g9_T10_to_Tm20_finalparams\p007_T10_600ppm_fit,600.0,co2_standard_nonzero_point,True,GA02,ga02,002,A_calibration_eligible,ga02_co2_ratio_f,0.0001,0.0005,0.001,10,10,10,within_production_contract,True,True,eb8a3ae73ebc0bff42c78400a094ee5e073ce49bca98b870b0b36f0944c51587,e79796c07040bef361920d98ccda0c08b636f5468d74a6a23116af164634565f,6ee1c806dfc12049574ca6e4af4cb8a95035bd17503a7f973ef52e8ae826bf78,b455db669b4907be32d39b777bcf5abc1b8d2ae151617200e53a1f8a118cf015,2ec7445f446676bc26bfdf2022ca9b5e348ef515bfffdaed796d7b858f651934
co2,p007_T10_600ppm_fit,D:\gas_calibrator\_p9_20260705\co2_6old_0620clean_mature45_g9_T10_to_Tm20_finalparams\p007_T10_600ppm_fit,600.0,co2_standard_nonzero_point,True,GA03,ga03,010,A_calibration_eligible,ga03_co2_ratio_f,0.0001,0.0005,0.001,10,10,10,within_production_contract,True,True,eb8a3ae73ebc0bff42c78400a094ee5e073ce49bca98b870b0b36f0944c51587,e79796c07040bef361920d98ccda0c08b636f5468d74a6a23116af164634565f,6ee1c806dfc12049574ca6e4af4cb8a95035bd17503a7f973ef52e8ae826bf78,b455db669b4907be32d39b777bcf5abc1b8d2ae151617200e53a1f8a118cf015,2ec7445f446676bc26bfdf2022ca9b5e348ef515bfffdaed796d7b858f651934
co2,p007_T10_600ppm_fit,D:\gas_calibrator\_p9_20260705\co2_6old_0620clean_mature45_g9_T10_to_Tm20_finalparams\p007_T10_600ppm_fit,600.0,co2_standard_nonzero_point,True,GA04,ga04,076,A_calibration_eligible,ga04_co2_ratio_f,0.0,0.0005,0.001,10,10,10,within_production_contract,True,True,eb8a3ae73ebc0bff42c78400a094ee5e073ce49bca98b870b0b36f0944c51587,e79796c07040bef361920d98ccda0c08b636f5468d74a6a23116af164634565f,6ee1c806dfc12049574ca6e4af4cb8a95035bd17503a7f973ef52e8ae826bf78,b455db669b4907be32d39b777bcf5abc1b8d2ae151617200e53a1f8a118cf015,2ec7445f446676bc26bfdf2022ca9b5e348ef515bfffdaed796d7b858f651934
co2,p007_T10_600ppm_fit,D:\gas_calibrator\_p9_20260705\co2_6old_0620clean_mature45_g9_T10_to_Tm20_finalparams\p007_T10_600ppm_fit,600.0,co2_standard_nonzero_point,True,GA05,ga05,005,A_calibration_eligible,ga05_co2_ratio_f,0.0001,0.0005,0.001,10,10,10,within_production_contract,True,True,eb8a3ae73ebc0bff42c78400a094ee5e073ce49bca98b870b0b36f0944c51587,e79796c07040bef361920d98ccda0c08b636f5468d74a6a23116af164634565f,6ee1c806dfc12049574ca6e4af4cb8a95035bd17503a7f973ef52e8ae826bf78,b455db669b4907be32d39b777bcf5abc1b8d2ae151617200e53a1f8a118cf015,2ec7445f446676bc26bfdf2022ca9b5e348ef515bfffdaed796d7b858f651934
co2,p007_T10_600ppm_fit,D:\gas_calibrator\_p9_20260705\co2_6old_0620clean_mature45_g9_T10_to_Tm20_finalparams\p007_T10_600ppm_fit,600.0,co2_standard_nonzero_point,True,GA06,ga06,090,A_calibration_eligible,ga06_co2_ratio_f,0.0001,0.0005,0.001,10,10,10,within_production_contract,True,True,eb8a3ae73ebc0bff42c78400a094ee5e073ce49bca98b870b0b36f0944c51587,e79796c07040bef361920d98ccda0c08b636f5468d74a6a23116af164634565f,6ee1c806dfc12049574ca6e4af4cb8a95035bd17503a7f973ef52e8ae826bf78,b455db669b4907be32d39b777bcf5abc1b8d2ae151617200e53a1f8a118cf015,2ec7445f446676bc26bfdf2022ca9b5e348ef515bfffdaed796d7b858f651934
co2,p008_T10_700ppm_fit,D:\gas_calibrator\_p9_20260705\co2_6old_0620clean_mature45_g9_T10_to_Tm20_finalparams\p008_T10_700ppm_fit,700.0,co2_standard_nonzero_point,True,GA01,ga01,001,A_calibration_eligible,ga01_co2_ratio_f,0.0001,0.0005,0.001,10,10,10,within_production_contract,True,True,5a150db73d6c948448b6d147e6a97d0db38fcce41b37d19c92209719a0156e96,2584ddefb33c7482f71d58664d977e8a8ef48ea9c8cfc2cac7d548cbcffbb271,6ee1c806dfc12049574ca6e4af4cb8a95035bd17503a7f973ef52e8ae826bf78,162b8480e1d7ab55a8d529776b7d8cfcf0e5bb1cb7d066810c0f2bc5fb314f38,2ec7445f446676bc26bfdf2022ca9b5e348ef515bfffdaed796d7b858f651934
co2,p008_T10_700ppm_fit,D:\gas_calibrator\_p9_20260705\co2_6old_0620clean_mature45_g9_T10_to_Tm20_finalparams\p008_T10_700ppm_fit,700.0,co2_standard_nonzero_point,True,GA02,ga02,002,A_calibration_eligible,ga02_co2_ratio_f,0.0001,0.0005,0.001,10,10,10,within_production_contract,True,True,5a150db73d6c948448b6d147e6a97d0db38fcce41b37d19c92209719a0156e96,2584ddefb33c7482f71d58664d977e8a8ef48ea9c8cfc2cac7d548cbcffbb271,6ee1c806dfc12049574ca6e4af4cb8a95035bd17503a7f973ef52e8ae826bf78,162b8480e1d7ab55a8d529776b7d8cfcf0e5bb1cb7d066810c0f2bc5fb314f38,2ec7445f446676bc26bfdf2022ca9b5e348ef515bfffdaed796d7b858f651934
co2,p008_T10_700ppm_fit,D:\gas_calibrator\_p9_20260705\co2_6old_0620clean_mature45_g9_T10_to_Tm20_finalparams\p008_T10_700ppm_fit,700.0,co2_standard_nonzero_point,True,GA03,ga03,010,A_calibration_eligible,ga03_co2_ratio_f,0.0001,0.0005,0.001,10,10,10,within_production_contract,True,True,5a150db73d6c948448b6d147e6a97d0db38fcce41b37d19c92209719a0156e96,2584ddefb33c7482f71d58664d977e8a8ef48ea9c8cfc2cac7d548cbcffbb271,6ee1c806dfc12049574ca6e4af4cb8a95035bd17503a7f973ef52e8ae826bf78,162b8480e1d7ab55a8d529776b7d8cfcf0e5bb1cb7d066810c0f2bc5fb314f38,2ec7445f446676bc26bfdf2022ca9b5e348ef515bfffdaed796d7b858f651934
co2,p008_T10_700ppm_fit,D:\gas_calibrator\_p9_20260705\co2_6old_0620clean_mature45_g9_T10_to_Tm20_finalparams\p008_T10_700ppm_fit,700.0,co2_standard_nonzero_point,True,GA04,ga04,076,A_calibration_eligible,ga04_co2_ratio_f,0.0,0.0005,0.001,10,10,10,within_production_contract,True,True,5a150db73d6c948448b6d147e6a97d0db38fcce41b37d19c92209719a0156e96,2584ddefb33c7482f71d58664d977e8a8ef48ea9c8cfc2cac7d548cbcffbb271,6ee1c806dfc12049574ca6e4af4cb8a95035bd17503a7f973ef52e8ae826bf78,162b8480e1d7ab55a8d529776b7d8cfcf0e5bb1cb7d066810c0f2bc5fb314f38,2ec7445f446676bc26bfdf2022ca9b5e348ef515bfffdaed796d7b858f651934
co2,p008_T10_700ppm_fit,D:\gas_calibrator\_p9_20260705\co2_6old_0620clean_mature45_g9_T10_to_Tm20_finalparams\p008_T10_700ppm_fit,700.0,co2_standard_nonzero_point,True,GA05,ga05,005,A_calibration_eligible,ga05_co2_ratio_f,0.0,0.0005,0.001,10,10,10,within_production_contract,True,True,5a150db73d6c948448b6d147e6a97d0db38fcce41b37d19c92209719a0156e96,2584ddefb33c7482f71d58664d977e8a8ef48ea9c8cfc2cac7d548cbcffbb271,6ee1c806dfc12049574ca6e4af4cb8a95035bd17503a7f973ef52e8ae826bf78,162b8480e1d7ab55a8d529776b7d8cfcf0e5bb1cb7d066810c0f2bc5fb314f38,2ec7445f446676bc26bfdf2022ca9b5e348ef515bfffdaed796d7b858f651934
co2,p008_T10_700ppm_fit,D:\gas_calibrator\_p9_20260705\co2_6old_0620clean_mature45_g9_T10_to_Tm20_finalparams\p008_T10_700ppm_fit,700.0,co2_standard_nonzero_point,True,GA06,ga06,090,A_calibration_eligible,ga06_co2_ratio_f,0.0,0.0005,0.001,10,10,10,within_production_contract,True,True,5a150db73d6c948448b6d147e6a97d0db38fcce41b37d19c92209719a0156e96,2584ddefb33c7482f71d58664d977e8a8ef48ea9c8cfc2cac7d548cbcffbb271,6ee1c806dfc12049574ca6e4af4cb8a95035bd17503a7f973ef52e8ae826bf78,162b8480e1d7ab55a8d529776b7d8cfcf0e5bb1cb7d066810c0f2bc5fb314f38,2ec7445f446676bc26bfdf2022ca9b5e348ef515bfffdaed796d7b858f651934
co2,p009_T10_800ppm_fit,D:\gas_calibrator\_p9_20260705\co2_6old_0620clean_mature45_g9_T10_to_Tm20_finalparams\p009_T10_800ppm_fit,800.0,co2_standard_nonzero_point,True,GA01,ga01,001,A_calibration_eligible,ga01_co2_ratio_f,0.0001,0.0005,0.001,10,10,10,within_production_contract,True,True,78d42b545ae5b91d221689d0310949cc9e394df7a413a411c9682be617b59bd2,42f55f27102714b9b535b8b89efd1533e89b5c9ff3dc35c401ecefe09a4d1ed1,6ee1c806dfc12049574ca6e4af4cb8a95035bd17503a7f973ef52e8ae826bf78,30e77e8cb970dc79f23412656f24ae9c876f1b5c540197bcbb7b4a71a915f1a8,2ec7445f446676bc26bfdf2022ca9b5e348ef515bfffdaed796d7b858f651934
co2,p009_T10_800ppm_fit,D:\gas_calibrator\_p9_20260705\co2_6old_0620clean_mature45_g9_T10_to_Tm20_finalparams\p009_T10_800ppm_fit,800.0,co2_standard_nonzero_point,True,GA02,ga02,002,A_calibration_eligible,ga02_co2_ratio_f,0.0,0.0005,0.001,10,10,10,within_production_contract,True,True,78d42b545ae5b91d221689d0310949cc9e394df7a413a411c9682be617b59bd2,42f55f27102714b9b535b8b89efd1533e89b5c9ff3dc35c401ecefe09a4d1ed1,6ee1c806dfc12049574ca6e4af4cb8a95035bd17503a7f973ef52e8ae826bf78,30e77e8cb970dc79f23412656f24ae9c876f1b5c540197bcbb7b4a71a915f1a8,2ec7445f446676bc26bfdf2022ca9b5e348ef515bfffdaed796d7b858f651934
co2,p009_T10_800ppm_fit,D:\gas_calibrator\_p9_20260705\co2_6old_0620clean_mature45_g9_T10_to_Tm20_finalparams\p009_T10_800ppm_fit,800.0,co2_standard_nonzero_point,True,GA03,ga03,010,A_calibration_eligible,ga03_co2_ratio_f,0.0,0.0005,0.001,10,10,10,within_production_contract,True,True,78d42b545ae5b91d221689d0310949cc9e394df7a413a411c9682be617b59bd2,42f55f27102714b9b535b8b89efd1533e89b5c9ff3dc35c401ecefe09a4d1ed1,6ee1c806dfc12049574ca6e4af4cb8a95035bd17503a7f973ef52e8ae826bf78,30e77e8cb970dc79f23412656f24ae9c876f1b5c540197bcbb7b4a71a915f1a8,2ec7445f446676bc26bfdf2022ca9b5e348ef515bfffdaed796d7b858f651934
co2,p009_T10_800ppm_fit,D:\gas_calibrator\_p9_20260705\co2_6old_0620clean_mature45_g9_T10_to_Tm20_finalparams\p009_T10_800ppm_fit,800.0,co2_standard_nonzero_point,True,GA04,ga04,076,A_calibration_eligible,ga04_co2_ratio_f,0.0,0.0005,0.001,10,10,10,within_production_contract,True,True,78d42b545ae5b91d221689d0310949cc9e394df7a413a411c9682be617b59bd2,42f55f27102714b9b535b8b89efd1533e89b5c9ff3dc35c401ecefe09a4d1ed1,6ee1c806dfc12049574ca6e4af4cb8a95035bd17503a7f973ef52e8ae826bf78,30e77e8cb970dc79f23412656f24ae9c876f1b5c540197bcbb7b4a71a915f1a8,2ec7445f446676bc26bfdf2022ca9b5e348ef515bfffdaed796d7b858f651934
co2,p009_T10_800ppm_fit,D:\gas_calibrator\_p9_20260705\co2_6old_0620clean_mature45_g9_T10_to_Tm20_finalparams\p009_T10_800ppm_fit,800.0,co2_standard_nonzero_point,True,GA05,ga05,005,A_calibration_eligible,ga05_co2_ratio_f,0.0,0.0005,0.001,10,10,10,within_production_contract,True,True,78d42b545ae5b91d221689d0310949cc9e394df7a413a411c9682be617b59bd2,42f55f27102714b9b535b8b89efd1533e89b5c9ff3dc35c401ecefe09a4d1ed1,6ee1c806dfc12049574ca6e4af4cb8a95035bd17503a7f973ef52e8ae826bf78,30e77e8cb970dc79f23412656f24ae9c876f1b5c540197bcbb7b4a71a915f1a8,2ec7445f446676bc26bfdf2022ca9b5e348ef515bfffdaed796d7b858f651934
co2,p009_T10_800ppm_fit,D:\gas_calibrator\_p9_20260705\co2_6old_0620clean_mature45_g9_T10_to_Tm20_finalparams\p009_T10_800ppm_fit,800.0,co2_standard_nonzero_point,True,GA06,ga06,090,A_calibration_eligible,ga06_co2_ratio_f,0.0,0.0005,0.001,10,10,10,within_production_contract,True,True,78d42b545ae5b91d221689d0310949cc9e394df7a413a411c9682be617b59bd2,42f55f27102714b9b535b8b89efd1533e89b5c9ff3dc35c401ecefe09a4d1ed1,6ee1c806dfc12049574ca6e4af4cb8a95035bd17503a7f973ef52e8ae826bf78,30e77e8cb970dc79f23412656f24ae9c876f1b5c540197bcbb7b4a71a915f1a8,2ec7445f446676bc26bfdf2022ca9b5e348ef515bfffdaed796d7b858f651934
co2,p010_T10_900ppm_fit,D:\gas_calibrator\_p9_20260705\co2_6old_0620clean_mature45_g9_T10_to_Tm20_finalparams\p010_T10_900ppm_fit,900.0,co2_standard_nonzero_point,True,GA01,ga01,001,A_calibration_eligible,ga01_co2_ratio_f,0.0,0.0005,0.001,10,10,10,within_production_contract,True,True,acd2899d6dcaae2de1babccef51aaf04690215c865fab7d2ab4a7f2be26b5ae3,7287d371348fdafa49402827ada9045eb133404c966421dc2186030dc8934256,6ee1c806dfc12049574ca6e4af4cb8a95035bd17503a7f973ef52e8ae826bf78,a48497f3c9ecf41160672438d15fc23fd49a8fc9e06165d9f1fc1890dac96a48,2ec7445f446676bc26bfdf2022ca9b5e348ef515bfffdaed796d7b858f651934
co2,p010_T10_900ppm_fit,D:\gas_calibrator\_p9_20260705\co2_6old_0620clean_mature45_g9_T10_to_Tm20_finalparams\p010_T10_900ppm_fit,900.0,co2_standard_nonzero_point,True,GA02,ga02,002,A_calibration_eligible,ga02_co2_ratio_f,0.0001,0.0005,0.001,10,10,10,within_production_contract,True,True,acd2899d6dcaae2de1babccef51aaf04690215c865fab7d2ab4a7f2be26b5ae3,7287d371348fdafa49402827ada9045eb133404c966421dc2186030dc8934256,6ee1c806dfc12049574ca6e4af4cb8a95035bd17503a7f973ef52e8ae826bf78,a48497f3c9ecf41160672438d15fc23fd49a8fc9e06165d9f1fc1890dac96a48,2ec7445f446676bc26bfdf2022ca9b5e348ef515bfffdaed796d7b858f651934
co2,p010_T10_900ppm_fit,D:\gas_calibrator\_p9_20260705\co2_6old_0620clean_mature45_g9_T10_to_Tm20_finalparams\p010_T10_900ppm_fit,900.0,co2_standard_nonzero_point,True,GA03,ga03,010,A_calibration_eligible,ga03_co2_ratio_f,0.0,0.0005,0.001,10,10,10,within_production_contract,True,True,acd2899d6dcaae2de1babccef51aaf04690215c865fab7d2ab4a7f2be26b5ae3,7287d371348fdafa49402827ada9045eb133404c966421dc2186030dc8934256,6ee1c806dfc12049574ca6e4af4cb8a95035bd17503a7f973ef52e8ae826bf78,a48497f3c9ecf41160672438d15fc23fd49a8fc9e06165d9f1fc1890dac96a48,2ec7445f446676bc26bfdf2022ca9b5e348ef515bfffdaed796d7b858f651934
co2,p010_T10_900ppm_fit,D:\gas_calibrator\_p9_20260705\co2_6old_0620clean_mature45_g9_T10_to_Tm20_finalparams\p010_T10_900ppm_fit,900.0,co2_standard_nonzero_point,True,GA04,ga04,076,A_calibration_eligible,ga04_co2_ratio_f,0.0,0.0005,0.001,10,10,10,within_production_contract,True,True,acd2899d6dcaae2de1babccef51aaf04690215c865fab7d2ab4a7f2be26b5ae3,7287d371348fdafa49402827ada9045eb133404c966421dc2186030dc8934256,6ee1c806dfc12049574ca6e4af4cb8a95035bd17503a7f973ef52e8ae826bf78,a48497f3c9ecf41160672438d15fc23fd49a8fc9e06165d9f1fc1890dac96a48,2ec7445f446676bc26bfdf2022ca9b5e348ef515bfffdaed796d7b858f651934
co2,p010_T10_900ppm_fit,D:\gas_calibrator\_p9_20260705\co2_6old_0620clean_mature45_g9_T10_to_Tm20_finalparams\p010_T10_900ppm_fit,900.0,co2_standard_nonzero_point,True,GA05,ga05,005,A_calibration_eligible,ga05_co2_ratio_f,0.0001,0.0005,0.001,10,10,10,within_production_contract,True,True,acd2899d6dcaae2de1babccef51aaf04690215c865fab7d2ab4a7f2be26b5ae3,7287d371348fdafa49402827ada9045eb133404c966421dc2186030dc8934256,6ee1c806dfc12049574ca6e4af4cb8a95035bd17503a7f973ef52e8ae826bf78,a48497f3c9ecf41160672438d15fc23fd49a8fc9e06165d9f1fc1890dac96a48,2ec7445f446676bc26bfdf2022ca9b5e348ef515bfffdaed796d7b858f651934
co2,p010_T10_900ppm_fit,D:\gas_calibrator\_p9_20260705\co2_6old_0620clean_mature45_g9_T10_to_Tm20_finalparams\p010_T10_900ppm_fit,900.0,co2_standard_nonzero_point,True,GA06,ga06,090,A_calibration_eligible,ga06_co2_ratio_f,0.0001,0.0005,0.001,10,10,10,within_production_contract,True,True,acd2899d6dcaae2de1babccef51aaf04690215c865fab7d2ab4a7f2be26b5ae3,7287d371348fdafa49402827ada9045eb133404c966421dc2186030dc8934256,6ee1c806dfc12049574ca6e4af4cb8a95035bd17503a7f973ef52e8ae826bf78,a48497f3c9ecf41160672438d15fc23fd49a8fc9e06165d9f1fc1890dac96a48,2ec7445f446676bc26bfdf2022ca9b5e348ef515bfffdaed796d7b858f651934
co2,p011_T10_1000ppm_fit,D:\gas_calibrator\_p9_20260705\co2_6old_0620clean_mature45_g9_T10_to_Tm20_finalparams\p011_T10_1000ppm_fit,1000.0,co2_standard_nonzero_point,True,GA01,ga01,001,A_calibration_eligible,ga01_co2_ratio_f,0.0001,0.0005,0.001,10,10,10,within_production_contract,True,True,46c984c8d395890feeed73392ccb7ad0f8b037c9f02c346eeb4ab5492abcf190,005d1e8d98dc69beb90ceec6e82409e053e097bb2f702c39b5acb93734423462,6ee1c806dfc12049574ca6e4af4cb8a95035bd17503a7f973ef52e8ae826bf78,c7f182f8f1c096b5ea8a5d0f9c8760b48c7056bf95464e31b3b34bf2db43166c,2ec7445f446676bc26bfdf2022ca9b5e348ef515bfffdaed796d7b858f651934
co2,p011_T10_1000ppm_fit,D:\gas_calibrator\_p9_20260705\co2_6old_0620clean_mature45_g9_T10_to_Tm20_finalparams\p011_T10_1000ppm_fit,1000.0,co2_standard_nonzero_point,True,GA02,ga02,002,A_calibration_eligible,ga02_co2_ratio_f,0.0001,0.0005,0.001,10,10,10,within_production_contract,True,True,46c984c8d395890feeed73392ccb7ad0f8b037c9f02c346eeb4ab5492abcf190,005d1e8d98dc69beb90ceec6e82409e053e097bb2f702c39b5acb93734423462,6ee1c806dfc12049574ca6e4af4cb8a95035bd17503a7f973ef52e8ae826bf78,c7f182f8f1c096b5ea8a5d0f9c8760b48c7056bf95464e31b3b34bf2db43166c,2ec7445f446676bc26bfdf2022ca9b5e348ef515bfffdaed796d7b858f651934
co2,p011_T10_1000ppm_fit,D:\gas_calibrator\_p9_20260705\co2_6old_0620clean_mature45_g9_T10_to_Tm20_finalparams\p011_T10_1000ppm_fit,1000.0,co2_standard_nonzero_point,True,GA03,ga03,010,A_calibration_eligible,ga03_co2_ratio_f,0.0,0.0005,0.001,10,10,10,within_production_contract,True,True,46c984c8d395890feeed73392ccb7ad0f8b037c9f02c346eeb4ab5492abcf190,005d1e8d98dc69beb90ceec6e82409e053e097bb2f702c39b5acb93734423462,6ee1c806dfc12049574ca6e4af4cb8a95035bd17503a7f973ef52e8ae826bf78,c7f182f8f1c096b5ea8a5d0f9c8760b48c7056bf95464e31b3b34bf2db43166c,2ec7445f446676bc26bfdf2022ca9b5e348ef515bfffdaed796d7b858f651934
co2,p011_T10_1000ppm_fit,D:\gas_calibrator\_p9_20260705\co2_6old_0620clean_mature45_g9_T10_to_Tm20_finalparams\p011_T10_1000ppm_fit,1000.0,co2_standard_nonzero_point,True,GA04,ga04,076,A_calibration_eligible,ga04_co2_ratio_f,0.0,0.0005,0.001,10,10,10,within_production_contract,True,True,46c984c8d395890feeed73392ccb7ad0f8b037c9f02c346eeb4ab5492abcf190,005d1e8d98dc69beb90ceec6e82409e053e097bb2f702c39b5acb93734423462,6ee1c806dfc12049574ca6e4af4cb8a95035bd17503a7f973ef52e8ae826bf78,c7f182f8f1c096b5ea8a5d0f9c8760b48c7056bf95464e31b3b34bf2db43166c,2ec7445f446676bc26bfdf2022ca9b5e348ef515bfffdaed796d7b858f651934
co2,p011_T10_1000ppm_fit,D:\gas_calibrator\_p9_20260705\co2_6old_0620clean_mature45_g9_T10_to_Tm20_finalparams\p011_T10_1000ppm_fit,1000.0,co2_standard_nonzero_point,True,GA05,ga05,005,A_calibration_eligible,ga05_co2_ratio_f,0.0,0.0005,0.001,10,10,10,within_production_contract,True,True,46c984c8d395890feeed73392ccb7ad0f8b037c9f02c346eeb4ab5492abcf190,005d1e8d98dc69beb90ceec6e82409e053e097bb2f702c39b5acb93734423462,6ee1c806dfc12049574ca6e4af4cb8a95035bd17503a7f973ef52e8ae826bf78,c7f182f8f1c096b5ea8a5d0f9c8760b48c7056bf95464e31b3b34bf2db43166c,2ec7445f446676bc26bfdf2022ca9b5e348ef515bfffdaed796d7b858f651934
co2,p011_T10_1000ppm_fit,D:\gas_calibrator\_p9_20260705\co2_6old_0620clean_mature45_g9_T10_to_Tm20_finalparams\p011_T10_1000ppm_fit,1000.0,co2_standard_nonzero_point,True,GA06,ga06,090,A_calibration_eligible,ga06_co2_ratio_f,0.0,0.0005,0.001,10,10,10,within_production_contract,True,True,46c984c8d395890feeed73392ccb7ad0f8b037c9f02c346eeb4ab5492abcf190,005d1e8d98dc69beb90ceec6e82409e053e097bb2f702c39b5acb93734423462,6ee1c806dfc12049574ca6e4af4cb8a95035bd17503a7f973ef52e8ae826bf78,c7f182f8f1c096b5ea8a5d0f9c8760b48c7056bf95464e31b3b34bf2db43166c,2ec7445f446676bc26bfdf2022ca9b5e348ef515bfffdaed796d7b858f651934
co2,p012_T0_0ppm_fit,D:\gas_calibrator\_p9_20260705\co2_6old_0620clean_mature45_g9_T10_to_Tm20_finalparams\p012_T0_0ppm_fit,0.0,co2_zero_gas_low_concentration_anchor,True,GA01,ga01,001,A_calibration_eligible,ga01_co2_ratio_f,0.0001,0.0005,0.001,10,10,10,within_production_contract,True,True,7c3f00ea777560bf06d7218854b342a5394ebbe2b98ed64bb3db36f16efee551,994b374ecc13334ad13a0d1ea6b8e9f58e62dce139155cb926fce92b79351102,6ee1c806dfc12049574ca6e4af4cb8a95035bd17503a7f973ef52e8ae826bf78,99513fc6ade4103b184e5323b574574a3bfe966c06233307408fc74a980a360f,2ec7445f446676bc26bfdf2022ca9b5e348ef515bfffdaed796d7b858f651934
co2,p012_T0_0ppm_fit,D:\gas_calibrator\_p9_20260705\co2_6old_0620clean_mature45_g9_T10_to_Tm20_finalparams\p012_T0_0ppm_fit,0.0,co2_zero_gas_low_concentration_anchor,True,GA02,ga02,002,A_calibration_eligible,ga02_co2_ratio_f,0.0001,0.0005,0.001,10,10,10,within_production_contract,True,True,7c3f00ea777560bf06d7218854b342a5394ebbe2b98ed64bb3db36f16efee551,994b374ecc13334ad13a0d1ea6b8e9f58e62dce139155cb926fce92b79351102,6ee1c806dfc12049574ca6e4af4cb8a95035bd17503a7f973ef52e8ae826bf78,99513fc6ade4103b184e5323b574574a3bfe966c06233307408fc74a980a360f,2ec7445f446676bc26bfdf2022ca9b5e348ef515bfffdaed796d7b858f651934
co2,p012_T0_0ppm_fit,D:\gas_calibrator\_p9_20260705\co2_6old_0620clean_mature45_g9_T10_to_Tm20_finalparams\p012_T0_0ppm_fit,0.0,co2_zero_gas_low_concentration_anchor,True,GA03,ga03,010,A_calibration_eligible,ga03_co2_ratio_f,0.0001,0.0005,0.001,10,10,10,within_production_contract,True,True,7c3f00ea777560bf06d7218854b342a5394ebbe2b98ed64bb3db36f16efee551,994b374ecc13334ad13a0d1ea6b8e9f58e62dce139155cb926fce92b79351102,6ee1c806dfc12049574ca6e4af4cb8a95035bd17503a7f973ef52e8ae826bf78,99513fc6ade4103b184e5323b574574a3bfe966c06233307408fc74a980a360f,2ec7445f446676bc26bfdf2022ca9b5e348ef515bfffdaed796d7b858f651934
co2,p012_T0_0ppm_fit,D:\gas_calibrator\_p9_20260705\co2_6old_0620clean_mature45_g9_T10_to_Tm20_finalparams\p012_T0_0ppm_fit,0.0,co2_zero_gas_low_concentration_anchor,True,GA04,ga04,076,A_calibration_eligible,ga04_co2_ratio_f,0.0,0.0005,0.001,10,10,10,within_production_contract,True,True,7c3f00ea777560bf06d7218854b342a5394ebbe2b98ed64bb3db36f16efee551,994b374ecc13334ad13a0d1ea6b8e9f58e62dce139155cb926fce92b79351102,6ee1c806dfc12049574ca6e4af4cb8a95035bd17503a7f973ef52e8ae826bf78,99513fc6ade4103b184e5323b574574a3bfe966c06233307408fc74a980a360f,2ec7445f446676bc26bfdf2022ca9b5e348ef515bfffdaed796d7b858f651934
co2,p012_T0_0ppm_fit,D:\gas_calibrator\_p9_20260705\co2_6old_0620clean_mature45_g9_T10_to_Tm20_finalparams\p012_T0_0ppm_fit,0.0,co2_zero_gas_low_concentration_anchor,True,GA05,ga05,005,A_calibration_eligible,ga05_co2_ratio_f,0.0,0.0005,0.001,10,10,10,within_production_contract,True,True,7c3f00ea777560bf06d7218854b342a5394ebbe2b98ed64bb3db36f16efee551,994b374ecc13334ad13a0d1ea6b8e9f58e62dce139155cb926fce92b79351102,6ee1c806dfc12049574ca6e4af4cb8a95035bd17503a7f973ef52e8ae826bf78,99513fc6ade4103b184e5323b574574a3bfe966c06233307408fc74a980a360f,2ec7445f446676bc26bfdf2022ca9b5e348ef515bfffdaed796d7b858f651934
co2,p012_T0_0ppm_fit,D:\gas_calibrator\_p9_20260705\co2_6old_0620clean_mature45_g9_T10_to_Tm20_finalparams\p012_T0_0ppm_fit,0.0,co2_zero_gas_low_concentration_anchor,True,GA06,ga06,090,A_calibration_eligible,ga06_co2_ratio_f,0.0001,0.0005,0.001,10,10,10,within_production_contract,True,True,7c3f00ea777560bf06d7218854b342a5394ebbe2b98ed64bb3db36f16efee551,994b374ecc13334ad13a0d1ea6b8e9f58e62dce139155cb926fce92b79351102,6ee1c806dfc12049574ca6e4af4cb8a95035bd17503a7f973ef52e8ae826bf78,99513fc6ade4103b184e5323b574574a3bfe966c06233307408fc74a980a360f,2ec7445f446676bc26bfdf2022ca9b5e348ef515bfffdaed796d7b858f651934
co2,p013_T0_400ppm_fit,D:\gas_calibrator\_p9_20260705\co2_6old_0620clean_mature45_g9_T10_to_Tm20_finalparams\p013_T0_400ppm_fit,400.0,co2_standard_nonzero_point,True,GA01,ga01,001,A_calibration_eligible,ga01_co2_ratio_f,0.0001,0.0005,0.001,10,10,10,within_production_contract,True,True,6daf7da7fd0fcd6afb3890b28bc9867e936b8a632635e978627aba8aebd9069c,d0550a50569ce55c7b17852f7a00b9e589c58e409d97c62a16af83ce980378a6,6ee1c806dfc12049574ca6e4af4cb8a95035bd17503a7f973ef52e8ae826bf78,0bc21499c2ab2d4d3b8996664291ca7ce244579ab22c36dc3f410eb387bacb01,2ec7445f446676bc26bfdf2022ca9b5e348ef515bfffdaed796d7b858f651934
co2,p013_T0_400ppm_fit,D:\gas_calibrator\_p9_20260705\co2_6old_0620clean_mature45_g9_T10_to_Tm20_finalparams\p013_T0_400ppm_fit,400.0,co2_standard_nonzero_point,True,GA02,ga02,002,A_calibration_eligible,ga02_co2_ratio_f,0.0,0.0005,0.001,10,10,10,within_production_contract,True,True,6daf7da7fd0fcd6afb3890b28bc9867e936b8a632635e978627aba8aebd9069c,d0550a50569ce55c7b17852f7a00b9e589c58e409d97c62a16af83ce980378a6,6ee1c806dfc12049574ca6e4af4cb8a95035bd17503a7f973ef52e8ae826bf78,0bc21499c2ab2d4d3b8996664291ca7ce244579ab22c36dc3f410eb387bacb01,2ec7445f446676bc26bfdf2022ca9b5e348ef515bfffdaed796d7b858f651934
co2,p013_T0_400ppm_fit,D:\gas_calibrator\_p9_20260705\co2_6old_0620clean_mature45_g9_T10_to_Tm20_finalparams\p013_T0_400ppm_fit,400.0,co2_standard_nonzero_point,True,GA03,ga03,010,A_calibration_eligible,ga03_co2_ratio_f,0.0001,0.0005,0.001,10,10,10,within_production_contract,True,True,6daf7da7fd0fcd6afb3890b28bc9867e936b8a632635e978627aba8aebd9069c,d0550a50569ce55c7b17852f7a00b9e589c58e409d97c62a16af83ce980378a6,6ee1c806dfc12049574ca6e4af4cb8a95035bd17503a7f973ef52e8ae826bf78,0bc21499c2ab2d4d3b8996664291ca7ce244579ab22c36dc3f410eb387bacb01,2ec7445f446676bc26bfdf2022ca9b5e348ef515bfffdaed796d7b858f651934
co2,p013_T0_400ppm_fit,D:\gas_calibrator\_p9_20260705\co2_6old_0620clean_mature45_g9_T10_to_Tm20_finalparams\p013_T0_400ppm_fit,400.0,co2_standard_nonzero_point,True,GA04,ga04,076,A_calibration_eligible,ga04_co2_ratio_f,0.0,0.0005,0.001,10,10,10,within_production_contract,True,True,6daf7da7fd0fcd6afb3890b28bc9867e936b8a632635e978627aba8aebd9069c,d0550a50569ce55c7b17852f7a00b9e589c58e409d97c62a16af83ce980378a6,6ee1c806dfc12049574ca6e4af4cb8a95035bd17503a7f973ef52e8ae826bf78,0bc21499c2ab2d4d3b8996664291ca7ce244579ab22c36dc3f410eb387bacb01,2ec7445f446676bc26bfdf2022ca9b5e348ef515bfffdaed796d7b858f651934
co2,p013_T0_400ppm_fit,D:\gas_calibrator\_p9_20260705\co2_6old_0620clean_mature45_g9_T10_to_Tm20_finalparams\p013_T0_400ppm_fit,400.0,co2_standard_nonzero_point,True,GA05,ga05,005,A_calibration_eligible,ga05_co2_ratio_f,0.0001,0.0005,0.001,10,10,10,within_production_contract,True,True,6daf7da7fd0fcd6afb3890b28bc9867e936b8a632635e978627aba8aebd9069c,d0550a50569ce55c7b17852f7a00b9e589c58e409d97c62a16af83ce980378a6,6ee1c806dfc12049574ca6e4af4cb8a95035bd17503a7f973ef52e8ae826bf78,0bc21499c2ab2d4d3b8996664291ca7ce244579ab22c36dc3f410eb387bacb01,2ec7445f446676bc26bfdf2022ca9b5e348ef515bfffdaed796d7b858f651934
co2,p013_T0_400ppm_fit,D:\gas_calibrator\_p9_20260705\co2_6old_0620clean_mature45_g9_T10_to_Tm20_finalparams\p013_T0_400ppm_fit,400.0,co2_standard_nonzero_point,True,GA06,ga06,090,A_calibration_eligible,ga06_co2_ratio_f,0.0,0.0005,0.001,10,10,10,within_production_contract,True,True,6daf7da7fd0fcd6afb3890b28bc9867e936b8a632635e978627aba8aebd9069c,d0550a50569ce55c7b17852f7a00b9e589c58e409d97c62a16af83ce980378a6,6ee1c806dfc12049574ca6e4af4cb8a95035bd17503a7f973ef52e8ae826bf78,0bc21499c2ab2d4d3b8996664291ca7ce244579ab22c36dc3f410eb387bacb01,2ec7445f446676bc26bfdf2022ca9b5e348ef515bfffdaed796d7b858f651934
co2,p014_T0_1000ppm_fit,D:\gas_calibrator\_p9_20260705\co2_6old_0620clean_mature45_g9_T10_to_Tm20_finalparams\p014_T0_1000ppm_fit,1000.0,co2_standard_nonzero_point,True,GA01,ga01,001,A_calibration_eligible,ga01_co2_ratio_f,0.0001,0.0005,0.001,10,10,10,within_production_contract,True,True,85cd3892ac9250d9ec01583267519acf119c5b157a4135cecccc8ef22f09ee53,005d1e8d98dc69beb90ceec6e82409e053e097bb2f702c39b5acb93734423462,6ee1c806dfc12049574ca6e4af4cb8a95035bd17503a7f973ef52e8ae826bf78,1aeb0db42d41b280e89f9a335d5aa0c800f5a1deb4f189925815ad44e348b365,2ec7445f446676bc26bfdf2022ca9b5e348ef515bfffdaed796d7b858f651934
co2,p014_T0_1000ppm_fit,D:\gas_calibrator\_p9_20260705\co2_6old_0620clean_mature45_g9_T10_to_Tm20_finalparams\p014_T0_1000ppm_fit,1000.0,co2_standard_nonzero_point,True,GA02,ga02,002,A_calibration_eligible,ga02_co2_ratio_f,0.0001,0.0005,0.001,10,10,10,within_production_contract,True,True,85cd3892ac9250d9ec01583267519acf119c5b157a4135cecccc8ef22f09ee53,005d1e8d98dc69beb90ceec6e82409e053e097bb2f702c39b5acb93734423462,6ee1c806dfc12049574ca6e4af4cb8a95035bd17503a7f973ef52e8ae826bf78,1aeb0db42d41b280e89f9a335d5aa0c800f5a1deb4f189925815ad44e348b365,2ec7445f446676bc26bfdf2022ca9b5e348ef515bfffdaed796d7b858f651934
co2,p014_T0_1000ppm_fit,D:\gas_calibrator\_p9_20260705\co2_6old_0620clean_mature45_g9_T10_to_Tm20_finalparams\p014_T0_1000ppm_fit,1000.0,co2_standard_nonzero_point,True,GA03,ga03,010,A_calibration_eligible,ga03_co2_ratio_f,0.0001,0.0005,0.001,10,10,10,within_production_contract,True,True,85cd3892ac9250d9ec01583267519acf119c5b157a4135cecccc8ef22f09ee53,005d1e8d98dc69beb90ceec6e82409e053e097bb2f702c39b5acb93734423462,6ee1c806dfc12049574ca6e4af4cb8a95035bd17503a7f973ef52e8ae826bf78,1aeb0db42d41b280e89f9a335d5aa0c800f5a1deb4f189925815ad44e348b365,2ec7445f446676bc26bfdf2022ca9b5e348ef515bfffdaed796d7b858f651934
co2,p014_T0_1000ppm_fit,D:\gas_calibrator\_p9_20260705\co2_6old_0620clean_mature45_g9_T10_to_Tm20_finalparams\p014_T0_1000ppm_fit,1000.0,co2_standard_nonzero_point,True,GA04,ga04,076,A_calibration_eligible,ga04_co2_ratio_f,0.0,0.0005,0.001,10,10,10,within_production_contract,True,True,85cd3892ac9250d9ec01583267519acf119c5b157a4135cecccc8ef22f09ee53,005d1e8d98dc69beb90ceec6e82409e053e097bb2f702c39b5acb93734423462,6ee1c806dfc12049574ca6e4af4cb8a95035bd17503a7f973ef52e8ae826bf78,1aeb0db42d41b280e89f9a335d5aa0c800f5a1deb4f189925815ad44e348b365,2ec7445f446676bc26bfdf2022ca9b5e348ef515bfffdaed796d7b858f651934
co2,p014_T0_1000ppm_fit,D:\gas_calibrator\_p9_20260705\co2_6old_0620clean_mature45_g9_T10_to_Tm20_finalparams\p014_T0_1000ppm_fit,1000.0,co2_standard_nonzero_point,True,GA05,ga05,005,A_calibration_eligible,ga05_co2_ratio_f,0.0,0.0005,0.001,10,10,10,within_production_contract,True,True,85cd3892ac9250d9ec01583267519acf119c5b157a4135cecccc8ef22f09ee53,005d1e8d98dc69beb90ceec6e82409e053e097bb2f702c39b5acb93734423462,6ee1c806dfc12049574ca6e4af4cb8a95035bd17503a7f973ef52e8ae826bf78,1aeb0db42d41b280e89f9a335d5aa0c800f5a1deb4f189925815ad44e348b365,2ec7445f446676bc26bfdf2022ca9b5e348ef515bfffdaed796d7b858f651934
co2,p014_T0_1000ppm_fit,D:\gas_calibrator\_p9_20260705\co2_6old_0620clean_mature45_g9_T10_to_Tm20_finalparams\p014_T0_1000ppm_fit,1000.0,co2_standard_nonzero_point,True,GA06,ga06,090,A_calibration_eligible,ga06_co2_ratio_f,0.0,0.0005,0.001,10,10,10,within_production_contract,True,True,85cd3892ac9250d9ec01583267519acf119c5b157a4135cecccc8ef22f09ee53,005d1e8d98dc69beb90ceec6e82409e053e097bb2f702c39b5acb93734423462,6ee1c806dfc12049574ca6e4af4cb8a95035bd17503a7f973ef52e8ae826bf78,1aeb0db42d41b280e89f9a335d5aa0c800f5a1deb4f189925815ad44e348b365,2ec7445f446676bc26bfdf2022ca9b5e348ef515bfffdaed796d7b858f651934
co2,p015_Tm10_0ppm_fit,D:\gas_calibrator\_p9_20260705\co2_6old_0620clean_mature45_g9_T10_to_Tm20_finalparams\p015_Tm10_0ppm_fit,0.0,co2_zero_gas_low_concentration_anchor,True,GA01,ga01,001,A_calibration_eligible,ga01_co2_ratio_f,0.0001,0.0005,0.001,10,10,10,within_production_contract,True,True,3da016da2c1dcff70e83c9c886c0b67bc9ad12c57ab2cf9839eba3a0ac3760ec,994b374ecc13334ad13a0d1ea6b8e9f58e62dce139155cb926fce92b79351102,6ee1c806dfc12049574ca6e4af4cb8a95035bd17503a7f973ef52e8ae826bf78,f9aab8f63180a938a19495a726be5872adb056e80cb97d200a2d33e2af6e9796,2ec7445f446676bc26bfdf2022ca9b5e348ef515bfffdaed796d7b858f651934
co2,p015_Tm10_0ppm_fit,D:\gas_calibrator\_p9_20260705\co2_6old_0620clean_mature45_g9_T10_to_Tm20_finalparams\p015_Tm10_0ppm_fit,0.0,co2_zero_gas_low_concentration_anchor,True,GA02,ga02,002,A_calibration_eligible,ga02_co2_ratio_f,0.0001,0.0005,0.001,10,10,10,within_production_contract,True,True,3da016da2c1dcff70e83c9c886c0b67bc9ad12c57ab2cf9839eba3a0ac3760ec,994b374ecc13334ad13a0d1ea6b8e9f58e62dce139155cb926fce92b79351102,6ee1c806dfc12049574ca6e4af4cb8a95035bd17503a7f973ef52e8ae826bf78,f9aab8f63180a938a19495a726be5872adb056e80cb97d200a2d33e2af6e9796,2ec7445f446676bc26bfdf2022ca9b5e348ef515bfffdaed796d7b858f651934
co2,p015_Tm10_0ppm_fit,D:\gas_calibrator\_p9_20260705\co2_6old_0620clean_mature45_g9_T10_to_Tm20_finalparams\p015_Tm10_0ppm_fit,0.0,co2_zero_gas_low_concentration_anchor,True,GA03,ga03,010,A_calibration_eligible,ga03_co2_ratio_f,0.0,0.0005,0.001,10,10,10,within_production_contract,True,True,3da016da2c1dcff70e83c9c886c0b67bc9ad12c57ab2cf9839eba3a0ac3760ec,994b374ecc13334ad13a0d1ea6b8e9f58e62dce139155cb926fce92b79351102,6ee1c806dfc12049574ca6e4af4cb8a95035bd17503a7f973ef52e8ae826bf78,f9aab8f63180a938a19495a726be5872adb056e80cb97d200a2d33e2af6e9796,2ec7445f446676bc26bfdf2022ca9b5e348ef515bfffdaed796d7b858f651934
co2,p015_Tm10_0ppm_fit,D:\gas_calibrator\_p9_20260705\co2_6old_0620clean_mature45_g9_T10_to_Tm20_finalparams\p015_Tm10_0ppm_fit,0.0,co2_zero_gas_low_concentration_anchor,True,GA04,ga04,076,A_calibration_eligible,ga04_co2_ratio_f,0.0,0.0005,0.001,10,10,10,within_production_contract,True,True,3da016da2c1dcff70e83c9c886c0b67bc9ad12c57ab2cf9839eba3a0ac3760ec,994b374ecc13334ad13a0d1ea6b8e9f58e62dce139155cb926fce92b79351102,6ee1c806dfc12049574ca6e4af4cb8a95035bd17503a7f973ef52e8ae826bf78,f9aab8f63180a938a19495a726be5872adb056e80cb97d200a2d33e2af6e9796,2ec7445f446676bc26bfdf2022ca9b5e348ef515bfffdaed796d7b858f651934
co2,p015_Tm10_0ppm_fit,D:\gas_calibrator\_p9_20260705\co2_6old_0620clean_mature45_g9_T10_to_Tm20_finalparams\p015_Tm10_0ppm_fit,0.0,co2_zero_gas_low_concentration_anchor,True,GA05,ga05,005,A_calibration_eligible,ga05_co2_ratio_f,0.0001,0.0005,0.001,10,10,10,within_production_contract,True,True,3da016da2c1dcff70e83c9c886c0b67bc9ad12c57ab2cf9839eba3a0ac3760ec,994b374ecc13334ad13a0d1ea6b8e9f58e62dce139155cb926fce92b79351102,6ee1c806dfc12049574ca6e4af4cb8a95035bd17503a7f973ef52e8ae826bf78,f9aab8f63180a938a19495a726be5872adb056e80cb97d200a2d33e2af6e9796,2ec7445f446676bc26bfdf2022ca9b5e348ef515bfffdaed796d7b858f651934
co2,p015_Tm10_0ppm_fit,D:\gas_calibrator\_p9_20260705\co2_6old_0620clean_mature45_g9_T10_to_Tm20_finalparams\p015_Tm10_0ppm_fit,0.0,co2_zero_gas_low_concentration_anchor,True,GA06,ga06,090,A_calibration_eligible,ga06_co2_ratio_f,0.0001,0.0005,0.001,10,10,10,within_production_contract,True,True,3da016da2c1dcff70e83c9c886c0b67bc9ad12c57ab2cf9839eba3a0ac3760ec,994b374ecc13334ad13a0d1ea6b8e9f58e62dce139155cb926fce92b79351102,6ee1c806dfc12049574ca6e4af4cb8a95035bd17503a7f973ef52e8ae826bf78,f9aab8f63180a938a19495a726be5872adb056e80cb97d200a2d33e2af6e9796,2ec7445f446676bc26bfdf2022ca9b5e348ef515bfffdaed796d7b858f651934
co2,p016_Tm10_400ppm_fit,D:\gas_calibrator\_p9_20260705\co2_6old_0620clean_mature45_g9_T10_to_Tm20_finalparams\p016_Tm10_400ppm_fit,400.0,co2_standard_nonzero_point,True,GA01,ga01,001,A_calibration_eligible,ga01_co2_ratio_f,0.0,0.0005,0.001,10,10,10,within_production_contract,True,True,acda3204390a5d215a076d8e1cc62820fd220f98f08a56deb281f6f4739ef8b4,d0550a50569ce55c7b17852f7a00b9e589c58e409d97c62a16af83ce980378a6,6ee1c806dfc12049574ca6e4af4cb8a95035bd17503a7f973ef52e8ae826bf78,ca88fc099dc259253e7e5fc991c6619757cc772264fce835f23b05acc2396a0a,2ec7445f446676bc26bfdf2022ca9b5e348ef515bfffdaed796d7b858f651934
co2,p016_Tm10_400ppm_fit,D:\gas_calibrator\_p9_20260705\co2_6old_0620clean_mature45_g9_T10_to_Tm20_finalparams\p016_Tm10_400ppm_fit,400.0,co2_standard_nonzero_point,True,GA02,ga02,002,A_calibration_eligible,ga02_co2_ratio_f,0.0,0.0005,0.001,10,10,10,within_production_contract,True,True,acda3204390a5d215a076d8e1cc62820fd220f98f08a56deb281f6f4739ef8b4,d0550a50569ce55c7b17852f7a00b9e589c58e409d97c62a16af83ce980378a6,6ee1c806dfc12049574ca6e4af4cb8a95035bd17503a7f973ef52e8ae826bf78,ca88fc099dc259253e7e5fc991c6619757cc772264fce835f23b05acc2396a0a,2ec7445f446676bc26bfdf2022ca9b5e348ef515bfffdaed796d7b858f651934
co2,p016_Tm10_400ppm_fit,D:\gas_calibrator\_p9_20260705\co2_6old_0620clean_mature45_g9_T10_to_Tm20_finalparams\p016_Tm10_400ppm_fit,400.0,co2_standard_nonzero_point,True,GA03,ga03,010,A_calibration_eligible,ga03_co2_ratio_f,0.0001,0.0005,0.001,10,10,10,within_production_contract,True,True,acda3204390a5d215a076d8e1cc62820fd220f98f08a56deb281f6f4739ef8b4,d0550a50569ce55c7b17852f7a00b9e589c58e409d97c62a16af83ce980378a6,6ee1c806dfc12049574ca6e4af4cb8a95035bd17503a7f973ef52e8ae826bf78,ca88fc099dc259253e7e5fc991c6619757cc772264fce835f23b05acc2396a0a,2ec7445f446676bc26bfdf2022ca9b5e348ef515bfffdaed796d7b858f651934
co2,p016_Tm10_400ppm_fit,D:\gas_calibrator\_p9_20260705\co2_6old_0620clean_mature45_g9_T10_to_Tm20_finalparams\p016_Tm10_400ppm_fit,400.0,co2_standard_nonzero_point,True,GA04,ga04,076,A_calibration_eligible,ga04_co2_ratio_f,0.0,0.0005,0.001,10,10,10,within_production_contract,True,True,acda3204390a5d215a076d8e1cc62820fd220f98f08a56deb281f6f4739ef8b4,d0550a50569ce55c7b17852f7a00b9e589c58e409d97c62a16af83ce980378a6,6ee1c806dfc12049574ca6e4af4cb8a95035bd17503a7f973ef52e8ae826bf78,ca88fc099dc259253e7e5fc991c6619757cc772264fce835f23b05acc2396a0a,2ec7445f446676bc26bfdf2022ca9b5e348ef515bfffdaed796d7b858f651934
co2,p016_Tm10_400ppm_fit,D:\gas_calibrator\_p9_20260705\co2_6old_0620clean_mature45_g9_T10_to_Tm20_finalparams\p016_Tm10_400ppm_fit,400.0,co2_standard_nonzero_point,True,GA05,ga05,005,A_calibration_eligible,ga05_co2_ratio_f,0.0001,0.0005,0.001,10,10,10,within_production_contract,True,True,acda3204390a5d215a076d8e1cc62820fd220f98f08a56deb281f6f4739ef8b4,d0550a50569ce55c7b17852f7a00b9e589c58e409d97c62a16af83ce980378a6,6ee1c806dfc12049574ca6e4af4cb8a95035bd17503a7f973ef52e8ae826bf78,ca88fc099dc259253e7e5fc991c6619757cc772264fce835f23b05acc2396a0a,2ec7445f446676bc26bfdf2022ca9b5e348ef515bfffdaed796d7b858f651934
co2,p016_Tm10_400ppm_fit,D:\gas_calibrator\_p9_20260705\co2_6old_0620clean_mature45_g9_T10_to_Tm20_finalparams\p016_Tm10_400ppm_fit,400.0,co2_standard_nonzero_point,True,GA06,ga06,090,A_calibration_eligible,ga06_co2_ratio_f,0.0001,0.0005,0.001,10,10,10,within_production_contract,True,True,acda3204390a5d215a076d8e1cc62820fd220f98f08a56deb281f6f4739ef8b4,d0550a50569ce55c7b17852f7a00b9e589c58e409d97c62a16af83ce980378a6,6ee1c806dfc12049574ca6e4af4cb8a95035bd17503a7f973ef52e8ae826bf78,ca88fc099dc259253e7e5fc991c6619757cc772264fce835f23b05acc2396a0a,2ec7445f446676bc26bfdf2022ca9b5e348ef515bfffdaed796d7b858f651934
co2,p017_Tm10_1000ppm_fit,D:\gas_calibrator\_p9_20260705\co2_6old_0620clean_mature45_g9_T10_to_Tm20_finalparams\p017_Tm10_1000ppm_fit,1000.0,co2_standard_nonzero_point,True,GA01,ga01,001,A_calibration_eligible,ga01_co2_ratio_f,0.0001,0.0005,0.001,10,10,10,within_production_contract,True,True,a78a89636eecb2f4eb5dc00447ce11821bc3fb59fb03155456b32edad123cb95,005d1e8d98dc69beb90ceec6e82409e053e097bb2f702c39b5acb93734423462,6ee1c806dfc12049574ca6e4af4cb8a95035bd17503a7f973ef52e8ae826bf78,60ebe2f39a37c2111be246219754be538b9de0d129eb01ca602e9f8ad76c4300,2ec7445f446676bc26bfdf2022ca9b5e348ef515bfffdaed796d7b858f651934
co2,p017_Tm10_1000ppm_fit,D:\gas_calibrator\_p9_20260705\co2_6old_0620clean_mature45_g9_T10_to_Tm20_finalparams\p017_Tm10_1000ppm_fit,1000.0,co2_standard_nonzero_point,True,GA02,ga02,002,A_calibration_eligible,ga02_co2_ratio_f,0.0001,0.0005,0.001,10,10,10,within_production_contract,True,True,a78a89636eecb2f4eb5dc00447ce11821bc3fb59fb03155456b32edad123cb95,005d1e8d98dc69beb90ceec6e82409e053e097bb2f702c39b5acb93734423462,6ee1c806dfc12049574ca6e4af4cb8a95035bd17503a7f973ef52e8ae826bf78,60ebe2f39a37c2111be246219754be538b9de0d129eb01ca602e9f8ad76c4300,2ec7445f446676bc26bfdf2022ca9b5e348ef515bfffdaed796d7b858f651934
co2,p017_Tm10_1000ppm_fit,D:\gas_calibrator\_p9_20260705\co2_6old_0620clean_mature45_g9_T10_to_Tm20_finalparams\p017_Tm10_1000ppm_fit,1000.0,co2_standard_nonzero_point,True,GA03,ga03,010,A_calibration_eligible,ga03_co2_ratio_f,0.0002,0.0005,0.001,10,10,10,within_production_contract,True,True,a78a89636eecb2f4eb5dc00447ce11821bc3fb59fb03155456b32edad123cb95,005d1e8d98dc69beb90ceec6e82409e053e097bb2f702c39b5acb93734423462,6ee1c806dfc12049574ca6e4af4cb8a95035bd17503a7f973ef52e8ae826bf78,60ebe2f39a37c2111be246219754be538b9de0d129eb01ca602e9f8ad76c4300,2ec7445f446676bc26bfdf2022ca9b5e348ef515bfffdaed796d7b858f651934
co2,p017_Tm10_1000ppm_fit,D:\gas_calibrator\_p9_20260705\co2_6old_0620clean_mature45_g9_T10_to_Tm20_finalparams\p017_Tm10_1000ppm_fit,1000.0,co2_standard_nonzero_point,True,GA04,ga04,076,A_calibration_eligible,ga04_co2_ratio_f,0.0,0.0005,0.001,10,10,10,within_production_contract,True,True,a78a89636eecb2f4eb5dc00447ce11821bc3fb59fb03155456b32edad123cb95,005d1e8d98dc69beb90ceec6e82409e053e097bb2f702c39b5acb93734423462,6ee1c806dfc12049574ca6e4af4cb8a95035bd17503a7f973ef52e8ae826bf78,60ebe2f39a37c2111be246219754be538b9de0d129eb01ca602e9f8ad76c4300,2ec7445f446676bc26bfdf2022ca9b5e348ef515bfffdaed796d7b858f651934
co2,p017_Tm10_1000ppm_fit,D:\gas_calibrator\_p9_20260705\co2_6old_0620clean_mature45_g9_T10_to_Tm20_finalparams\p017_Tm10_1000ppm_fit,1000.0,co2_standard_nonzero_point,True,GA05,ga05,005,A_calibration_eligible,ga05_co2_ratio_f,0.0002,0.0005,0.001,10,10,10,within_production_contract,True,True,a78a89636eecb2f4eb5dc00447ce11821bc3fb59fb03155456b32edad123cb95,005d1e8d98dc69beb90ceec6e82409e053e097bb2f702c39b5acb93734423462,6ee1c806dfc12049574ca6e4af4cb8a95035bd17503a7f973ef52e8ae826bf78,60ebe2f39a37c2111be246219754be538b9de0d129eb01ca602e9f8ad76c4300,2ec7445f446676bc26bfdf2022ca9b5e348ef515bfffdaed796d7b858f651934
co2,p017_Tm10_1000ppm_fit,D:\gas_calibrator\_p9_20260705\co2_6old_0620clean_mature45_g9_T10_to_Tm20_finalparams\p017_Tm10_1000ppm_fit,1000.0,co2_standard_nonzero_point,True,GA06,ga06,090,A_calibration_eligible,ga06_co2_ratio_f,0.0002,0.0005,0.001,10,10,10,within_production_contract,True,True,a78a89636eecb2f4eb5dc00447ce11821bc3fb59fb03155456b32edad123cb95,005d1e8d98dc69beb90ceec6e82409e053e097bb2f702c39b5acb93734423462,6ee1c806dfc12049574ca6e4af4cb8a95035bd17503a7f973ef52e8ae826bf78,60ebe2f39a37c2111be246219754be538b9de0d129eb01ca602e9f8ad76c4300,2ec7445f446676bc26bfdf2022ca9b5e348ef515bfffdaed796d7b858f651934
co2,p018_Tm20_0ppm_fit,D:\gas_calibrator\_p9_20260705\co2_6old_0620clean_mature45_g9_T10_to_Tm20_finalparams\p018_Tm20_0ppm_fit,0.0,co2_zero_gas_low_concentration_anchor,True,GA01,ga01,001,A_calibration_eligible,ga01_co2_ratio_f,0.0001,0.0005,0.001,10,10,10,within_production_contract,True,True,3ad0d1e066ae1e43978cbcc5441fbadfd63298bb4ba28e018d27703af5e32688,994b374ecc13334ad13a0d1ea6b8e9f58e62dce139155cb926fce92b79351102,6ee1c806dfc12049574ca6e4af4cb8a95035bd17503a7f973ef52e8ae826bf78,b160627ebf22edc32f218edfc52371f5555a6bad6720ca0f4869a6cd6383e178,2ec7445f446676bc26bfdf2022ca9b5e348ef515bfffdaed796d7b858f651934
co2,p018_Tm20_0ppm_fit,D:\gas_calibrator\_p9_20260705\co2_6old_0620clean_mature45_g9_T10_to_Tm20_finalparams\p018_Tm20_0ppm_fit,0.0,co2_zero_gas_low_concentration_anchor,True,GA02,ga02,002,A_calibration_eligible,ga02_co2_ratio_f,0.0001,0.0005,0.001,10,10,10,within_production_contract,True,True,3ad0d1e066ae1e43978cbcc5441fbadfd63298bb4ba28e018d27703af5e32688,994b374ecc13334ad13a0d1ea6b8e9f58e62dce139155cb926fce92b79351102,6ee1c806dfc12049574ca6e4af4cb8a95035bd17503a7f973ef52e8ae826bf78,b160627ebf22edc32f218edfc52371f5555a6bad6720ca0f4869a6cd6383e178,2ec7445f446676bc26bfdf2022ca9b5e348ef515bfffdaed796d7b858f651934
co2,p018_Tm20_0ppm_fit,D:\gas_calibrator\_p9_20260705\co2_6old_0620clean_mature45_g9_T10_to_Tm20_finalparams\p018_Tm20_0ppm_fit,0.0,co2_zero_gas_low_concentration_anchor,True,GA03,ga03,010,A_calibration_eligible,ga03_co2_ratio_f,0.0001,0.0005,0.001,10,10,10,within_production_contract,True,True,3ad0d1e066ae1e43978cbcc5441fbadfd63298bb4ba28e018d27703af5e32688,994b374ecc13334ad13a0d1ea6b8e9f58e62dce139155cb926fce92b79351102,6ee1c806dfc12049574ca6e4af4cb8a95035bd17503a7f973ef52e8ae826bf78,b160627ebf22edc32f218edfc52371f5555a6bad6720ca0f4869a6cd6383e178,2ec7445f446676bc26bfdf2022ca9b5e348ef515bfffdaed796d7b858f651934
co2,p018_Tm20_0ppm_fit,D:\gas_calibrator\_p9_20260705\co2_6old_0620clean_mature45_g9_T10_to_Tm20_finalparams\p018_Tm20_0ppm_fit,0.0,co2_zero_gas_low_concentration_anchor,True,GA04,ga04,076,A_calibration_eligible,ga04_co2_ratio_f,0.0,0.0005,0.001,10,10,10,within_production_contract,True,True,3ad0d1e066ae1e43978cbcc5441fbadfd63298bb4ba28e018d27703af5e32688,994b374ecc13334ad13a0d1ea6b8e9f58e62dce139155cb926fce92b79351102,6ee1c806dfc12049574ca6e4af4cb8a95035bd17503a7f973ef52e8ae826bf78,b160627ebf22edc32f218edfc52371f5555a6bad6720ca0f4869a6cd6383e178,2ec7445f446676bc26bfdf2022ca9b5e348ef515bfffdaed796d7b858f651934
co2,p018_Tm20_0ppm_fit,D:\gas_calibrator\_p9_20260705\co2_6old_0620clean_mature45_g9_T10_to_Tm20_finalparams\p018_Tm20_0ppm_fit,0.0,co2_zero_gas_low_concentration_anchor,True,GA05,ga05,005,A_calibration_eligible,ga05_co2_ratio_f,0.0,0.0005,0.001,10,10,10,within_production_contract,True,True,3ad0d1e066ae1e43978cbcc5441fbadfd63298bb4ba28e018d27703af5e32688,994b374ecc13334ad13a0d1ea6b8e9f58e62dce139155cb926fce92b79351102,6ee1c806dfc12049574ca6e4af4cb8a95035bd17503a7f973ef52e8ae826bf78,b160627ebf22edc32f218edfc52371f5555a6bad6720ca0f4869a6cd6383e178,2ec7445f446676bc26bfdf2022ca9b5e348ef515bfffdaed796d7b858f651934
co2,p018_Tm20_0ppm_fit,D:\gas_calibrator\_p9_20260705\co2_6old_0620clean_mature45_g9_T10_to_Tm20_finalparams\p018_Tm20_0ppm_fit,0.0,co2_zero_gas_low_concentration_anchor,True,GA06,ga06,090,A_calibration_eligible,ga06_co2_ratio_f,0.0001,0.0005,0.001,10,10,10,within_production_contract,True,True,3ad0d1e066ae1e43978cbcc5441fbadfd63298bb4ba28e018d27703af5e32688,994b374ecc13334ad13a0d1ea6b8e9f58e62dce139155cb926fce92b79351102,6ee1c806dfc12049574ca6e4af4cb8a95035bd17503a7f973ef52e8ae826bf78,b160627ebf22edc32f218edfc52371f5555a6bad6720ca0f4869a6cd6383e178,2ec7445f446676bc26bfdf2022ca9b5e348ef515bfffdaed796d7b858f651934
h2o,p001_T20_HG20C_30RH_h2o,D:\gas_calibrator\_p9_20260706\h2o_005_bridge_repeat_20c_305070_v1\p001_T20_HG20C_30RH_h2o,6.9571,h2o_wet_calibration_point,False,GA01,ga01,001,C_reject,ga01_h2o_ratio_f,0.0,0.001,,10,10,10,point_wide_hard_blocker:route_specific_physical_reference_invalid,False,False,0b280a2b7cf33c8000f650daa6d5e2169e249387a21b0d2775b64a8714658651,6fa690945724660f386fc6dfd03308d78d67d19cb0a5d80679996691020c28e0,ddb4fa420ef39daa984065393835f88ed093acbc0b01bd574395bf78be1e6da0,8d5827a1efa1a20a724b5870fe747718809ddd30e79a765c874887da73e62732,2ec7445f446676bc26bfdf2022ca9b5e348ef515bfffdaed796d7b858f651934
h2o,p001_T20_HG20C_30RH_h2o,D:\gas_calibrator\_p9_20260706\h2o_005_bridge_repeat_20c_305070_v1\p001_T20_HG20C_30RH_h2o,6.9571,h2o_wet_calibration_point,False,GA02,ga02,002,C_reject,ga02_h2o_ratio_f,0.0,0.001,,10,10,10,point_wide_hard_blocker:route_specific_physical_reference_invalid,False,False,0b280a2b7cf33c8000f650daa6d5e2169e249387a21b0d2775b64a8714658651,6fa690945724660f386fc6dfd03308d78d67d19cb0a5d80679996691020c28e0,ddb4fa420ef39daa984065393835f88ed093acbc0b01bd574395bf78be1e6da0,8d5827a1efa1a20a724b5870fe747718809ddd30e79a765c874887da73e62732,2ec7445f446676bc26bfdf2022ca9b5e348ef515bfffdaed796d7b858f651934
h2o,p001_T20_HG20C_30RH_h2o,D:\gas_calibrator\_p9_20260706\h2o_005_bridge_repeat_20c_305070_v1\p001_T20_HG20C_30RH_h2o,6.9571,h2o_wet_calibration_point,False,GA03,ga03,010,C_reject,ga03_h2o_ratio_f,0.0,0.001,,10,10,10,point_wide_hard_blocker:route_specific_physical_reference_invalid,False,False,0b280a2b7cf33c8000f650daa6d5e2169e249387a21b0d2775b64a8714658651,6fa690945724660f386fc6dfd03308d78d67d19cb0a5d80679996691020c28e0,ddb4fa420ef39daa984065393835f88ed093acbc0b01bd574395bf78be1e6da0,8d5827a1efa1a20a724b5870fe747718809ddd30e79a765c874887da73e62732,2ec7445f446676bc26bfdf2022ca9b5e348ef515bfffdaed796d7b858f651934
h2o,p001_T20_HG20C_30RH_h2o,D:\gas_calibrator\_p9_20260706\h2o_005_bridge_repeat_20c_305070_v1\p001_T20_HG20C_30RH_h2o,6.9571,h2o_wet_calibration_point,False,GA04,ga04,076,C_reject,ga04_h2o_ratio_f,0.0,0.001,,10,10,10,point_wide_hard_blocker:route_specific_physical_reference_invalid,False,False,0b280a2b7cf33c8000f650daa6d5e2169e249387a21b0d2775b64a8714658651,6fa690945724660f386fc6dfd03308d78d67d19cb0a5d80679996691020c28e0,ddb4fa420ef39daa984065393835f88ed093acbc0b01bd574395bf78be1e6da0,8d5827a1efa1a20a724b5870fe747718809ddd30e79a765c874887da73e62732,2ec7445f446676bc26bfdf2022ca9b5e348ef515bfffdaed796d7b858f651934
h2o,p001_T20_HG20C_30RH_h2o,D:\gas_calibrator\_p9_20260706\h2o_005_bridge_repeat_20c_305070_v1\p001_T20_HG20C_30RH_h2o,6.9571,h2o_wet_calibration_point,False,GA05,ga05,005,C_reject,ga05_h2o_ratio_f,0.0001,0.001,,10,10,10,point_wide_hard_blocker:route_specific_physical_reference_invalid,False,False,0b280a2b7cf33c8000f650daa6d5e2169e249387a21b0d2775b64a8714658651,6fa690945724660f386fc6dfd03308d78d67d19cb0a5d80679996691020c28e0,ddb4fa420ef39daa984065393835f88ed093acbc0b01bd574395bf78be1e6da0,8d5827a1efa1a20a724b5870fe747718809ddd30e79a765c874887da73e62732,2ec7445f446676bc26bfdf2022ca9b5e348ef515bfffdaed796d7b858f651934
h2o,p001_T20_HG20C_30RH_h2o,D:\gas_calibrator\_p9_20260706\h2o_005_bridge_repeat_20c_305070_v1\p001_T20_HG20C_30RH_h2o,6.9571,h2o_wet_calibration_point,False,GA06,ga06,090,C_reject,ga06_h2o_ratio_f,0.0,0.001,,10,10,10,point_wide_hard_blocker:route_specific_physical_reference_invalid,False,False,0b280a2b7cf33c8000f650daa6d5e2169e249387a21b0d2775b64a8714658651,6fa690945724660f386fc6dfd03308d78d67d19cb0a5d80679996691020c28e0,ddb4fa420ef39daa984065393835f88ed093acbc0b01bd574395bf78be1e6da0,8d5827a1efa1a20a724b5870fe747718809ddd30e79a765c874887da73e62732,2ec7445f446676bc26bfdf2022ca9b5e348ef515bfffdaed796d7b858f651934
h2o,p002_T20_HG20C_50RH_h2o,D:\gas_calibrator\_p9_20260706\h2o_005_bridge_repeat_20c_305070_v1\p002_T20_HG20C_50RH_h2o,11.6416,h2o_wet_calibration_point,False,GA01,ga01,001,C_reject,ga01_h2o_ratio_f,0.0,0.001,,10,10,10,point_wide_hard_blocker:route_specific_physical_reference_invalid,False,False,57f35d9cbb0c5d6ed265ab681ce5db83173c9b6d4eaa46164506706e9aff4189,d8817ffef80c5f03934138f2fccb9f61d451749d4a3c2fe889cb0911b6982bb2,ddb4fa420ef39daa984065393835f88ed093acbc0b01bd574395bf78be1e6da0,7b847443791193fbfaa14902313447e43c39d4cb9f70cf13b74131a7d7dd3b7d,2ec7445f446676bc26bfdf2022ca9b5e348ef515bfffdaed796d7b858f651934
h2o,p002_T20_HG20C_50RH_h2o,D:\gas_calibrator\_p9_20260706\h2o_005_bridge_repeat_20c_305070_v1\p002_T20_HG20C_50RH_h2o,11.6416,h2o_wet_calibration_point,False,GA02,ga02,002,C_reject,ga02_h2o_ratio_f,0.0001,0.001,,10,10,10,point_wide_hard_blocker:route_specific_physical_reference_invalid,False,False,57f35d9cbb0c5d6ed265ab681ce5db83173c9b6d4eaa46164506706e9aff4189,d8817ffef80c5f03934138f2fccb9f61d451749d4a3c2fe889cb0911b6982bb2,ddb4fa420ef39daa984065393835f88ed093acbc0b01bd574395bf78be1e6da0,7b847443791193fbfaa14902313447e43c39d4cb9f70cf13b74131a7d7dd3b7d,2ec7445f446676bc26bfdf2022ca9b5e348ef515bfffdaed796d7b858f651934
h2o,p002_T20_HG20C_50RH_h2o,D:\gas_calibrator\_p9_20260706\h2o_005_bridge_repeat_20c_305070_v1\p002_T20_HG20C_50RH_h2o,11.6416,h2o_wet_calibration_point,False,GA03,ga03,010,C_reject,ga03_h2o_ratio_f,0.0001,0.001,,10,10,10,point_wide_hard_blocker:route_specific_physical_reference_invalid,False,False,57f35d9cbb0c5d6ed265ab681ce5db83173c9b6d4eaa46164506706e9aff4189,d8817ffef80c5f03934138f2fccb9f61d451749d4a3c2fe889cb0911b6982bb2,ddb4fa420ef39daa984065393835f88ed093acbc0b01bd574395bf78be1e6da0,7b847443791193fbfaa14902313447e43c39d4cb9f70cf13b74131a7d7dd3b7d,2ec7445f446676bc26bfdf2022ca9b5e348ef515bfffdaed796d7b858f651934
h2o,p002_T20_HG20C_50RH_h2o,D:\gas_calibrator\_p9_20260706\h2o_005_bridge_repeat_20c_305070_v1\p002_T20_HG20C_50RH_h2o,11.6416,h2o_wet_calibration_point,False,GA04,ga04,076,C_reject,ga04_h2o_ratio_f,0.0,0.001,,10,10,10,point_wide_hard_blocker:route_specific_physical_reference_invalid,False,False,57f35d9cbb0c5d6ed265ab681ce5db83173c9b6d4eaa46164506706e9aff4189,d8817ffef80c5f03934138f2fccb9f61d451749d4a3c2fe889cb0911b6982bb2,ddb4fa420ef39daa984065393835f88ed093acbc0b01bd574395bf78be1e6da0,7b847443791193fbfaa14902313447e43c39d4cb9f70cf13b74131a7d7dd3b7d,2ec7445f446676bc26bfdf2022ca9b5e348ef515bfffdaed796d7b858f651934
h2o,p002_T20_HG20C_50RH_h2o,D:\gas_calibrator\_p9_20260706\h2o_005_bridge_repeat_20c_305070_v1\p002_T20_HG20C_50RH_h2o,11.6416,h2o_wet_calibration_point,False,GA05,ga05,005,C_reject,ga05_h2o_ratio_f,0.0,0.001,,10,10,10,point_wide_hard_blocker:route_specific_physical_reference_invalid,False,False,57f35d9cbb0c5d6ed265ab681ce5db83173c9b6d4eaa46164506706e9aff4189,d8817ffef80c5f03934138f2fccb9f61d451749d4a3c2fe889cb0911b6982bb2,ddb4fa420ef39daa984065393835f88ed093acbc0b01bd574395bf78be1e6da0,7b847443791193fbfaa14902313447e43c39d4cb9f70cf13b74131a7d7dd3b7d,2ec7445f446676bc26bfdf2022ca9b5e348ef515bfffdaed796d7b858f651934
h2o,p002_T20_HG20C_50RH_h2o,D:\gas_calibrator\_p9_20260706\h2o_005_bridge_repeat_20c_305070_v1\p002_T20_HG20C_50RH_h2o,11.6416,h2o_wet_calibration_point,False,GA06,ga06,090,C_reject,ga06_h2o_ratio_f,0.0,0.001,,10,10,10,point_wide_hard_blocker:route_specific_physical_reference_invalid,False,False,57f35d9cbb0c5d6ed265ab681ce5db83173c9b6d4eaa46164506706e9aff4189,d8817ffef80c5f03934138f2fccb9f61d451749d4a3c2fe889cb0911b6982bb2,ddb4fa420ef39daa984065393835f88ed093acbc0b01bd574395bf78be1e6da0,7b847443791193fbfaa14902313447e43c39d4cb9f70cf13b74131a7d7dd3b7d,2ec7445f446676bc26bfdf2022ca9b5e348ef515bfffdaed796d7b858f651934
h2o,p003_T20_HG20C_70RH_h2o,D:\gas_calibrator\_p9_20260706\h2o_005_bridge_repeat_20c_305070_v1\p003_T20_HG20C_70RH_h2o,16.3715,h2o_wet_calibration_point,False,GA01,ga01,001,C_reject,ga01_h2o_ratio_f,0.0001,0.001,,10,10,10,point_wide_hard_blocker:route_specific_physical_reference_invalid,False,False,137df85281ff6b18bf87e737ea5d1b8472c42f795f648b5f30244be128e3315a,5571c7374f3beff18a87ae0c581b1053ee7aeba8352fd55d5e3769333b6c8875,ddb4fa420ef39daa984065393835f88ed093acbc0b01bd574395bf78be1e6da0,f97d23ba1e9b009b5de047926183822caba0750d25a0173fb131b8af875b24e2,2ec7445f446676bc26bfdf2022ca9b5e348ef515bfffdaed796d7b858f651934
h2o,p003_T20_HG20C_70RH_h2o,D:\gas_calibrator\_p9_20260706\h2o_005_bridge_repeat_20c_305070_v1\p003_T20_HG20C_70RH_h2o,16.3715,h2o_wet_calibration_point,False,GA02,ga02,002,C_reject,ga02_h2o_ratio_f,0.0,0.001,,10,10,10,point_wide_hard_blocker:route_specific_physical_reference_invalid,False,False,137df85281ff6b18bf87e737ea5d1b8472c42f795f648b5f30244be128e3315a,5571c7374f3beff18a87ae0c581b1053ee7aeba8352fd55d5e3769333b6c8875,ddb4fa420ef39daa984065393835f88ed093acbc0b01bd574395bf78be1e6da0,f97d23ba1e9b009b5de047926183822caba0750d25a0173fb131b8af875b24e2,2ec7445f446676bc26bfdf2022ca9b5e348ef515bfffdaed796d7b858f651934
h2o,p003_T20_HG20C_70RH_h2o,D:\gas_calibrator\_p9_20260706\h2o_005_bridge_repeat_20c_305070_v1\p003_T20_HG20C_70RH_h2o,16.3715,h2o_wet_calibration_point,False,GA03,ga03,010,C_reject,ga03_h2o_ratio_f,0.0,0.001,,10,10,10,point_wide_hard_blocker:route_specific_physical_reference_invalid,False,False,137df85281ff6b18bf87e737ea5d1b8472c42f795f648b5f30244be128e3315a,5571c7374f3beff18a87ae0c581b1053ee7aeba8352fd55d5e3769333b6c8875,ddb4fa420ef39daa984065393835f88ed093acbc0b01bd574395bf78be1e6da0,f97d23ba1e9b009b5de047926183822caba0750d25a0173fb131b8af875b24e2,2ec7445f446676bc26bfdf2022ca9b5e348ef515bfffdaed796d7b858f651934
h2o,p003_T20_HG20C_70RH_h2o,D:\gas_calibrator\_p9_20260706\h2o_005_bridge_repeat_20c_305070_v1\p003_T20_HG20C_70RH_h2o,16.3715,h2o_wet_calibration_point,False,GA04,ga04,076,C_reject,ga04_h2o_ratio_f,0.0,0.001,,10,10,10,point_wide_hard_blocker:route_specific_physical_reference_invalid,False,False,137df85281ff6b18bf87e737ea5d1b8472c42f795f648b5f30244be128e3315a,5571c7374f3beff18a87ae0c581b1053ee7aeba8352fd55d5e3769333b6c8875,ddb4fa420ef39daa984065393835f88ed093acbc0b01bd574395bf78be1e6da0,f97d23ba1e9b009b5de047926183822caba0750d25a0173fb131b8af875b24e2,2ec7445f446676bc26bfdf2022ca9b5e348ef515bfffdaed796d7b858f651934
h2o,p003_T20_HG20C_70RH_h2o,D:\gas_calibrator\_p9_20260706\h2o_005_bridge_repeat_20c_305070_v1\p003_T20_HG20C_70RH_h2o,16.3715,h2o_wet_calibration_point,False,GA05,ga05,005,C_reject,ga05_h2o_ratio_f,0.0001,0.001,,10,10,10,point_wide_hard_blocker:route_specific_physical_reference_invalid,False,False,137df85281ff6b18bf87e737ea5d1b8472c42f795f648b5f30244be128e3315a,5571c7374f3beff18a87ae0c581b1053ee7aeba8352fd55d5e3769333b6c8875,ddb4fa420ef39daa984065393835f88ed093acbc0b01bd574395bf78be1e6da0,f97d23ba1e9b009b5de047926183822caba0750d25a0173fb131b8af875b24e2,2ec7445f446676bc26bfdf2022ca9b5e348ef515bfffdaed796d7b858f651934
h2o,p003_T20_HG20C_70RH_h2o,D:\gas_calibrator\_p9_20260706\h2o_005_bridge_repeat_20c_305070_v1\p003_T20_HG20C_70RH_h2o,16.3715,h2o_wet_calibration_point,False,GA06,ga06,090,C_reject,ga06_h2o_ratio_f,0.0,0.001,,10,10,10,point_wide_hard_blocker:route_specific_physical_reference_invalid,False,False,137df85281ff6b18bf87e737ea5d1b8472c42f795f648b5f30244be128e3315a,5571c7374f3beff18a87ae0c581b1053ee7aeba8352fd55d5e3769333b6c8875,ddb4fa420ef39daa984065393835f88ed093acbc0b01bd574395bf78be1e6da0,f97d23ba1e9b009b5de047926183822caba0750d25a0173fb131b8af875b24e2,2ec7445f446676bc26bfdf2022ca9b5e348ef515bfffdaed796d7b858f651934
h2o,p001_T0_HG0C_50RH_h2o,D:\gas_calibrator\_p9_20260706\h2o_6old_0620clean_mature13_g4\p001_T0_HG0C_50RH_h2o,3.0233,h2o_wet_calibration_point,False,GA01,ga01,001,C_reject,ga01_h2o_ratio_f,0.0,0.001,,10,10,10,point_wide_hard_blocker:route_specific_physical_reference_invalid,False,False,6016e09d3da678ac7595b5c1b01fa3ba16c12603b803231ea95bae9e6fcf1acd,5e85c1358d8d54c52689079354985f93270fd93c064e8303e62c1de899929fd4,46cbde09a780766f72bae72d06969d8ee34f8ddc46e26f9e8fedb6f348ba11a2,6fad94bc0278b7c5bcb48e875308e7ca41eb7f86ccb0cb6659720195deaf7819,2ec7445f446676bc26bfdf2022ca9b5e348ef515bfffdaed796d7b858f651934
h2o,p001_T0_HG0C_50RH_h2o,D:\gas_calibrator\_p9_20260706\h2o_6old_0620clean_mature13_g4\p001_T0_HG0C_50RH_h2o,3.0233,h2o_wet_calibration_point,False,GA02,ga02,002,C_reject,ga02_h2o_ratio_f,0.0001,0.001,,10,10,10,point_wide_hard_blocker:route_specific_physical_reference_invalid,False,False,6016e09d3da678ac7595b5c1b01fa3ba16c12603b803231ea95bae9e6fcf1acd,5e85c1358d8d54c52689079354985f93270fd93c064e8303e62c1de899929fd4,46cbde09a780766f72bae72d06969d8ee34f8ddc46e26f9e8fedb6f348ba11a2,6fad94bc0278b7c5bcb48e875308e7ca41eb7f86ccb0cb6659720195deaf7819,2ec7445f446676bc26bfdf2022ca9b5e348ef515bfffdaed796d7b858f651934
h2o,p001_T0_HG0C_50RH_h2o,D:\gas_calibrator\_p9_20260706\h2o_6old_0620clean_mature13_g4\p001_T0_HG0C_50RH_h2o,3.0233,h2o_wet_calibration_point,False,GA03,ga03,010,C_reject,ga03_h2o_ratio_f,0.0001,0.001,,10,10,10,point_wide_hard_blocker:route_specific_physical_reference_invalid,False,False,6016e09d3da678ac7595b5c1b01fa3ba16c12603b803231ea95bae9e6fcf1acd,5e85c1358d8d54c52689079354985f93270fd93c064e8303e62c1de899929fd4,46cbde09a780766f72bae72d06969d8ee34f8ddc46e26f9e8fedb6f348ba11a2,6fad94bc0278b7c5bcb48e875308e7ca41eb7f86ccb0cb6659720195deaf7819,2ec7445f446676bc26bfdf2022ca9b5e348ef515bfffdaed796d7b858f651934
h2o,p001_T0_HG0C_50RH_h2o,D:\gas_calibrator\_p9_20260706\h2o_6old_0620clean_mature13_g4\p001_T0_HG0C_50RH_h2o,3.0233,h2o_wet_calibration_point,False,GA04,ga04,076,C_reject,ga04_h2o_ratio_f,0.0,0.001,,10,10,10,point_wide_hard_blocker:route_specific_physical_reference_invalid,False,False,6016e09d3da678ac7595b5c1b01fa3ba16c12603b803231ea95bae9e6fcf1acd,5e85c1358d8d54c52689079354985f93270fd93c064e8303e62c1de899929fd4,46cbde09a780766f72bae72d06969d8ee34f8ddc46e26f9e8fedb6f348ba11a2,6fad94bc0278b7c5bcb48e875308e7ca41eb7f86ccb0cb6659720195deaf7819,2ec7445f446676bc26bfdf2022ca9b5e348ef515bfffdaed796d7b858f651934
h2o,p001_T0_HG0C_50RH_h2o,D:\gas_calibrator\_p9_20260706\h2o_6old_0620clean_mature13_g4\p001_T0_HG0C_50RH_h2o,3.0233,h2o_wet_calibration_point,False,GA05,ga05,005,C_reject,ga05_h2o_ratio_f,0.0001,0.001,,10,10,10,point_wide_hard_blocker:route_specific_physical_reference_invalid,False,False,6016e09d3da678ac7595b5c1b01fa3ba16c12603b803231ea95bae9e6fcf1acd,5e85c1358d8d54c52689079354985f93270fd93c064e8303e62c1de899929fd4,46cbde09a780766f72bae72d06969d8ee34f8ddc46e26f9e8fedb6f348ba11a2,6fad94bc0278b7c5bcb48e875308e7ca41eb7f86ccb0cb6659720195deaf7819,2ec7445f446676bc26bfdf2022ca9b5e348ef515bfffdaed796d7b858f651934
h2o,p001_T0_HG0C_50RH_h2o,D:\gas_calibrator\_p9_20260706\h2o_6old_0620clean_mature13_g4\p001_T0_HG0C_50RH_h2o,3.0233,h2o_wet_calibration_point,False,GA06,ga06,090,C_reject,ga06_h2o_ratio_f,0.0,0.001,,10,10,10,point_wide_hard_blocker:route_specific_physical_reference_invalid,False,False,6016e09d3da678ac7595b5c1b01fa3ba16c12603b803231ea95bae9e6fcf1acd,5e85c1358d8d54c52689079354985f93270fd93c064e8303e62c1de899929fd4,46cbde09a780766f72bae72d06969d8ee34f8ddc46e26f9e8fedb6f348ba11a2,6fad94bc0278b7c5bcb48e875308e7ca41eb7f86ccb0cb6659720195deaf7819,2ec7445f446676bc26bfdf2022ca9b5e348ef515bfffdaed796d7b858f651934
h2o,p002_T10_HG10C_30RH_retry1,D:\gas_calibrator\_p9_20260706\h2o_6old_0620clean_mature13_p002_retry1\p002_T10_HG10C_30RH_retry1,3.647,h2o_wet_calibration_point,False,GA01,ga01,001,C_reject,ga01_h2o_ratio_f,0.0,0.001,,10,10,10,point_wide_hard_blocker:route_specific_physical_reference_invalid,False,False,a31385e1f72dd4b46257808bd30fa9b90f7b6662cc6a9bc77a945f88de34633b,7776fcf44662c2af9d6b64dfd8a5c332653a7b55fd37674b3cd45899a0e85706,4906767e82f98d1debb20373ca6989748f9e7b4deff2e5627c30b2030fe0fd95,3aafbd0ea2d63450f3be4c58fe97676c4635d2c2b93e3ccb2c31fe4ad354481b,2ec7445f446676bc26bfdf2022ca9b5e348ef515bfffdaed796d7b858f651934
h2o,p002_T10_HG10C_30RH_retry1,D:\gas_calibrator\_p9_20260706\h2o_6old_0620clean_mature13_p002_retry1\p002_T10_HG10C_30RH_retry1,3.647,h2o_wet_calibration_point,False,GA02,ga02,002,C_reject,ga02_h2o_ratio_f,0.0001,0.001,,10,10,10,point_wide_hard_blocker:route_specific_physical_reference_invalid,False,False,a31385e1f72dd4b46257808bd30fa9b90f7b6662cc6a9bc77a945f88de34633b,7776fcf44662c2af9d6b64dfd8a5c332653a7b55fd37674b3cd45899a0e85706,4906767e82f98d1debb20373ca6989748f9e7b4deff2e5627c30b2030fe0fd95,3aafbd0ea2d63450f3be4c58fe97676c4635d2c2b93e3ccb2c31fe4ad354481b,2ec7445f446676bc26bfdf2022ca9b5e348ef515bfffdaed796d7b858f651934
h2o,p002_T10_HG10C_30RH_retry1,D:\gas_calibrator\_p9_20260706\h2o_6old_0620clean_mature13_p002_retry1\p002_T10_HG10C_30RH_retry1,3.647,h2o_wet_calibration_point,False,GA03,ga03,010,C_reject,ga03_h2o_ratio_f,0.0,0.001,,10,10,10,point_wide_hard_blocker:route_specific_physical_reference_invalid,False,False,a31385e1f72dd4b46257808bd30fa9b90f7b6662cc6a9bc77a945f88de34633b,7776fcf44662c2af9d6b64dfd8a5c332653a7b55fd37674b3cd45899a0e85706,4906767e82f98d1debb20373ca6989748f9e7b4deff2e5627c30b2030fe0fd95,3aafbd0ea2d63450f3be4c58fe97676c4635d2c2b93e3ccb2c31fe4ad354481b,2ec7445f446676bc26bfdf2022ca9b5e348ef515bfffdaed796d7b858f651934
h2o,p002_T10_HG10C_30RH_retry1,D:\gas_calibrator\_p9_20260706\h2o_6old_0620clean_mature13_p002_retry1\p002_T10_HG10C_30RH_retry1,3.647,h2o_wet_calibration_point,False,GA04,ga04,076,C_reject,ga04_h2o_ratio_f,0.0,0.001,,10,10,10,point_wide_hard_blocker:route_specific_physical_reference_invalid,False,False,a31385e1f72dd4b46257808bd30fa9b90f7b6662cc6a9bc77a945f88de34633b,7776fcf44662c2af9d6b64dfd8a5c332653a7b55fd37674b3cd45899a0e85706,4906767e82f98d1debb20373ca6989748f9e7b4deff2e5627c30b2030fe0fd95,3aafbd0ea2d63450f3be4c58fe97676c4635d2c2b93e3ccb2c31fe4ad354481b,2ec7445f446676bc26bfdf2022ca9b5e348ef515bfffdaed796d7b858f651934
h2o,p002_T10_HG10C_30RH_retry1,D:\gas_calibrator\_p9_20260706\h2o_6old_0620clean_mature13_p002_retry1\p002_T10_HG10C_30RH_retry1,3.647,h2o_wet_calibration_point,False,GA05,ga05,005,C_reject,ga05_h2o_ratio_f,0.0,0.001,,10,10,10,point_wide_hard_blocker:route_specific_physical_reference_invalid,False,False,a31385e1f72dd4b46257808bd30fa9b90f7b6662cc6a9bc77a945f88de34633b,7776fcf44662c2af9d6b64dfd8a5c332653a7b55fd37674b3cd45899a0e85706,4906767e82f98d1debb20373ca6989748f9e7b4deff2e5627c30b2030fe0fd95,3aafbd0ea2d63450f3be4c58fe97676c4635d2c2b93e3ccb2c31fe4ad354481b,2ec7445f446676bc26bfdf2022ca9b5e348ef515bfffdaed796d7b858f651934
h2o,p002_T10_HG10C_30RH_retry1,D:\gas_calibrator\_p9_20260706\h2o_6old_0620clean_mature13_p002_retry1\p002_T10_HG10C_30RH_retry1,3.647,h2o_wet_calibration_point,False,GA06,ga06,090,C_reject,ga06_h2o_ratio_f,0.0001,0.001,,10,10,10,point_wide_hard_blocker:route_specific_physical_reference_invalid,False,False,a31385e1f72dd4b46257808bd30fa9b90f7b6662cc6a9bc77a945f88de34633b,7776fcf44662c2af9d6b64dfd8a5c332653a7b55fd37674b3cd45899a0e85706,4906767e82f98d1debb20373ca6989748f9e7b4deff2e5627c30b2030fe0fd95,3aafbd0ea2d63450f3be4c58fe97676c4635d2c2b93e3ccb2c31fe4ad354481b,2ec7445f446676bc26bfdf2022ca9b5e348ef515bfffdaed796d7b858f651934
h2o,p001_T10_HG10C_50RH_h2o,D:\gas_calibrator\_p9_20260706\h2o_6old_0620clean_mature13_remaining_p003_p013_g5\p001_T10_HG10C_50RH_h2o,6.0857,h2o_wet_calibration_point,False,GA01,ga01,001,C_reject,ga01_h2o_ratio_f,0.0,0.001,,10,10,10,point_wide_hard_blocker:route_specific_physical_reference_invalid,False,False,edf9a8326551f40f855a41d03ecc8d03d2c5cc4336fcd6c751622fc82b827f99,4408ac8e691b547edc8aa4fdcddab0bdd5d881829f61ebba90ab977c0a8fbdc9,ebac91e07cd36447eb3cab43e7cbe48785b00d0f7bfbcf9fef709f72a9e810cf,910f905fec3b6c03f7c576401ee89ae8bcdf9a495b476237b773fd8b864292b8,2ec7445f446676bc26bfdf2022ca9b5e348ef515bfffdaed796d7b858f651934
h2o,p001_T10_HG10C_50RH_h2o,D:\gas_calibrator\_p9_20260706\h2o_6old_0620clean_mature13_remaining_p003_p013_g5\p001_T10_HG10C_50RH_h2o,6.0857,h2o_wet_calibration_point,False,GA02,ga02,002,C_reject,ga02_h2o_ratio_f,0.0,0.001,,10,10,10,point_wide_hard_blocker:route_specific_physical_reference_invalid,False,False,edf9a8326551f40f855a41d03ecc8d03d2c5cc4336fcd6c751622fc82b827f99,4408ac8e691b547edc8aa4fdcddab0bdd5d881829f61ebba90ab977c0a8fbdc9,ebac91e07cd36447eb3cab43e7cbe48785b00d0f7bfbcf9fef709f72a9e810cf,910f905fec3b6c03f7c576401ee89ae8bcdf9a495b476237b773fd8b864292b8,2ec7445f446676bc26bfdf2022ca9b5e348ef515bfffdaed796d7b858f651934
h2o,p001_T10_HG10C_50RH_h2o,D:\gas_calibrator\_p9_20260706\h2o_6old_0620clean_mature13_remaining_p003_p013_g5\p001_T10_HG10C_50RH_h2o,6.0857,h2o_wet_calibration_point,False,GA03,ga03,010,C_reject,ga03_h2o_ratio_f,0.0001,0.001,,10,10,10,point_wide_hard_blocker:route_specific_physical_reference_invalid,False,False,edf9a8326551f40f855a41d03ecc8d03d2c5cc4336fcd6c751622fc82b827f99,4408ac8e691b547edc8aa4fdcddab0bdd5d881829f61ebba90ab977c0a8fbdc9,ebac91e07cd36447eb3cab43e7cbe48785b00d0f7bfbcf9fef709f72a9e810cf,910f905fec3b6c03f7c576401ee89ae8bcdf9a495b476237b773fd8b864292b8,2ec7445f446676bc26bfdf2022ca9b5e348ef515bfffdaed796d7b858f651934
h2o,p001_T10_HG10C_50RH_h2o,D:\gas_calibrator\_p9_20260706\h2o_6old_0620clean_mature13_remaining_p003_p013_g5\p001_T10_HG10C_50RH_h2o,6.0857,h2o_wet_calibration_point,False,GA04,ga04,076,C_reject,ga04_h2o_ratio_f,0.0,0.001,,10,10,10,point_wide_hard_blocker:route_specific_physical_reference_invalid,False,False,edf9a8326551f40f855a41d03ecc8d03d2c5cc4336fcd6c751622fc82b827f99,4408ac8e691b547edc8aa4fdcddab0bdd5d881829f61ebba90ab977c0a8fbdc9,ebac91e07cd36447eb3cab43e7cbe48785b00d0f7bfbcf9fef709f72a9e810cf,910f905fec3b6c03f7c576401ee89ae8bcdf9a495b476237b773fd8b864292b8,2ec7445f446676bc26bfdf2022ca9b5e348ef515bfffdaed796d7b858f651934
h2o,p001_T10_HG10C_50RH_h2o,D:\gas_calibrator\_p9_20260706\h2o_6old_0620clean_mature13_remaining_p003_p013_g5\p001_T10_HG10C_50RH_h2o,6.0857,h2o_wet_calibration_point,False,GA05,ga05,005,C_reject,ga05_h2o_ratio_f,0.0,0.001,,10,10,10,point_wide_hard_blocker:route_specific_physical_reference_invalid,False,False,edf9a8326551f40f855a41d03ecc8d03d2c5cc4336fcd6c751622fc82b827f99,4408ac8e691b547edc8aa4fdcddab0bdd5d881829f61ebba90ab977c0a8fbdc9,ebac91e07cd36447eb3cab43e7cbe48785b00d0f7bfbcf9fef709f72a9e810cf,910f905fec3b6c03f7c576401ee89ae8bcdf9a495b476237b773fd8b864292b8,2ec7445f446676bc26bfdf2022ca9b5e348ef515bfffdaed796d7b858f651934
h2o,p001_T10_HG10C_50RH_h2o,D:\gas_calibrator\_p9_20260706\h2o_6old_0620clean_mature13_remaining_p003_p013_g5\p001_T10_HG10C_50RH_h2o,6.0857,h2o_wet_calibration_point,False,GA06,ga06,090,C_reject,ga06_h2o_ratio_f,0.0,0.001,,10,10,10,point_wide_hard_blocker:route_specific_physical_reference_invalid,False,False,edf9a8326551f40f855a41d03ecc8d03d2c5cc4336fcd6c751622fc82b827f99,4408ac8e691b547edc8aa4fdcddab0bdd5d881829f61ebba90ab977c0a8fbdc9,ebac91e07cd36447eb3cab43e7cbe48785b00d0f7bfbcf9fef709f72a9e810cf,910f905fec3b6c03f7c576401ee89ae8bcdf9a495b476237b773fd8b864292b8,2ec7445f446676bc26bfdf2022ca9b5e348ef515bfffdaed796d7b858f651934
h2o,p002_T10_HG10C_70RH_h2o,D:\gas_calibrator\_p9_20260706\h2o_6old_0620clean_mature13_remaining_p003_p013_g5\p002_T10_HG10C_70RH_h2o,8.5191,h2o_wet_calibration_point,False,GA01,ga01,001,C_reject,ga01_h2o_ratio_f,0.0001,0.001,,10,10,10,point_wide_hard_blocker:route_specific_physical_reference_invalid,False,False,5b2cbc1321255b31b86bf9b3a6c36736079abe89521c92a27b095d1badc6b480,f1fe0f174f2e71f90f49e1dbaa1713b8fdbbaf82cf87bc18b3e45d156ded0202,ebac91e07cd36447eb3cab43e7cbe48785b00d0f7bfbcf9fef709f72a9e810cf,e72b40861d824a4dfa4f772ab8714a91a840766132cc2909f50b69057356149a,2ec7445f446676bc26bfdf2022ca9b5e348ef515bfffdaed796d7b858f651934
h2o,p002_T10_HG10C_70RH_h2o,D:\gas_calibrator\_p9_20260706\h2o_6old_0620clean_mature13_remaining_p003_p013_g5\p002_T10_HG10C_70RH_h2o,8.5191,h2o_wet_calibration_point,False,GA02,ga02,002,C_reject,ga02_h2o_ratio_f,0.0001,0.001,,10,10,10,point_wide_hard_blocker:route_specific_physical_reference_invalid,False,False,5b2cbc1321255b31b86bf9b3a6c36736079abe89521c92a27b095d1badc6b480,f1fe0f174f2e71f90f49e1dbaa1713b8fdbbaf82cf87bc18b3e45d156ded0202,ebac91e07cd36447eb3cab43e7cbe48785b00d0f7bfbcf9fef709f72a9e810cf,e72b40861d824a4dfa4f772ab8714a91a840766132cc2909f50b69057356149a,2ec7445f446676bc26bfdf2022ca9b5e348ef515bfffdaed796d7b858f651934
h2o,p002_T10_HG10C_70RH_h2o,D:\gas_calibrator\_p9_20260706\h2o_6old_0620clean_mature13_remaining_p003_p013_g5\p002_T10_HG10C_70RH_h2o,8.5191,h2o_wet_calibration_point,False,GA03,ga03,010,C_reject,ga03_h2o_ratio_f,0.0,0.001,,10,10,10,point_wide_hard_blocker:route_specific_physical_reference_invalid,False,False,5b2cbc1321255b31b86bf9b3a6c36736079abe89521c92a27b095d1badc6b480,f1fe0f174f2e71f90f49e1dbaa1713b8fdbbaf82cf87bc18b3e45d156ded0202,ebac91e07cd36447eb3cab43e7cbe48785b00d0f7bfbcf9fef709f72a9e810cf,e72b40861d824a4dfa4f772ab8714a91a840766132cc2909f50b69057356149a,2ec7445f446676bc26bfdf2022ca9b5e348ef515bfffdaed796d7b858f651934
h2o,p002_T10_HG10C_70RH_h2o,D:\gas_calibrator\_p9_20260706\h2o_6old_0620clean_mature13_remaining_p003_p013_g5\p002_T10_HG10C_70RH_h2o,8.5191,h2o_wet_calibration_point,False,GA04,ga04,076,C_reject,ga04_h2o_ratio_f,0.0,0.001,,10,10,10,point_wide_hard_blocker:route_specific_physical_reference_invalid,False,False,5b2cbc1321255b31b86bf9b3a6c36736079abe89521c92a27b095d1badc6b480,f1fe0f174f2e71f90f49e1dbaa1713b8fdbbaf82cf87bc18b3e45d156ded0202,ebac91e07cd36447eb3cab43e7cbe48785b00d0f7bfbcf9fef709f72a9e810cf,e72b40861d824a4dfa4f772ab8714a91a840766132cc2909f50b69057356149a,2ec7445f446676bc26bfdf2022ca9b5e348ef515bfffdaed796d7b858f651934
h2o,p002_T10_HG10C_70RH_h2o,D:\gas_calibrator\_p9_20260706\h2o_6old_0620clean_mature13_remaining_p003_p013_g5\p002_T10_HG10C_70RH_h2o,8.5191,h2o_wet_calibration_point,False,GA05,ga05,005,C_reject,ga05_h2o_ratio_f,0.0001,0.001,,10,10,10,point_wide_hard_blocker:route_specific_physical_reference_invalid,False,False,5b2cbc1321255b31b86bf9b3a6c36736079abe89521c92a27b095d1badc6b480,f1fe0f174f2e71f90f49e1dbaa1713b8fdbbaf82cf87bc18b3e45d156ded0202,ebac91e07cd36447eb3cab43e7cbe48785b00d0f7bfbcf9fef709f72a9e810cf,e72b40861d824a4dfa4f772ab8714a91a840766132cc2909f50b69057356149a,2ec7445f446676bc26bfdf2022ca9b5e348ef515bfffdaed796d7b858f651934
h2o,p002_T10_HG10C_70RH_h2o,D:\gas_calibrator\_p9_20260706\h2o_6old_0620clean_mature13_remaining_p003_p013_g5\p002_T10_HG10C_70RH_h2o,8.5191,h2o_wet_calibration_point,False,GA06,ga06,090,C_reject,ga06_h2o_ratio_f,0.0,0.001,,10,10,10,point_wide_hard_blocker:route_specific_physical_reference_invalid,False,False,5b2cbc1321255b31b86bf9b3a6c36736079abe89521c92a27b095d1badc6b480,f1fe0f174f2e71f90f49e1dbaa1713b8fdbbaf82cf87bc18b3e45d156ded0202,ebac91e07cd36447eb3cab43e7cbe48785b00d0f7bfbcf9fef709f72a9e810cf,e72b40861d824a4dfa4f772ab8714a91a840766132cc2909f50b69057356149a,2ec7445f446676bc26bfdf2022ca9b5e348ef515bfffdaed796d7b858f651934
h2o,p003_T20_HG20C_30RH_h2o,D:\gas_calibrator\_p9_20260706\h2o_6old_0620clean_mature13_remaining_p003_p013_g5\p003_T20_HG20C_30RH_h2o,6.9571,h2o_wet_calibration_point,False,GA01,ga01,001,C_reject,ga01_h2o_ratio_f,0.0001,0.001,,10,10,10,point_wide_hard_blocker:route_specific_physical_reference_invalid,False,False,6f0cf086d02c3d385968c1aa9adb94c5735afa59e591264997c98acd68dc5bc7,4446d42ab26033bd38c05897245ee52822fd8ba97510cba8e2a6d6a21ca0f50c,ebac91e07cd36447eb3cab43e7cbe48785b00d0f7bfbcf9fef709f72a9e810cf,3bae86c70c08ae9bf51d93dba1c5bd48162c8b882934202be44d55d45eedd1c7,2ec7445f446676bc26bfdf2022ca9b5e348ef515bfffdaed796d7b858f651934
h2o,p003_T20_HG20C_30RH_h2o,D:\gas_calibrator\_p9_20260706\h2o_6old_0620clean_mature13_remaining_p003_p013_g5\p003_T20_HG20C_30RH_h2o,6.9571,h2o_wet_calibration_point,False,GA02,ga02,002,C_reject,ga02_h2o_ratio_f,0.0,0.001,,10,10,10,point_wide_hard_blocker:route_specific_physical_reference_invalid,False,False,6f0cf086d02c3d385968c1aa9adb94c5735afa59e591264997c98acd68dc5bc7,4446d42ab26033bd38c05897245ee52822fd8ba97510cba8e2a6d6a21ca0f50c,ebac91e07cd36447eb3cab43e7cbe48785b00d0f7bfbcf9fef709f72a9e810cf,3bae86c70c08ae9bf51d93dba1c5bd48162c8b882934202be44d55d45eedd1c7,2ec7445f446676bc26bfdf2022ca9b5e348ef515bfffdaed796d7b858f651934
h2o,p003_T20_HG20C_30RH_h2o,D:\gas_calibrator\_p9_20260706\h2o_6old_0620clean_mature13_remaining_p003_p013_g5\p003_T20_HG20C_30RH_h2o,6.9571,h2o_wet_calibration_point,False,GA03,ga03,010,C_reject,ga03_h2o_ratio_f,0.0,0.001,,10,10,10,point_wide_hard_blocker:route_specific_physical_reference_invalid,False,False,6f0cf086d02c3d385968c1aa9adb94c5735afa59e591264997c98acd68dc5bc7,4446d42ab26033bd38c05897245ee52822fd8ba97510cba8e2a6d6a21ca0f50c,ebac91e07cd36447eb3cab43e7cbe48785b00d0f7bfbcf9fef709f72a9e810cf,3bae86c70c08ae9bf51d93dba1c5bd48162c8b882934202be44d55d45eedd1c7,2ec7445f446676bc26bfdf2022ca9b5e348ef515bfffdaed796d7b858f651934
h2o,p003_T20_HG20C_30RH_h2o,D:\gas_calibrator\_p9_20260706\h2o_6old_0620clean_mature13_remaining_p003_p013_g5\p003_T20_HG20C_30RH_h2o,6.9571,h2o_wet_calibration_point,False,GA04,ga04,076,C_reject,ga04_h2o_ratio_f,0.0,0.001,,10,10,10,point_wide_hard_blocker:route_specific_physical_reference_invalid,False,False,6f0cf086d02c3d385968c1aa9adb94c5735afa59e591264997c98acd68dc5bc7,4446d42ab26033bd38c05897245ee52822fd8ba97510cba8e2a6d6a21ca0f50c,ebac91e07cd36447eb3cab43e7cbe48785b00d0f7bfbcf9fef709f72a9e810cf,3bae86c70c08ae9bf51d93dba1c5bd48162c8b882934202be44d55d45eedd1c7,2ec7445f446676bc26bfdf2022ca9b5e348ef515bfffdaed796d7b858f651934
h2o,p003_T20_HG20C_30RH_h2o,D:\gas_calibrator\_p9_20260706\h2o_6old_0620clean_mature13_remaining_p003_p013_g5\p003_T20_HG20C_30RH_h2o,6.9571,h2o_wet_calibration_point,False,GA05,ga05,005,C_reject,ga05_h2o_ratio_f,0.0,0.001,,10,10,10,point_wide_hard_blocker:route_specific_physical_reference_invalid,False,False,6f0cf086d02c3d385968c1aa9adb94c5735afa59e591264997c98acd68dc5bc7,4446d42ab26033bd38c05897245ee52822fd8ba97510cba8e2a6d6a21ca0f50c,ebac91e07cd36447eb3cab43e7cbe48785b00d0f7bfbcf9fef709f72a9e810cf,3bae86c70c08ae9bf51d93dba1c5bd48162c8b882934202be44d55d45eedd1c7,2ec7445f446676bc26bfdf2022ca9b5e348ef515bfffdaed796d7b858f651934
h2o,p003_T20_HG20C_30RH_h2o,D:\gas_calibrator\_p9_20260706\h2o_6old_0620clean_mature13_remaining_p003_p013_g5\p003_T20_HG20C_30RH_h2o,6.9571,h2o_wet_calibration_point,False,GA06,ga06,090,C_reject,ga06_h2o_ratio_f,0.0,0.001,,10,10,10,point_wide_hard_blocker:route_specific_physical_reference_invalid,False,False,6f0cf086d02c3d385968c1aa9adb94c5735afa59e591264997c98acd68dc5bc7,4446d42ab26033bd38c05897245ee52822fd8ba97510cba8e2a6d6a21ca0f50c,ebac91e07cd36447eb3cab43e7cbe48785b00d0f7bfbcf9fef709f72a9e810cf,3bae86c70c08ae9bf51d93dba1c5bd48162c8b882934202be44d55d45eedd1c7,2ec7445f446676bc26bfdf2022ca9b5e348ef515bfffdaed796d7b858f651934
h2o,p004_T20_HG20C_50RH_h2o,D:\gas_calibrator\_p9_20260706\h2o_6old_0620clean_mature13_remaining_p003_p013_g5\p004_T20_HG20C_50RH_h2o,11.6416,h2o_wet_calibration_point,False,GA01,ga01,001,C_reject,ga01_h2o_ratio_f,0.0,0.001,,10,10,10,point_wide_hard_blocker:route_specific_physical_reference_invalid,False,False,25a9b28d04a9c3686f1c4987296b37bdd69d8440bb5c2a60101aa8e67c67682a,42065b967b7e5d8f89ac48b01dd5266871d4ba83ef21792f66f348182b69e263,ebac91e07cd36447eb3cab43e7cbe48785b00d0f7bfbcf9fef709f72a9e810cf,496de84aacd4c33b7143197e548b6c544d95b8a64a760a9177814c1e0a079031,2ec7445f446676bc26bfdf2022ca9b5e348ef515bfffdaed796d7b858f651934
h2o,p004_T20_HG20C_50RH_h2o,D:\gas_calibrator\_p9_20260706\h2o_6old_0620clean_mature13_remaining_p003_p013_g5\p004_T20_HG20C_50RH_h2o,11.6416,h2o_wet_calibration_point,False,GA02,ga02,002,C_reject,ga02_h2o_ratio_f,0.0,0.001,,10,10,10,point_wide_hard_blocker:route_specific_physical_reference_invalid,False,False,25a9b28d04a9c3686f1c4987296b37bdd69d8440bb5c2a60101aa8e67c67682a,42065b967b7e5d8f89ac48b01dd5266871d4ba83ef21792f66f348182b69e263,ebac91e07cd36447eb3cab43e7cbe48785b00d0f7bfbcf9fef709f72a9e810cf,496de84aacd4c33b7143197e548b6c544d95b8a64a760a9177814c1e0a079031,2ec7445f446676bc26bfdf2022ca9b5e348ef515bfffdaed796d7b858f651934
h2o,p004_T20_HG20C_50RH_h2o,D:\gas_calibrator\_p9_20260706\h2o_6old_0620clean_mature13_remaining_p003_p013_g5\p004_T20_HG20C_50RH_h2o,11.6416,h2o_wet_calibration_point,False,GA03,ga03,010,C_reject,ga03_h2o_ratio_f,0.0,0.001,,10,10,10,point_wide_hard_blocker:route_specific_physical_reference_invalid,False,False,25a9b28d04a9c3686f1c4987296b37bdd69d8440bb5c2a60101aa8e67c67682a,42065b967b7e5d8f89ac48b01dd5266871d4ba83ef21792f66f348182b69e263,ebac91e07cd36447eb3cab43e7cbe48785b00d0f7bfbcf9fef709f72a9e810cf,496de84aacd4c33b7143197e548b6c544d95b8a64a760a9177814c1e0a079031,2ec7445f446676bc26bfdf2022ca9b5e348ef515bfffdaed796d7b858f651934
h2o,p004_T20_HG20C_50RH_h2o,D:\gas_calibrator\_p9_20260706\h2o_6old_0620clean_mature13_remaining_p003_p013_g5\p004_T20_HG20C_50RH_h2o,11.6416,h2o_wet_calibration_point,False,GA04,ga04,076,C_reject,ga04_h2o_ratio_f,0.0,0.001,,10,10,10,point_wide_hard_blocker:route_specific_physical_reference_invalid,False,False,25a9b28d04a9c3686f1c4987296b37bdd69d8440bb5c2a60101aa8e67c67682a,42065b967b7e5d8f89ac48b01dd5266871d4ba83ef21792f66f348182b69e263,ebac91e07cd36447eb3cab43e7cbe48785b00d0f7bfbcf9fef709f72a9e810cf,496de84aacd4c33b7143197e548b6c544d95b8a64a760a9177814c1e0a079031,2ec7445f446676bc26bfdf2022ca9b5e348ef515bfffdaed796d7b858f651934
h2o,p004_T20_HG20C_50RH_h2o,D:\gas_calibrator\_p9_20260706\h2o_6old_0620clean_mature13_remaining_p003_p013_g5\p004_T20_HG20C_50RH_h2o,11.6416,h2o_wet_calibration_point,False,GA05,ga05,005,C_reject,ga05_h2o_ratio_f,0.0,0.001,,10,10,10,point_wide_hard_blocker:route_specific_physical_reference_invalid,False,False,25a9b28d04a9c3686f1c4987296b37bdd69d8440bb5c2a60101aa8e67c67682a,42065b967b7e5d8f89ac48b01dd5266871d4ba83ef21792f66f348182b69e263,ebac91e07cd36447eb3cab43e7cbe48785b00d0f7bfbcf9fef709f72a9e810cf,496de84aacd4c33b7143197e548b6c544d95b8a64a760a9177814c1e0a079031,2ec7445f446676bc26bfdf2022ca9b5e348ef515bfffdaed796d7b858f651934
h2o,p004_T20_HG20C_50RH_h2o,D:\gas_calibrator\_p9_20260706\h2o_6old_0620clean_mature13_remaining_p003_p013_g5\p004_T20_HG20C_50RH_h2o,11.6416,h2o_wet_calibration_point,False,GA06,ga06,090,C_reject,ga06_h2o_ratio_f,0.0,0.001,,10,10,10,point_wide_hard_blocker:route_specific_physical_reference_invalid,False,False,25a9b28d04a9c3686f1c4987296b37bdd69d8440bb5c2a60101aa8e67c67682a,42065b967b7e5d8f89ac48b01dd5266871d4ba83ef21792f66f348182b69e263,ebac91e07cd36447eb3cab43e7cbe48785b00d0f7bfbcf9fef709f72a9e810cf,496de84aacd4c33b7143197e548b6c544d95b8a64a760a9177814c1e0a079031,2ec7445f446676bc26bfdf2022ca9b5e348ef515bfffdaed796d7b858f651934
h2o,p005_T20_HG20C_70RH_h2o,D:\gas_calibrator\_p9_20260706\h2o_6old_0620clean_mature13_remaining_p003_p013_g5\p005_T20_HG20C_70RH_h2o,16.3715,h2o_wet_calibration_point,False,GA01,ga01,001,C_reject,ga01_h2o_ratio_f,0.0,0.001,,10,10,10,point_wide_hard_blocker:route_specific_physical_reference_invalid,False,False,4c4f320a1a216f1f9191de618b08eca0b352ff95c4ec18e2fd93768d65c6260b,88491f8480b77888aef97585fb2fd759193b367cc9fd8a5f6a75619bd9dcc264,ebac91e07cd36447eb3cab43e7cbe48785b00d0f7bfbcf9fef709f72a9e810cf,7c1441d75fdd3b1be2c379a4bcc5ef4fbcee4b4925a7f4c2b60f85a27b13d0c0,2ec7445f446676bc26bfdf2022ca9b5e348ef515bfffdaed796d7b858f651934
h2o,p005_T20_HG20C_70RH_h2o,D:\gas_calibrator\_p9_20260706\h2o_6old_0620clean_mature13_remaining_p003_p013_g5\p005_T20_HG20C_70RH_h2o,16.3715,h2o_wet_calibration_point,False,GA02,ga02,002,C_reject,ga02_h2o_ratio_f,0.0001,0.001,,10,10,10,point_wide_hard_blocker:route_specific_physical_reference_invalid,False,False,4c4f320a1a216f1f9191de618b08eca0b352ff95c4ec18e2fd93768d65c6260b,88491f8480b77888aef97585fb2fd759193b367cc9fd8a5f6a75619bd9dcc264,ebac91e07cd36447eb3cab43e7cbe48785b00d0f7bfbcf9fef709f72a9e810cf,7c1441d75fdd3b1be2c379a4bcc5ef4fbcee4b4925a7f4c2b60f85a27b13d0c0,2ec7445f446676bc26bfdf2022ca9b5e348ef515bfffdaed796d7b858f651934
h2o,p005_T20_HG20C_70RH_h2o,D:\gas_calibrator\_p9_20260706\h2o_6old_0620clean_mature13_remaining_p003_p013_g5\p005_T20_HG20C_70RH_h2o,16.3715,h2o_wet_calibration_point,False,GA03,ga03,010,C_reject,ga03_h2o_ratio_f,0.0001,0.001,,10,10,10,point_wide_hard_blocker:route_specific_physical_reference_invalid,False,False,4c4f320a1a216f1f9191de618b08eca0b352ff95c4ec18e2fd93768d65c6260b,88491f8480b77888aef97585fb2fd759193b367cc9fd8a5f6a75619bd9dcc264,ebac91e07cd36447eb3cab43e7cbe48785b00d0f7bfbcf9fef709f72a9e810cf,7c1441d75fdd3b1be2c379a4bcc5ef4fbcee4b4925a7f4c2b60f85a27b13d0c0,2ec7445f446676bc26bfdf2022ca9b5e348ef515bfffdaed796d7b858f651934
h2o,p005_T20_HG20C_70RH_h2o,D:\gas_calibrator\_p9_20260706\h2o_6old_0620clean_mature13_remaining_p003_p013_g5\p005_T20_HG20C_70RH_h2o,16.3715,h2o_wet_calibration_point,False,GA04,ga04,076,C_reject,ga04_h2o_ratio_f,0.0,0.001,,10,10,10,point_wide_hard_blocker:route_specific_physical_reference_invalid,False,False,4c4f320a1a216f1f9191de618b08eca0b352ff95c4ec18e2fd93768d65c6260b,88491f8480b77888aef97585fb2fd759193b367cc9fd8a5f6a75619bd9dcc264,ebac91e07cd36447eb3cab43e7cbe48785b00d0f7bfbcf9fef709f72a9e810cf,7c1441d75fdd3b1be2c379a4bcc5ef4fbcee4b4925a7f4c2b60f85a27b13d0c0,2ec7445f446676bc26bfdf2022ca9b5e348ef515bfffdaed796d7b858f651934
h2o,p005_T20_HG20C_70RH_h2o,D:\gas_calibrator\_p9_20260706\h2o_6old_0620clean_mature13_remaining_p003_p013_g5\p005_T20_HG20C_70RH_h2o,16.3715,h2o_wet_calibration_point,False,GA05,ga05,005,C_reject,ga05_h2o_ratio_f,0.0001,0.001,,10,10,10,point_wide_hard_blocker:route_specific_physical_reference_invalid,False,False,4c4f320a1a216f1f9191de618b08eca0b352ff95c4ec18e2fd93768d65c6260b,88491f8480b77888aef97585fb2fd759193b367cc9fd8a5f6a75619bd9dcc264,ebac91e07cd36447eb3cab43e7cbe48785b00d0f7bfbcf9fef709f72a9e810cf,7c1441d75fdd3b1be2c379a4bcc5ef4fbcee4b4925a7f4c2b60f85a27b13d0c0,2ec7445f446676bc26bfdf2022ca9b5e348ef515bfffdaed796d7b858f651934
h2o,p005_T20_HG20C_70RH_h2o,D:\gas_calibrator\_p9_20260706\h2o_6old_0620clean_mature13_remaining_p003_p013_g5\p005_T20_HG20C_70RH_h2o,16.3715,h2o_wet_calibration_point,False,GA06,ga06,090,C_reject,ga06_h2o_ratio_f,0.0,0.001,,10,10,10,point_wide_hard_blocker:route_specific_physical_reference_invalid,False,False,4c4f320a1a216f1f9191de618b08eca0b352ff95c4ec18e2fd93768d65c6260b,88491f8480b77888aef97585fb2fd759193b367cc9fd8a5f6a75619bd9dcc264,ebac91e07cd36447eb3cab43e7cbe48785b00d0f7bfbcf9fef709f72a9e810cf,7c1441d75fdd3b1be2c379a4bcc5ef4fbcee4b4925a7f4c2b60f85a27b13d0c0,2ec7445f446676bc26bfdf2022ca9b5e348ef515bfffdaed796d7b858f651934
h2o,p006_T30_HG20C_30RH_h2o,D:\gas_calibrator\_p9_20260706\h2o_6old_0620clean_mature13_remaining_p003_p013_g5\p006_T30_HG20C_30RH_h2o,6.9571,h2o_wet_calibration_point,False,GA01,ga01,001,C_reject,ga01_h2o_ratio_f,0.0,0.001,,10,10,10,point_wide_hard_blocker:route_specific_physical_reference_invalid,False,False,5904f4b2a9d1364692f30528050c81dcce211083e9a3b4e3c4e62042db9e50ce,4446d42ab26033bd38c05897245ee52822fd8ba97510cba8e2a6d6a21ca0f50c,ebac91e07cd36447eb3cab43e7cbe48785b00d0f7bfbcf9fef709f72a9e810cf,1e5d3a1753a25ca430e87a67924b72fe8fde85476ce02bd301c51fda297cf36e,2ec7445f446676bc26bfdf2022ca9b5e348ef515bfffdaed796d7b858f651934
h2o,p006_T30_HG20C_30RH_h2o,D:\gas_calibrator\_p9_20260706\h2o_6old_0620clean_mature13_remaining_p003_p013_g5\p006_T30_HG20C_30RH_h2o,6.9571,h2o_wet_calibration_point,False,GA02,ga02,002,C_reject,ga02_h2o_ratio_f,0.0,0.001,,10,10,10,point_wide_hard_blocker:route_specific_physical_reference_invalid,False,False,5904f4b2a9d1364692f30528050c81dcce211083e9a3b4e3c4e62042db9e50ce,4446d42ab26033bd38c05897245ee52822fd8ba97510cba8e2a6d6a21ca0f50c,ebac91e07cd36447eb3cab43e7cbe48785b00d0f7bfbcf9fef709f72a9e810cf,1e5d3a1753a25ca430e87a67924b72fe8fde85476ce02bd301c51fda297cf36e,2ec7445f446676bc26bfdf2022ca9b5e348ef515bfffdaed796d7b858f651934
h2o,p006_T30_HG20C_30RH_h2o,D:\gas_calibrator\_p9_20260706\h2o_6old_0620clean_mature13_remaining_p003_p013_g5\p006_T30_HG20C_30RH_h2o,6.9571,h2o_wet_calibration_point,False,GA03,ga03,010,C_reject,ga03_h2o_ratio_f,0.0,0.001,,10,10,10,point_wide_hard_blocker:route_specific_physical_reference_invalid,False,False,5904f4b2a9d1364692f30528050c81dcce211083e9a3b4e3c4e62042db9e50ce,4446d42ab26033bd38c05897245ee52822fd8ba97510cba8e2a6d6a21ca0f50c,ebac91e07cd36447eb3cab43e7cbe48785b00d0f7bfbcf9fef709f72a9e810cf,1e5d3a1753a25ca430e87a67924b72fe8fde85476ce02bd301c51fda297cf36e,2ec7445f446676bc26bfdf2022ca9b5e348ef515bfffdaed796d7b858f651934
h2o,p006_T30_HG20C_30RH_h2o,D:\gas_calibrator\_p9_20260706\h2o_6old_0620clean_mature13_remaining_p003_p013_g5\p006_T30_HG20C_30RH_h2o,6.9571,h2o_wet_calibration_point,False,GA04,ga04,076,C_reject,ga04_h2o_ratio_f,0.0,0.001,,10,10,10,point_wide_hard_blocker:route_specific_physical_reference_invalid,False,False,5904f4b2a9d1364692f30528050c81dcce211083e9a3b4e3c4e62042db9e50ce,4446d42ab26033bd38c05897245ee52822fd8ba97510cba8e2a6d6a21ca0f50c,ebac91e07cd36447eb3cab43e7cbe48785b00d0f7bfbcf9fef709f72a9e810cf,1e5d3a1753a25ca430e87a67924b72fe8fde85476ce02bd301c51fda297cf36e,2ec7445f446676bc26bfdf2022ca9b5e348ef515bfffdaed796d7b858f651934
h2o,p006_T30_HG20C_30RH_h2o,D:\gas_calibrator\_p9_20260706\h2o_6old_0620clean_mature13_remaining_p003_p013_g5\p006_T30_HG20C_30RH_h2o,6.9571,h2o_wet_calibration_point,False,GA05,ga05,005,C_reject,ga05_h2o_ratio_f,0.0001,0.001,,10,10,10,point_wide_hard_blocker:route_specific_physical_reference_invalid,False,False,5904f4b2a9d1364692f30528050c81dcce211083e9a3b4e3c4e62042db9e50ce,4446d42ab26033bd38c05897245ee52822fd8ba97510cba8e2a6d6a21ca0f50c,ebac91e07cd36447eb3cab43e7cbe48785b00d0f7bfbcf9fef709f72a9e810cf,1e5d3a1753a25ca430e87a67924b72fe8fde85476ce02bd301c51fda297cf36e,2ec7445f446676bc26bfdf2022ca9b5e348ef515bfffdaed796d7b858f651934
h2o,p006_T30_HG20C_30RH_h2o,D:\gas_calibrator\_p9_20260706\h2o_6old_0620clean_mature13_remaining_p003_p013_g5\p006_T30_HG20C_30RH_h2o,6.9571,h2o_wet_calibration_point,False,GA06,ga06,090,C_reject,ga06_h2o_ratio_f,0.0,0.001,,10,10,10,point_wide_hard_blocker:route_specific_physical_reference_invalid,False,False,5904f4b2a9d1364692f30528050c81dcce211083e9a3b4e3c4e62042db9e50ce,4446d42ab26033bd38c05897245ee52822fd8ba97510cba8e2a6d6a21ca0f50c,ebac91e07cd36447eb3cab43e7cbe48785b00d0f7bfbcf9fef709f72a9e810cf,1e5d3a1753a25ca430e87a67924b72fe8fde85476ce02bd301c51fda297cf36e,2ec7445f446676bc26bfdf2022ca9b5e348ef515bfffdaed796d7b858f651934
h2o,p007_T30_HG20C_50RH_h2o,D:\gas_calibrator\_p9_20260706\h2o_6old_0620clean_mature13_remaining_p003_p013_g5\p007_T30_HG20C_50RH_h2o,11.6416,h2o_wet_calibration_point,False,GA01,ga01,001,C_reject,ga01_h2o_ratio_f,0.0001,0.001,,10,10,10,point_wide_hard_blocker:route_specific_physical_reference_invalid,False,False,e224a714dded64029ade4d31d16637e923588fb80c4161ca88ee8429680f0953,42065b967b7e5d8f89ac48b01dd5266871d4ba83ef21792f66f348182b69e263,ebac91e07cd36447eb3cab43e7cbe48785b00d0f7bfbcf9fef709f72a9e810cf,c5d3cbd2fa0a26ca353dcbe6fa23b322ba015792b406d478558ff16968fd48a4,2ec7445f446676bc26bfdf2022ca9b5e348ef515bfffdaed796d7b858f651934
h2o,p007_T30_HG20C_50RH_h2o,D:\gas_calibrator\_p9_20260706\h2o_6old_0620clean_mature13_remaining_p003_p013_g5\p007_T30_HG20C_50RH_h2o,11.6416,h2o_wet_calibration_point,False,GA02,ga02,002,C_reject,ga02_h2o_ratio_f,0.0001,0.001,,10,10,10,point_wide_hard_blocker:route_specific_physical_reference_invalid,False,False,e224a714dded64029ade4d31d16637e923588fb80c4161ca88ee8429680f0953,42065b967b7e5d8f89ac48b01dd5266871d4ba83ef21792f66f348182b69e263,ebac91e07cd36447eb3cab43e7cbe48785b00d0f7bfbcf9fef709f72a9e810cf,c5d3cbd2fa0a26ca353dcbe6fa23b322ba015792b406d478558ff16968fd48a4,2ec7445f446676bc26bfdf2022ca9b5e348ef515bfffdaed796d7b858f651934
h2o,p007_T30_HG20C_50RH_h2o,D:\gas_calibrator\_p9_20260706\h2o_6old_0620clean_mature13_remaining_p003_p013_g5\p007_T30_HG20C_50RH_h2o,11.6416,h2o_wet_calibration_point,False,GA03,ga03,010,C_reject,ga03_h2o_ratio_f,0.0,0.001,,10,10,10,point_wide_hard_blocker:route_specific_physical_reference_invalid,False,False,e224a714dded64029ade4d31d16637e923588fb80c4161ca88ee8429680f0953,42065b967b7e5d8f89ac48b01dd5266871d4ba83ef21792f66f348182b69e263,ebac91e07cd36447eb3cab43e7cbe48785b00d0f7bfbcf9fef709f72a9e810cf,c5d3cbd2fa0a26ca353dcbe6fa23b322ba015792b406d478558ff16968fd48a4,2ec7445f446676bc26bfdf2022ca9b5e348ef515bfffdaed796d7b858f651934
h2o,p007_T30_HG20C_50RH_h2o,D:\gas_calibrator\_p9_20260706\h2o_6old_0620clean_mature13_remaining_p003_p013_g5\p007_T30_HG20C_50RH_h2o,11.6416,h2o_wet_calibration_point,False,GA04,ga04,076,C_reject,ga04_h2o_ratio_f,0.0,0.001,,10,10,10,point_wide_hard_blocker:route_specific_physical_reference_invalid,False,False,e224a714dded64029ade4d31d16637e923588fb80c4161ca88ee8429680f0953,42065b967b7e5d8f89ac48b01dd5266871d4ba83ef21792f66f348182b69e263,ebac91e07cd36447eb3cab43e7cbe48785b00d0f7bfbcf9fef709f72a9e810cf,c5d3cbd2fa0a26ca353dcbe6fa23b322ba015792b406d478558ff16968fd48a4,2ec7445f446676bc26bfdf2022ca9b5e348ef515bfffdaed796d7b858f651934
h2o,p007_T30_HG20C_50RH_h2o,D:\gas_calibrator\_p9_20260706\h2o_6old_0620clean_mature13_remaining_p003_p013_g5\p007_T30_HG20C_50RH_h2o,11.6416,h2o_wet_calibration_point,False,GA05,ga05,005,C_reject,ga05_h2o_ratio_f,0.0,0.001,,10,10,10,point_wide_hard_blocker:route_specific_physical_reference_invalid,False,False,e224a714dded64029ade4d31d16637e923588fb80c4161ca88ee8429680f0953,42065b967b7e5d8f89ac48b01dd5266871d4ba83ef21792f66f348182b69e263,ebac91e07cd36447eb3cab43e7cbe48785b00d0f7bfbcf9fef709f72a9e810cf,c5d3cbd2fa0a26ca353dcbe6fa23b322ba015792b406d478558ff16968fd48a4,2ec7445f446676bc26bfdf2022ca9b5e348ef515bfffdaed796d7b858f651934
h2o,p007_T30_HG20C_50RH_h2o,D:\gas_calibrator\_p9_20260706\h2o_6old_0620clean_mature13_remaining_p003_p013_g5\p007_T30_HG20C_50RH_h2o,11.6416,h2o_wet_calibration_point,False,GA06,ga06,090,C_reject,ga06_h2o_ratio_f,0.0,0.001,,10,10,10,point_wide_hard_blocker:route_specific_physical_reference_invalid,False,False,e224a714dded64029ade4d31d16637e923588fb80c4161ca88ee8429680f0953,42065b967b7e5d8f89ac48b01dd5266871d4ba83ef21792f66f348182b69e263,ebac91e07cd36447eb3cab43e7cbe48785b00d0f7bfbcf9fef709f72a9e810cf,c5d3cbd2fa0a26ca353dcbe6fa23b322ba015792b406d478558ff16968fd48a4,2ec7445f446676bc26bfdf2022ca9b5e348ef515bfffdaed796d7b858f651934
h2o,p008_T30_HG20C_70RH_h2o,D:\gas_calibrator\_p9_20260706\h2o_6old_0620clean_mature13_remaining_p003_p013_g5\p008_T30_HG20C_70RH_h2o,16.3715,h2o_wet_calibration_point,False,GA01,ga01,001,C_reject,ga01_h2o_ratio_f,0.0,0.001,,10,10,10,point_wide_hard_blocker:route_specific_physical_reference_invalid,False,False,963301583707e45baa27876c2a8acae1334c30558092cbc9cf71edeeeb60d98c,88491f8480b77888aef97585fb2fd759193b367cc9fd8a5f6a75619bd9dcc264,ebac91e07cd36447eb3cab43e7cbe48785b00d0f7bfbcf9fef709f72a9e810cf,65b0dd80fa8f9e758afaba28f7acfa1de3b8831a095d88983e4ff3ebf40bbfb0,2ec7445f446676bc26bfdf2022ca9b5e348ef515bfffdaed796d7b858f651934
h2o,p008_T30_HG20C_70RH_h2o,D:\gas_calibrator\_p9_20260706\h2o_6old_0620clean_mature13_remaining_p003_p013_g5\p008_T30_HG20C_70RH_h2o,16.3715,h2o_wet_calibration_point,False,GA02,ga02,002,C_reject,ga02_h2o_ratio_f,0.0,0.001,,10,10,10,point_wide_hard_blocker:route_specific_physical_reference_invalid,False,False,963301583707e45baa27876c2a8acae1334c30558092cbc9cf71edeeeb60d98c,88491f8480b77888aef97585fb2fd759193b367cc9fd8a5f6a75619bd9dcc264,ebac91e07cd36447eb3cab43e7cbe48785b00d0f7bfbcf9fef709f72a9e810cf,65b0dd80fa8f9e758afaba28f7acfa1de3b8831a095d88983e4ff3ebf40bbfb0,2ec7445f446676bc26bfdf2022ca9b5e348ef515bfffdaed796d7b858f651934
h2o,p008_T30_HG20C_70RH_h2o,D:\gas_calibrator\_p9_20260706\h2o_6old_0620clean_mature13_remaining_p003_p013_g5\p008_T30_HG20C_70RH_h2o,16.3715,h2o_wet_calibration_point,False,GA03,ga03,010,C_reject,ga03_h2o_ratio_f,0.0001,0.001,,10,10,10,point_wide_hard_blocker:route_specific_physical_reference_invalid,False,False,963301583707e45baa27876c2a8acae1334c30558092cbc9cf71edeeeb60d98c,88491f8480b77888aef97585fb2fd759193b367cc9fd8a5f6a75619bd9dcc264,ebac91e07cd36447eb3cab43e7cbe48785b00d0f7bfbcf9fef709f72a9e810cf,65b0dd80fa8f9e758afaba28f7acfa1de3b8831a095d88983e4ff3ebf40bbfb0,2ec7445f446676bc26bfdf2022ca9b5e348ef515bfffdaed796d7b858f651934
h2o,p008_T30_HG20C_70RH_h2o,D:\gas_calibrator\_p9_20260706\h2o_6old_0620clean_mature13_remaining_p003_p013_g5\p008_T30_HG20C_70RH_h2o,16.3715,h2o_wet_calibration_point,False,GA04,ga04,076,C_reject,ga04_h2o_ratio_f,0.0,0.001,,10,10,10,point_wide_hard_blocker:route_specific_physical_reference_invalid,False,False,963301583707e45baa27876c2a8acae1334c30558092cbc9cf71edeeeb60d98c,88491f8480b77888aef97585fb2fd759193b367cc9fd8a5f6a75619bd9dcc264,ebac91e07cd36447eb3cab43e7cbe48785b00d0f7bfbcf9fef709f72a9e810cf,65b0dd80fa8f9e758afaba28f7acfa1de3b8831a095d88983e4ff3ebf40bbfb0,2ec7445f446676bc26bfdf2022ca9b5e348ef515bfffdaed796d7b858f651934
h2o,p008_T30_HG20C_70RH_h2o,D:\gas_calibrator\_p9_20260706\h2o_6old_0620clean_mature13_remaining_p003_p013_g5\p008_T30_HG20C_70RH_h2o,16.3715,h2o_wet_calibration_point,False,GA05,ga05,005,C_reject,ga05_h2o_ratio_f,0.0,0.001,,10,10,10,point_wide_hard_blocker:route_specific_physical_reference_invalid,False,False,963301583707e45baa27876c2a8acae1334c30558092cbc9cf71edeeeb60d98c,88491f8480b77888aef97585fb2fd759193b367cc9fd8a5f6a75619bd9dcc264,ebac91e07cd36447eb3cab43e7cbe48785b00d0f7bfbcf9fef709f72a9e810cf,65b0dd80fa8f9e758afaba28f7acfa1de3b8831a095d88983e4ff3ebf40bbfb0,2ec7445f446676bc26bfdf2022ca9b5e348ef515bfffdaed796d7b858f651934
h2o,p008_T30_HG20C_70RH_h2o,D:\gas_calibrator\_p9_20260706\h2o_6old_0620clean_mature13_remaining_p003_p013_g5\p008_T30_HG20C_70RH_h2o,16.3715,h2o_wet_calibration_point,False,GA06,ga06,090,C_reject,ga06_h2o_ratio_f,0.0,0.001,,10,10,10,point_wide_hard_blocker:route_specific_physical_reference_invalid,False,False,963301583707e45baa27876c2a8acae1334c30558092cbc9cf71edeeeb60d98c,88491f8480b77888aef97585fb2fd759193b367cc9fd8a5f6a75619bd9dcc264,ebac91e07cd36447eb3cab43e7cbe48785b00d0f7bfbcf9fef709f72a9e810cf,65b0dd80fa8f9e758afaba28f7acfa1de3b8831a095d88983e4ff3ebf40bbfb0,2ec7445f446676bc26bfdf2022ca9b5e348ef515bfffdaed796d7b858f651934
h2o,p009_T30_HG20C_90RH_h2o,D:\gas_calibrator\_p9_20260706\h2o_6old_0620clean_mature13_remaining_p003_p013_g5\p009_T30_HG20C_90RH_h2o,21.1059,h2o_wet_calibration_point,False,GA01,ga01,001,C_reject,ga01_h2o_ratio_f,0.0,0.001,,10,10,10,point_wide_hard_blocker:route_specific_physical_reference_invalid,False,False,87b538115cffa99d8f54caf00faa85d25babf643f7b06d3a69592aa7e59716f8,8e771f2a0bf32ab83ff5237c0b1c855d31c630750290c2313c1b87188cb369c1,ebac91e07cd36447eb3cab43e7cbe48785b00d0f7bfbcf9fef709f72a9e810cf,df5767e099cec5db60128e80f5d8b5c2e8fe93d14a25eaf27e53b2c288d344cf,2ec7445f446676bc26bfdf2022ca9b5e348ef515bfffdaed796d7b858f651934
h2o,p009_T30_HG20C_90RH_h2o,D:\gas_calibrator\_p9_20260706\h2o_6old_0620clean_mature13_remaining_p003_p013_g5\p009_T30_HG20C_90RH_h2o,21.1059,h2o_wet_calibration_point,False,GA02,ga02,002,C_reject,ga02_h2o_ratio_f,0.0001,0.001,,10,10,10,point_wide_hard_blocker:route_specific_physical_reference_invalid,False,False,87b538115cffa99d8f54caf00faa85d25babf643f7b06d3a69592aa7e59716f8,8e771f2a0bf32ab83ff5237c0b1c855d31c630750290c2313c1b87188cb369c1,ebac91e07cd36447eb3cab43e7cbe48785b00d0f7bfbcf9fef709f72a9e810cf,df5767e099cec5db60128e80f5d8b5c2e8fe93d14a25eaf27e53b2c288d344cf,2ec7445f446676bc26bfdf2022ca9b5e348ef515bfffdaed796d7b858f651934
h2o,p009_T30_HG20C_90RH_h2o,D:\gas_calibrator\_p9_20260706\h2o_6old_0620clean_mature13_remaining_p003_p013_g5\p009_T30_HG20C_90RH_h2o,21.1059,h2o_wet_calibration_point,False,GA03,ga03,010,C_reject,ga03_h2o_ratio_f,0.0,0.001,,10,10,10,point_wide_hard_blocker:route_specific_physical_reference_invalid,False,False,87b538115cffa99d8f54caf00faa85d25babf643f7b06d3a69592aa7e59716f8,8e771f2a0bf32ab83ff5237c0b1c855d31c630750290c2313c1b87188cb369c1,ebac91e07cd36447eb3cab43e7cbe48785b00d0f7bfbcf9fef709f72a9e810cf,df5767e099cec5db60128e80f5d8b5c2e8fe93d14a25eaf27e53b2c288d344cf,2ec7445f446676bc26bfdf2022ca9b5e348ef515bfffdaed796d7b858f651934
h2o,p009_T30_HG20C_90RH_h2o,D:\gas_calibrator\_p9_20260706\h2o_6old_0620clean_mature13_remaining_p003_p013_g5\p009_T30_HG20C_90RH_h2o,21.1059,h2o_wet_calibration_point,False,GA04,ga04,076,C_reject,ga04_h2o_ratio_f,0.0,0.001,,10,10,10,point_wide_hard_blocker:route_specific_physical_reference_invalid,False,False,87b538115cffa99d8f54caf00faa85d25babf643f7b06d3a69592aa7e59716f8,8e771f2a0bf32ab83ff5237c0b1c855d31c630750290c2313c1b87188cb369c1,ebac91e07cd36447eb3cab43e7cbe48785b00d0f7bfbcf9fef709f72a9e810cf,df5767e099cec5db60128e80f5d8b5c2e8fe93d14a25eaf27e53b2c288d344cf,2ec7445f446676bc26bfdf2022ca9b5e348ef515bfffdaed796d7b858f651934
h2o,p009_T30_HG20C_90RH_h2o,D:\gas_calibrator\_p9_20260706\h2o_6old_0620clean_mature13_remaining_p003_p013_g5\p009_T30_HG20C_90RH_h2o,21.1059,h2o_wet_calibration_point,False,GA05,ga05,005,C_reject,ga05_h2o_ratio_f,0.0001,0.001,,10,10,10,point_wide_hard_blocker:route_specific_physical_reference_invalid,False,False,87b538115cffa99d8f54caf00faa85d25babf643f7b06d3a69592aa7e59716f8,8e771f2a0bf32ab83ff5237c0b1c855d31c630750290c2313c1b87188cb369c1,ebac91e07cd36447eb3cab43e7cbe48785b00d0f7bfbcf9fef709f72a9e810cf,df5767e099cec5db60128e80f5d8b5c2e8fe93d14a25eaf27e53b2c288d344cf,2ec7445f446676bc26bfdf2022ca9b5e348ef515bfffdaed796d7b858f651934
h2o,p009_T30_HG20C_90RH_h2o,D:\gas_calibrator\_p9_20260706\h2o_6old_0620clean_mature13_remaining_p003_p013_g5\p009_T30_HG20C_90RH_h2o,21.1059,h2o_wet_calibration_point,False,GA06,ga06,090,C_reject,ga06_h2o_ratio_f,0.0001,0.001,,10,10,10,point_wide_hard_blocker:route_specific_physical_reference_invalid,False,False,87b538115cffa99d8f54caf00faa85d25babf643f7b06d3a69592aa7e59716f8,8e771f2a0bf32ab83ff5237c0b1c855d31c630750290c2313c1b87188cb369c1,ebac91e07cd36447eb3cab43e7cbe48785b00d0f7bfbcf9fef709f72a9e810cf,df5767e099cec5db60128e80f5d8b5c2e8fe93d14a25eaf27e53b2c288d344cf,2ec7445f446676bc26bfdf2022ca9b5e348ef515bfffdaed796d7b858f651934
h2o,p010_T40_HG30C_50RH_h2o,D:\gas_calibrator\_p9_20260706\h2o_6old_0620clean_mature13_remaining_p003_p013_g5\p010_T40_HG30C_50RH_h2o,21.3229,h2o_wet_calibration_point,False,GA01,ga01,001,C_reject,ga01_h2o_ratio_f,0.0001,0.001,,10,10,10,point_wide_hard_blocker:route_specific_physical_reference_invalid,False,False,16b6f1e68234f26355c3ea5898822b9af1a7d0c2234ba0e6682d3bd1136fe839,8e229be3c0b46ccba14bef99e8dfe571e29b595cb7c5647bdbe36d810328df26,ebac91e07cd36447eb3cab43e7cbe48785b00d0f7bfbcf9fef709f72a9e810cf,0b9492e97e29c853748646d9abfeba450a7a011d9ea65eb4491f147e00980fdf,2ec7445f446676bc26bfdf2022ca9b5e348ef515bfffdaed796d7b858f651934
h2o,p010_T40_HG30C_50RH_h2o,D:\gas_calibrator\_p9_20260706\h2o_6old_0620clean_mature13_remaining_p003_p013_g5\p010_T40_HG30C_50RH_h2o,21.3229,h2o_wet_calibration_point,False,GA02,ga02,002,C_reject,ga02_h2o_ratio_f,0.0001,0.001,,10,10,10,point_wide_hard_blocker:route_specific_physical_reference_invalid,False,False,16b6f1e68234f26355c3ea5898822b9af1a7d0c2234ba0e6682d3bd1136fe839,8e229be3c0b46ccba14bef99e8dfe571e29b595cb7c5647bdbe36d810328df26,ebac91e07cd36447eb3cab43e7cbe48785b00d0f7bfbcf9fef709f72a9e810cf,0b9492e97e29c853748646d9abfeba450a7a011d9ea65eb4491f147e00980fdf,2ec7445f446676bc26bfdf2022ca9b5e348ef515bfffdaed796d7b858f651934
h2o,p010_T40_HG30C_50RH_h2o,D:\gas_calibrator\_p9_20260706\h2o_6old_0620clean_mature13_remaining_p003_p013_g5\p010_T40_HG30C_50RH_h2o,21.3229,h2o_wet_calibration_point,False,GA03,ga03,010,C_reject,ga03_h2o_ratio_f,0.0001,0.001,,10,10,10,point_wide_hard_blocker:route_specific_physical_reference_invalid,False,False,16b6f1e68234f26355c3ea5898822b9af1a7d0c2234ba0e6682d3bd1136fe839,8e229be3c0b46ccba14bef99e8dfe571e29b595cb7c5647bdbe36d810328df26,ebac91e07cd36447eb3cab43e7cbe48785b00d0f7bfbcf9fef709f72a9e810cf,0b9492e97e29c853748646d9abfeba450a7a011d9ea65eb4491f147e00980fdf,2ec7445f446676bc26bfdf2022ca9b5e348ef515bfffdaed796d7b858f651934
h2o,p010_T40_HG30C_50RH_h2o,D:\gas_calibrator\_p9_20260706\h2o_6old_0620clean_mature13_remaining_p003_p013_g5\p010_T40_HG30C_50RH_h2o,21.3229,h2o_wet_calibration_point,False,GA04,ga04,076,C_reject,ga04_h2o_ratio_f,0.0,0.001,,10,10,10,point_wide_hard_blocker:route_specific_physical_reference_invalid,False,False,16b6f1e68234f26355c3ea5898822b9af1a7d0c2234ba0e6682d3bd1136fe839,8e229be3c0b46ccba14bef99e8dfe571e29b595cb7c5647bdbe36d810328df26,ebac91e07cd36447eb3cab43e7cbe48785b00d0f7bfbcf9fef709f72a9e810cf,0b9492e97e29c853748646d9abfeba450a7a011d9ea65eb4491f147e00980fdf,2ec7445f446676bc26bfdf2022ca9b5e348ef515bfffdaed796d7b858f651934
h2o,p010_T40_HG30C_50RH_h2o,D:\gas_calibrator\_p9_20260706\h2o_6old_0620clean_mature13_remaining_p003_p013_g5\p010_T40_HG30C_50RH_h2o,21.3229,h2o_wet_calibration_point,False,GA05,ga05,005,C_reject,ga05_h2o_ratio_f,0.0001,0.001,,10,10,10,point_wide_hard_blocker:route_specific_physical_reference_invalid,False,False,16b6f1e68234f26355c3ea5898822b9af1a7d0c2234ba0e6682d3bd1136fe839,8e229be3c0b46ccba14bef99e8dfe571e29b595cb7c5647bdbe36d810328df26,ebac91e07cd36447eb3cab43e7cbe48785b00d0f7bfbcf9fef709f72a9e810cf,0b9492e97e29c853748646d9abfeba450a7a011d9ea65eb4491f147e00980fdf,2ec7445f446676bc26bfdf2022ca9b5e348ef515bfffdaed796d7b858f651934
h2o,p010_T40_HG30C_50RH_h2o,D:\gas_calibrator\_p9_20260706\h2o_6old_0620clean_mature13_remaining_p003_p013_g5\p010_T40_HG30C_50RH_h2o,21.3229,h2o_wet_calibration_point,False,GA06,ga06,090,C_reject,ga06_h2o_ratio_f,0.0001,0.001,,10,10,10,point_wide_hard_blocker:route_specific_physical_reference_invalid,False,False,16b6f1e68234f26355c3ea5898822b9af1a7d0c2234ba0e6682d3bd1136fe839,8e229be3c0b46ccba14bef99e8dfe571e29b595cb7c5647bdbe36d810328df26,ebac91e07cd36447eb3cab43e7cbe48785b00d0f7bfbcf9fef709f72a9e810cf,0b9492e97e29c853748646d9abfeba450a7a011d9ea65eb4491f147e00980fdf,2ec7445f446676bc26bfdf2022ca9b5e348ef515bfffdaed796d7b858f651934
h2o,p011_T40_HG30C_70RH_h2o,D:\gas_calibrator\_p9_20260706\h2o_6old_0620clean_mature13_remaining_p003_p013_g5\p011_T40_HG30C_70RH_h2o,30.1143,h2o_wet_calibration_point,False,GA01,ga01,001,C_reject,ga01_h2o_ratio_f,0.0002,0.001,,10,10,10,point_wide_hard_blocker:route_specific_physical_reference_invalid,False,False,aad50baa446ed831e6b7d5c0e86418326e96f6ad4496338a2ae1b3c576402a27,081d551a18690c01e6945f8a62027aa9ee8d3cdb9b47cc089edbb24f7b7b31fe,ebac91e07cd36447eb3cab43e7cbe48785b00d0f7bfbcf9fef709f72a9e810cf,5f4f0b9ac7ff8d927b8d87ebdc692937698533e6a301306e632c5b33e40df4da,2ec7445f446676bc26bfdf2022ca9b5e348ef515bfffdaed796d7b858f651934
h2o,p011_T40_HG30C_70RH_h2o,D:\gas_calibrator\_p9_20260706\h2o_6old_0620clean_mature13_remaining_p003_p013_g5\p011_T40_HG30C_70RH_h2o,30.1143,h2o_wet_calibration_point,False,GA02,ga02,002,C_reject,ga02_h2o_ratio_f,0.0001,0.001,,10,10,10,point_wide_hard_blocker:route_specific_physical_reference_invalid,False,False,aad50baa446ed831e6b7d5c0e86418326e96f6ad4496338a2ae1b3c576402a27,081d551a18690c01e6945f8a62027aa9ee8d3cdb9b47cc089edbb24f7b7b31fe,ebac91e07cd36447eb3cab43e7cbe48785b00d0f7bfbcf9fef709f72a9e810cf,5f4f0b9ac7ff8d927b8d87ebdc692937698533e6a301306e632c5b33e40df4da,2ec7445f446676bc26bfdf2022ca9b5e348ef515bfffdaed796d7b858f651934
h2o,p011_T40_HG30C_70RH_h2o,D:\gas_calibrator\_p9_20260706\h2o_6old_0620clean_mature13_remaining_p003_p013_g5\p011_T40_HG30C_70RH_h2o,30.1143,h2o_wet_calibration_point,False,GA03,ga03,010,C_reject,ga03_h2o_ratio_f,0.0001,0.001,,10,10,10,point_wide_hard_blocker:route_specific_physical_reference_invalid,False,False,aad50baa446ed831e6b7d5c0e86418326e96f6ad4496338a2ae1b3c576402a27,081d551a18690c01e6945f8a62027aa9ee8d3cdb9b47cc089edbb24f7b7b31fe,ebac91e07cd36447eb3cab43e7cbe48785b00d0f7bfbcf9fef709f72a9e810cf,5f4f0b9ac7ff8d927b8d87ebdc692937698533e6a301306e632c5b33e40df4da,2ec7445f446676bc26bfdf2022ca9b5e348ef515bfffdaed796d7b858f651934
h2o,p011_T40_HG30C_70RH_h2o,D:\gas_calibrator\_p9_20260706\h2o_6old_0620clean_mature13_remaining_p003_p013_g5\p011_T40_HG30C_70RH_h2o,30.1143,h2o_wet_calibration_point,False,GA04,ga04,076,C_reject,ga04_h2o_ratio_f,0.0,0.001,,10,10,10,point_wide_hard_blocker:route_specific_physical_reference_invalid,False,False,aad50baa446ed831e6b7d5c0e86418326e96f6ad4496338a2ae1b3c576402a27,081d551a18690c01e6945f8a62027aa9ee8d3cdb9b47cc089edbb24f7b7b31fe,ebac91e07cd36447eb3cab43e7cbe48785b00d0f7bfbcf9fef709f72a9e810cf,5f4f0b9ac7ff8d927b8d87ebdc692937698533e6a301306e632c5b33e40df4da,2ec7445f446676bc26bfdf2022ca9b5e348ef515bfffdaed796d7b858f651934
h2o,p011_T40_HG30C_70RH_h2o,D:\gas_calibrator\_p9_20260706\h2o_6old_0620clean_mature13_remaining_p003_p013_g5\p011_T40_HG30C_70RH_h2o,30.1143,h2o_wet_calibration_point,False,GA05,ga05,005,C_reject,ga05_h2o_ratio_f,0.0001,0.001,,10,10,10,point_wide_hard_blocker:route_specific_physical_reference_invalid,False,False,aad50baa446ed831e6b7d5c0e86418326e96f6ad4496338a2ae1b3c576402a27,081d551a18690c01e6945f8a62027aa9ee8d3cdb9b47cc089edbb24f7b7b31fe,ebac91e07cd36447eb3cab43e7cbe48785b00d0f7bfbcf9fef709f72a9e810cf,5f4f0b9ac7ff8d927b8d87ebdc692937698533e6a301306e632c5b33e40df4da,2ec7445f446676bc26bfdf2022ca9b5e348ef515bfffdaed796d7b858f651934
h2o,p011_T40_HG30C_70RH_h2o,D:\gas_calibrator\_p9_20260706\h2o_6old_0620clean_mature13_remaining_p003_p013_g5\p011_T40_HG30C_70RH_h2o,30.1143,h2o_wet_calibration_point,False,GA06,ga06,090,C_reject,ga06_h2o_ratio_f,0.0001,0.001,,10,10,10,point_wide_hard_blocker:route_specific_physical_reference_invalid,False,False,aad50baa446ed831e6b7d5c0e86418326e96f6ad4496338a2ae1b3c576402a27,081d551a18690c01e6945f8a62027aa9ee8d3cdb9b47cc089edbb24f7b7b31fe,ebac91e07cd36447eb3cab43e7cbe48785b00d0f7bfbcf9fef709f72a9e810cf,5f4f0b9ac7ff8d927b8d87ebdc692937698533e6a301306e632c5b33e40df4da,2ec7445f446676bc26bfdf2022ca9b5e348ef515bfffdaed796d7b858f651934
h2o,p001_T20_HG20C_30RH_h2o,D:\gas_calibrator\_p9_20260706\h2o_post_senco24_write_verification_5dev_no_temp_control_v1\p001_T20_HG20C_30RH_h2o,6.9571,h2o_wet_calibration_point,False,GA01,ga01,001,C_reject,ga01_h2o_ratio_f,0.0001,0.001,,10,10,10,point_wide_hard_blocker:route_specific_physical_reference_invalid,False,False,059602d346af760449c7d0d08b9fd808a65905b53392bf7818a89a1f776f63cc,6fa690945724660f386fc6dfd03308d78d67d19cb0a5d80679996691020c28e0,dbda6ec8d6973e21123cbda202bd4cf0930e9466b2a1a840bfaeb9be71ba854a,8d5827a1efa1a20a724b5870fe747718809ddd30e79a765c874887da73e62732,2ec7445f446676bc26bfdf2022ca9b5e348ef515bfffdaed796d7b858f651934
h2o,p001_T20_HG20C_30RH_h2o,D:\gas_calibrator\_p9_20260706\h2o_post_senco24_write_verification_5dev_no_temp_control_v1\p001_T20_HG20C_30RH_h2o,6.9571,h2o_wet_calibration_point,False,GA02,ga02,002,C_reject,ga02_h2o_ratio_f,0.0001,0.001,,10,10,10,point_wide_hard_blocker:route_specific_physical_reference_invalid,False,False,059602d346af760449c7d0d08b9fd808a65905b53392bf7818a89a1f776f63cc,6fa690945724660f386fc6dfd03308d78d67d19cb0a5d80679996691020c28e0,dbda6ec8d6973e21123cbda202bd4cf0930e9466b2a1a840bfaeb9be71ba854a,8d5827a1efa1a20a724b5870fe747718809ddd30e79a765c874887da73e62732,2ec7445f446676bc26bfdf2022ca9b5e348ef515bfffdaed796d7b858f651934
h2o,p001_T20_HG20C_30RH_h2o,D:\gas_calibrator\_p9_20260706\h2o_post_senco24_write_verification_5dev_no_temp_control_v1\p001_T20_HG20C_30RH_h2o,6.9571,h2o_wet_calibration_point,False,GA03,ga03,010,C_reject,ga03_h2o_ratio_f,0.0,0.001,,10,10,10,point_wide_hard_blocker:route_specific_physical_reference_invalid,False,False,059602d346af760449c7d0d08b9fd808a65905b53392bf7818a89a1f776f63cc,6fa690945724660f386fc6dfd03308d78d67d19cb0a5d80679996691020c28e0,dbda6ec8d6973e21123cbda202bd4cf0930e9466b2a1a840bfaeb9be71ba854a,8d5827a1efa1a20a724b5870fe747718809ddd30e79a765c874887da73e62732,2ec7445f446676bc26bfdf2022ca9b5e348ef515bfffdaed796d7b858f651934
h2o,p001_T20_HG20C_30RH_h2o,D:\gas_calibrator\_p9_20260706\h2o_post_senco24_write_verification_5dev_no_temp_control_v1\p001_T20_HG20C_30RH_h2o,6.9571,h2o_wet_calibration_point,False,GA04,ga04,076,C_reject,ga04_h2o_ratio_f,0.0,0.001,,10,10,10,point_wide_hard_blocker:route_specific_physical_reference_invalid,False,False,059602d346af760449c7d0d08b9fd808a65905b53392bf7818a89a1f776f63cc,6fa690945724660f386fc6dfd03308d78d67d19cb0a5d80679996691020c28e0,dbda6ec8d6973e21123cbda202bd4cf0930e9466b2a1a840bfaeb9be71ba854a,8d5827a1efa1a20a724b5870fe747718809ddd30e79a765c874887da73e62732,2ec7445f446676bc26bfdf2022ca9b5e348ef515bfffdaed796d7b858f651934
h2o,p001_T20_HG20C_30RH_h2o,D:\gas_calibrator\_p9_20260706\h2o_post_senco24_write_verification_5dev_no_temp_control_v1\p001_T20_HG20C_30RH_h2o,6.9571,h2o_wet_calibration_point,False,GA05,ga05,005,C_reject,ga05_h2o_ratio_f,0.0,0.001,,10,10,10,point_wide_hard_blocker:route_specific_physical_reference_invalid,False,False,059602d346af760449c7d0d08b9fd808a65905b53392bf7818a89a1f776f63cc,6fa690945724660f386fc6dfd03308d78d67d19cb0a5d80679996691020c28e0,dbda6ec8d6973e21123cbda202bd4cf0930e9466b2a1a840bfaeb9be71ba854a,8d5827a1efa1a20a724b5870fe747718809ddd30e79a765c874887da73e62732,2ec7445f446676bc26bfdf2022ca9b5e348ef515bfffdaed796d7b858f651934
h2o,p001_T20_HG20C_30RH_h2o,D:\gas_calibrator\_p9_20260706\h2o_post_senco24_write_verification_5dev_no_temp_control_v1\p001_T20_HG20C_30RH_h2o,6.9571,h2o_wet_calibration_point,False,GA06,ga06,090,C_reject,ga06_h2o_ratio_f,0.0,0.001,,10,10,10,point_wide_hard_blocker:route_specific_physical_reference_invalid,False,False,059602d346af760449c7d0d08b9fd808a65905b53392bf7818a89a1f776f63cc,6fa690945724660f386fc6dfd03308d78d67d19cb0a5d80679996691020c28e0,dbda6ec8d6973e21123cbda202bd4cf0930e9466b2a1a840bfaeb9be71ba854a,8d5827a1efa1a20a724b5870fe747718809ddd30e79a765c874887da73e62732,2ec7445f446676bc26bfdf2022ca9b5e348ef515bfffdaed796d7b858f651934
h2o,p002_T20_HG20C_70RH_h2o,D:\gas_calibrator\_p9_20260706\h2o_post_senco24_write_verification_5dev_no_temp_control_v1\p002_T20_HG20C_70RH_h2o,16.3715,h2o_wet_calibration_point,False,GA01,ga01,001,C_reject,ga01_h2o_ratio_f,0.0,0.001,,10,10,10,point_wide_hard_blocker:route_specific_physical_reference_invalid,False,False,26d7aec0c832498e5dc21d99159b9bf112c1bed7618e357e0101350089d97964,5571c7374f3beff18a87ae0c581b1053ee7aeba8352fd55d5e3769333b6c8875,dbda6ec8d6973e21123cbda202bd4cf0930e9466b2a1a840bfaeb9be71ba854a,7edaa05b4406e944bbe4b0415c0742d71840a3ecb3261d7f3c91738d45430044,2ec7445f446676bc26bfdf2022ca9b5e348ef515bfffdaed796d7b858f651934
h2o,p002_T20_HG20C_70RH_h2o,D:\gas_calibrator\_p9_20260706\h2o_post_senco24_write_verification_5dev_no_temp_control_v1\p002_T20_HG20C_70RH_h2o,16.3715,h2o_wet_calibration_point,False,GA02,ga02,002,C_reject,ga02_h2o_ratio_f,0.0001,0.001,,10,10,10,point_wide_hard_blocker:route_specific_physical_reference_invalid,False,False,26d7aec0c832498e5dc21d99159b9bf112c1bed7618e357e0101350089d97964,5571c7374f3beff18a87ae0c581b1053ee7aeba8352fd55d5e3769333b6c8875,dbda6ec8d6973e21123cbda202bd4cf0930e9466b2a1a840bfaeb9be71ba854a,7edaa05b4406e944bbe4b0415c0742d71840a3ecb3261d7f3c91738d45430044,2ec7445f446676bc26bfdf2022ca9b5e348ef515bfffdaed796d7b858f651934
h2o,p002_T20_HG20C_70RH_h2o,D:\gas_calibrator\_p9_20260706\h2o_post_senco24_write_verification_5dev_no_temp_control_v1\p002_T20_HG20C_70RH_h2o,16.3715,h2o_wet_calibration_point,False,GA03,ga03,010,C_reject,ga03_h2o_ratio_f,0.0,0.001,,10,10,10,point_wide_hard_blocker:route_specific_physical_reference_invalid,False,False,26d7aec0c832498e5dc21d99159b9bf112c1bed7618e357e0101350089d97964,5571c7374f3beff18a87ae0c581b1053ee7aeba8352fd55d5e3769333b6c8875,dbda6ec8d6973e21123cbda202bd4cf0930e9466b2a1a840bfaeb9be71ba854a,7edaa05b4406e944bbe4b0415c0742d71840a3ecb3261d7f3c91738d45430044,2ec7445f446676bc26bfdf2022ca9b5e348ef515bfffdaed796d7b858f651934
h2o,p002_T20_HG20C_70RH_h2o,D:\gas_calibrator\_p9_20260706\h2o_post_senco24_write_verification_5dev_no_temp_control_v1\p002_T20_HG20C_70RH_h2o,16.3715,h2o_wet_calibration_point,False,GA04,ga04,076,C_reject,ga04_h2o_ratio_f,0.0,0.001,,10,10,10,point_wide_hard_blocker:route_specific_physical_reference_invalid,False,False,26d7aec0c832498e5dc21d99159b9bf112c1bed7618e357e0101350089d97964,5571c7374f3beff18a87ae0c581b1053ee7aeba8352fd55d5e3769333b6c8875,dbda6ec8d6973e21123cbda202bd4cf0930e9466b2a1a840bfaeb9be71ba854a,7edaa05b4406e944bbe4b0415c0742d71840a3ecb3261d7f3c91738d45430044,2ec7445f446676bc26bfdf2022ca9b5e348ef515bfffdaed796d7b858f651934
h2o,p002_T20_HG20C_70RH_h2o,D:\gas_calibrator\_p9_20260706\h2o_post_senco24_write_verification_5dev_no_temp_control_v1\p002_T20_HG20C_70RH_h2o,16.3715,h2o_wet_calibration_point,False,GA05,ga05,005,C_reject,ga05_h2o_ratio_f,0.0001,0.001,,10,10,10,point_wide_hard_blocker:route_specific_physical_reference_invalid,False,False,26d7aec0c832498e5dc21d99159b9bf112c1bed7618e357e0101350089d97964,5571c7374f3beff18a87ae0c581b1053ee7aeba8352fd55d5e3769333b6c8875,dbda6ec8d6973e21123cbda202bd4cf0930e9466b2a1a840bfaeb9be71ba854a,7edaa05b4406e944bbe4b0415c0742d71840a3ecb3261d7f3c91738d45430044,2ec7445f446676bc26bfdf2022ca9b5e348ef515bfffdaed796d7b858f651934
h2o,p002_T20_HG20C_70RH_h2o,D:\gas_calibrator\_p9_20260706\h2o_post_senco24_write_verification_5dev_no_temp_control_v1\p002_T20_HG20C_70RH_h2o,16.3715,h2o_wet_calibration_point,False,GA06,ga06,090,C_reject,ga06_h2o_ratio_f,0.0001,0.001,,10,10,10,point_wide_hard_blocker:route_specific_physical_reference_invalid,False,False,26d7aec0c832498e5dc21d99159b9bf112c1bed7618e357e0101350089d97964,5571c7374f3beff18a87ae0c581b1053ee7aeba8352fd55d5e3769333b6c8875,dbda6ec8d6973e21123cbda202bd4cf0930e9466b2a1a840bfaeb9be71ba854a,7edaa05b4406e944bbe4b0415c0742d71840a3ecb3261d7f3c91738d45430044,2ec7445f446676bc26bfdf2022ca9b5e348ef515bfffdaed796d7b858f651934
h2o,p001_T25_HG25C_30RH_h2o,D:\gas_calibrator\_p9_20260706\h2o_post_senco24_write_verification_5dev_temp25_control_v1\p001_T25_HG25C_30RH_h2o,9.5056,h2o_wet_calibration_point,False,GA01,ga01,001,C_reject,ga01_h2o_ratio_f,0.0001,0.001,,10,10,10,point_wide_hard_blocker:route_specific_physical_reference_invalid,False,False,606a3871bd0fcc629159a948633e1e4d79c2cfe74b9cf7c63a4613de2272826c,a75a17df90b13b90fa51f0b3a4daa0ab3bd77af40b9c9294fcf342a203cc7db9,1f9a93479a9a0150a7539aba4d9c350f0300a499a779519a98597df631f42d98,d78a778b1e262eefb8c4f204169b9159cc03d800f8e08d30481f5fcf60b527ed,2ec7445f446676bc26bfdf2022ca9b5e348ef515bfffdaed796d7b858f651934
h2o,p001_T25_HG25C_30RH_h2o,D:\gas_calibrator\_p9_20260706\h2o_post_senco24_write_verification_5dev_temp25_control_v1\p001_T25_HG25C_30RH_h2o,9.5056,h2o_wet_calibration_point,False,GA02,ga02,002,C_reject,ga02_h2o_ratio_f,0.0001,0.001,,10,10,10,point_wide_hard_blocker:route_specific_physical_reference_invalid,False,False,606a3871bd0fcc629159a948633e1e4d79c2cfe74b9cf7c63a4613de2272826c,a75a17df90b13b90fa51f0b3a4daa0ab3bd77af40b9c9294fcf342a203cc7db9,1f9a93479a9a0150a7539aba4d9c350f0300a499a779519a98597df631f42d98,d78a778b1e262eefb8c4f204169b9159cc03d800f8e08d30481f5fcf60b527ed,2ec7445f446676bc26bfdf2022ca9b5e348ef515bfffdaed796d7b858f651934
h2o,p001_T25_HG25C_30RH_h2o,D:\gas_calibrator\_p9_20260706\h2o_post_senco24_write_verification_5dev_temp25_control_v1\p001_T25_HG25C_30RH_h2o,9.5056,h2o_wet_calibration_point,False,GA03,ga03,010,C_reject,ga03_h2o_ratio_f,0.0,0.001,,10,10,10,point_wide_hard_blocker:route_specific_physical_reference_invalid,False,False,606a3871bd0fcc629159a948633e1e4d79c2cfe74b9cf7c63a4613de2272826c,a75a17df90b13b90fa51f0b3a4daa0ab3bd77af40b9c9294fcf342a203cc7db9,1f9a93479a9a0150a7539aba4d9c350f0300a499a779519a98597df631f42d98,d78a778b1e262eefb8c4f204169b9159cc03d800f8e08d30481f5fcf60b527ed,2ec7445f446676bc26bfdf2022ca9b5e348ef515bfffdaed796d7b858f651934
h2o,p001_T25_HG25C_30RH_h2o,D:\gas_calibrator\_p9_20260706\h2o_post_senco24_write_verification_5dev_temp25_control_v1\p001_T25_HG25C_30RH_h2o,9.5056,h2o_wet_calibration_point,False,GA04,ga04,076,C_reject,ga04_h2o_ratio_f,0.0,0.001,,10,10,10,point_wide_hard_blocker:route_specific_physical_reference_invalid,False,False,606a3871bd0fcc629159a948633e1e4d79c2cfe74b9cf7c63a4613de2272826c,a75a17df90b13b90fa51f0b3a4daa0ab3bd77af40b9c9294fcf342a203cc7db9,1f9a93479a9a0150a7539aba4d9c350f0300a499a779519a98597df631f42d98,d78a778b1e262eefb8c4f204169b9159cc03d800f8e08d30481f5fcf60b527ed,2ec7445f446676bc26bfdf2022ca9b5e348ef515bfffdaed796d7b858f651934
h2o,p001_T25_HG25C_30RH_h2o,D:\gas_calibrator\_p9_20260706\h2o_post_senco24_write_verification_5dev_temp25_control_v1\p001_T25_HG25C_30RH_h2o,9.5056,h2o_wet_calibration_point,False,GA05,ga05,005,C_reject,ga05_h2o_ratio_f,0.0001,0.001,,10,10,10,point_wide_hard_blocker:route_specific_physical_reference_invalid,False,False,606a3871bd0fcc629159a948633e1e4d79c2cfe74b9cf7c63a4613de2272826c,a75a17df90b13b90fa51f0b3a4daa0ab3bd77af40b9c9294fcf342a203cc7db9,1f9a93479a9a0150a7539aba4d9c350f0300a499a779519a98597df631f42d98,d78a778b1e262eefb8c4f204169b9159cc03d800f8e08d30481f5fcf60b527ed,2ec7445f446676bc26bfdf2022ca9b5e348ef515bfffdaed796d7b858f651934
h2o,p001_T25_HG25C_30RH_h2o,D:\gas_calibrator\_p9_20260706\h2o_post_senco24_write_verification_5dev_temp25_control_v1\p001_T25_HG25C_30RH_h2o,9.5056,h2o_wet_calibration_point,False,GA06,ga06,090,C_reject,ga06_h2o_ratio_f,0.0001,0.001,,10,10,10,point_wide_hard_blocker:route_specific_physical_reference_invalid,False,False,606a3871bd0fcc629159a948633e1e4d79c2cfe74b9cf7c63a4613de2272826c,a75a17df90b13b90fa51f0b3a4daa0ab3bd77af40b9c9294fcf342a203cc7db9,1f9a93479a9a0150a7539aba4d9c350f0300a499a779519a98597df631f42d98,d78a778b1e262eefb8c4f204169b9159cc03d800f8e08d30481f5fcf60b527ed,2ec7445f446676bc26bfdf2022ca9b5e348ef515bfffdaed796d7b858f651934
h2o,p002_T25_HG25C_70RH_h2o,D:\gas_calibrator\_p9_20260706\h2o_post_senco24_write_verification_5dev_temp25_control_v1\p002_T25_HG25C_70RH_h2o,22.1797,h2o_wet_calibration_point,False,GA01,ga01,001,C_reject,ga01_h2o_ratio_f,0.0,0.001,,10,10,10,point_wide_hard_blocker:route_specific_physical_reference_invalid,False,False,7587b20fc72ad2e06bc09f8b553e75809affc696ed644301e4717b98c9724e79,b4660c2203a47d3b85ed0b9b74fcf30e08c4a5f0222b16d253350932ebf64e63,1f9a93479a9a0150a7539aba4d9c350f0300a499a779519a98597df631f42d98,249ac95a98e3a847218c7548d040238d3d408a1ef264e7f0e73a73d28b04305b,2ec7445f446676bc26bfdf2022ca9b5e348ef515bfffdaed796d7b858f651934
h2o,p002_T25_HG25C_70RH_h2o,D:\gas_calibrator\_p9_20260706\h2o_post_senco24_write_verification_5dev_temp25_control_v1\p002_T25_HG25C_70RH_h2o,22.1797,h2o_wet_calibration_point,False,GA02,ga02,002,C_reject,ga02_h2o_ratio_f,0.0,0.001,,10,10,10,point_wide_hard_blocker:route_specific_physical_reference_invalid,False,False,7587b20fc72ad2e06bc09f8b553e75809affc696ed644301e4717b98c9724e79,b4660c2203a47d3b85ed0b9b74fcf30e08c4a5f0222b16d253350932ebf64e63,1f9a93479a9a0150a7539aba4d9c350f0300a499a779519a98597df631f42d98,249ac95a98e3a847218c7548d040238d3d408a1ef264e7f0e73a73d28b04305b,2ec7445f446676bc26bfdf2022ca9b5e348ef515bfffdaed796d7b858f651934
h2o,p002_T25_HG25C_70RH_h2o,D:\gas_calibrator\_p9_20260706\h2o_post_senco24_write_verification_5dev_temp25_control_v1\p002_T25_HG25C_70RH_h2o,22.1797,h2o_wet_calibration_point,False,GA03,ga03,010,C_reject,ga03_h2o_ratio_f,0.0,0.001,,10,10,10,point_wide_hard_blocker:route_specific_physical_reference_invalid,False,False,7587b20fc72ad2e06bc09f8b553e75809affc696ed644301e4717b98c9724e79,b4660c2203a47d3b85ed0b9b74fcf30e08c4a5f0222b16d253350932ebf64e63,1f9a93479a9a0150a7539aba4d9c350f0300a499a779519a98597df631f42d98,249ac95a98e3a847218c7548d040238d3d408a1ef264e7f0e73a73d28b04305b,2ec7445f446676bc26bfdf2022ca9b5e348ef515bfffdaed796d7b858f651934
h2o,p002_T25_HG25C_70RH_h2o,D:\gas_calibrator\_p9_20260706\h2o_post_senco24_write_verification_5dev_temp25_control_v1\p002_T25_HG25C_70RH_h2o,22.1797,h2o_wet_calibration_point,False,GA04,ga04,076,C_reject,ga04_h2o_ratio_f,0.0,0.001,,10,10,10,point_wide_hard_blocker:route_specific_physical_reference_invalid,False,False,7587b20fc72ad2e06bc09f8b553e75809affc696ed644301e4717b98c9724e79,b4660c2203a47d3b85ed0b9b74fcf30e08c4a5f0222b16d253350932ebf64e63,1f9a93479a9a0150a7539aba4d9c350f0300a499a779519a98597df631f42d98,249ac95a98e3a847218c7548d040238d3d408a1ef264e7f0e73a73d28b04305b,2ec7445f446676bc26bfdf2022ca9b5e348ef515bfffdaed796d7b858f651934
h2o,p002_T25_HG25C_70RH_h2o,D:\gas_calibrator\_p9_20260706\h2o_post_senco24_write_verification_5dev_temp25_control_v1\p002_T25_HG25C_70RH_h2o,22.1797,h2o_wet_calibration_point,False,GA05,ga05,005,C_reject,ga05_h2o_ratio_f,0.0,0.001,,10,10,10,point_wide_hard_blocker:route_specific_physical_reference_invalid,False,False,7587b20fc72ad2e06bc09f8b553e75809affc696ed644301e4717b98c9724e79,b4660c2203a47d3b85ed0b9b74fcf30e08c4a5f0222b16d253350932ebf64e63,1f9a93479a9a0150a7539aba4d9c350f0300a499a779519a98597df631f42d98,249ac95a98e3a847218c7548d040238d3d408a1ef264e7f0e73a73d28b04305b,2ec7445f446676bc26bfdf2022ca9b5e348ef515bfffdaed796d7b858f651934
h2o,p002_T25_HG25C_70RH_h2o,D:\gas_calibrator\_p9_20260706\h2o_post_senco24_write_verification_5dev_temp25_control_v1\p002_T25_HG25C_70RH_h2o,22.1797,h2o_wet_calibration_point,False,GA06,ga06,090,C_reject,ga06_h2o_ratio_f,0.0,0.001,,10,10,10,point_wide_hard_blocker:route_specific_physical_reference_invalid,False,False,7587b20fc72ad2e06bc09f8b553e75809affc696ed644301e4717b98c9724e79,b4660c2203a47d3b85ed0b9b74fcf30e08c4a5f0222b16d253350932ebf64e63,1f9a93479a9a0150a7539aba4d9c350f0300a499a779519a98597df631f42d98,249ac95a98e3a847218c7548d040238d3d408a1ef264e7f0e73a73d28b04305b,2ec7445f446676bc26bfdf2022ca9b5e348ef515bfffdaed796d7b858f651934
h2o,p001_T25_HG25C_30RH_h2o,D:\gas_calibrator\_p9_20260706\h2o_state_transfer_diagnostic_25c_30rh_retry_v1\p001_T25_HG25C_30RH_h2o,9.5056,h2o_wet_calibration_point,False,GA01,ga01,001,C_reject,ga01_h2o_ratio_f,0.0,0.001,,10,10,10,point_wide_hard_blocker:route_specific_physical_reference_invalid,False,False,1afd934cd69ff375a781ce3c97a70ffb8b8f5ab3133a3c5abcdef9d4dd47dd8e,a75a17df90b13b90fa51f0b3a4daa0ab3bd77af40b9c9294fcf342a203cc7db9,18d65b5276b278a6c5e3b016184c690b7e2b51c1d8bcb85e59af17a3318ef996,d78a778b1e262eefb8c4f204169b9159cc03d800f8e08d30481f5fcf60b527ed,2ec7445f446676bc26bfdf2022ca9b5e348ef515bfffdaed796d7b858f651934
h2o,p001_T25_HG25C_30RH_h2o,D:\gas_calibrator\_p9_20260706\h2o_state_transfer_diagnostic_25c_30rh_retry_v1\p001_T25_HG25C_30RH_h2o,9.5056,h2o_wet_calibration_point,False,GA02,ga02,002,C_reject,ga02_h2o_ratio_f,0.0001,0.001,,10,10,10,point_wide_hard_blocker:route_specific_physical_reference_invalid,False,False,1afd934cd69ff375a781ce3c97a70ffb8b8f5ab3133a3c5abcdef9d4dd47dd8e,a75a17df90b13b90fa51f0b3a4daa0ab3bd77af40b9c9294fcf342a203cc7db9,18d65b5276b278a6c5e3b016184c690b7e2b51c1d8bcb85e59af17a3318ef996,d78a778b1e262eefb8c4f204169b9159cc03d800f8e08d30481f5fcf60b527ed,2ec7445f446676bc26bfdf2022ca9b5e348ef515bfffdaed796d7b858f651934
h2o,p001_T25_HG25C_30RH_h2o,D:\gas_calibrator\_p9_20260706\h2o_state_transfer_diagnostic_25c_30rh_retry_v1\p001_T25_HG25C_30RH_h2o,9.5056,h2o_wet_calibration_point,False,GA03,ga03,010,C_reject,ga03_h2o_ratio_f,0.0001,0.001,,10,10,10,point_wide_hard_blocker:route_specific_physical_reference_invalid,False,False,1afd934cd69ff375a781ce3c97a70ffb8b8f5ab3133a3c5abcdef9d4dd47dd8e,a75a17df90b13b90fa51f0b3a4daa0ab3bd77af40b9c9294fcf342a203cc7db9,18d65b5276b278a6c5e3b016184c690b7e2b51c1d8bcb85e59af17a3318ef996,d78a778b1e262eefb8c4f204169b9159cc03d800f8e08d30481f5fcf60b527ed,2ec7445f446676bc26bfdf2022ca9b5e348ef515bfffdaed796d7b858f651934
h2o,p001_T25_HG25C_30RH_h2o,D:\gas_calibrator\_p9_20260706\h2o_state_transfer_diagnostic_25c_30rh_retry_v1\p001_T25_HG25C_30RH_h2o,9.5056,h2o_wet_calibration_point,False,GA04,ga04,076,C_reject,ga04_h2o_ratio_f,0.0,0.001,,10,10,10,point_wide_hard_blocker:route_specific_physical_reference_invalid,False,False,1afd934cd69ff375a781ce3c97a70ffb8b8f5ab3133a3c5abcdef9d4dd47dd8e,a75a17df90b13b90fa51f0b3a4daa0ab3bd77af40b9c9294fcf342a203cc7db9,18d65b5276b278a6c5e3b016184c690b7e2b51c1d8bcb85e59af17a3318ef996,d78a778b1e262eefb8c4f204169b9159cc03d800f8e08d30481f5fcf60b527ed,2ec7445f446676bc26bfdf2022ca9b5e348ef515bfffdaed796d7b858f651934
h2o,p001_T25_HG25C_30RH_h2o,D:\gas_calibrator\_p9_20260706\h2o_state_transfer_diagnostic_25c_30rh_retry_v1\p001_T25_HG25C_30RH_h2o,9.5056,h2o_wet_calibration_point,False,GA05,ga05,005,C_reject,ga05_h2o_ratio_f,0.0,0.001,,10,10,10,point_wide_hard_blocker:route_specific_physical_reference_invalid,False,False,1afd934cd69ff375a781ce3c97a70ffb8b8f5ab3133a3c5abcdef9d4dd47dd8e,a75a17df90b13b90fa51f0b3a4daa0ab3bd77af40b9c9294fcf342a203cc7db9,18d65b5276b278a6c5e3b016184c690b7e2b51c1d8bcb85e59af17a3318ef996,d78a778b1e262eefb8c4f204169b9159cc03d800f8e08d30481f5fcf60b527ed,2ec7445f446676bc26bfdf2022ca9b5e348ef515bfffdaed796d7b858f651934
h2o,p001_T25_HG25C_30RH_h2o,D:\gas_calibrator\_p9_20260706\h2o_state_transfer_diagnostic_25c_30rh_retry_v1\p001_T25_HG25C_30RH_h2o,9.5056,h2o_wet_calibration_point,False,GA06,ga06,090,C_reject,ga06_h2o_ratio_f,0.0001,0.001,,10,10,10,point_wide_hard_blocker:route_specific_physical_reference_invalid,False,False,1afd934cd69ff375a781ce3c97a70ffb8b8f5ab3133a3c5abcdef9d4dd47dd8e,a75a17df90b13b90fa51f0b3a4daa0ab3bd77af40b9c9294fcf342a203cc7db9,18d65b5276b278a6c5e3b016184c690b7e2b51c1d8bcb85e59af17a3318ef996,d78a778b1e262eefb8c4f204169b9159cc03d800f8e08d30481f5fcf60b527ed,2ec7445f446676bc26bfdf2022ca9b5e348ef515bfffdaed796d7b858f651934
h2o,p001_T25_HG25C_50RH_h2o,D:\gas_calibrator\_p9_20260706\h2o_state_transfer_diagnostic_25c_50rh_real_point_v1\p001_T25_HG25C_50RH_h2o,15.8427,h2o_wet_calibration_point,False,GA01,ga01,001,C_reject,ga01_h2o_ratio_f,0.0,0.001,,10,10,10,point_wide_hard_blocker:route_specific_physical_reference_invalid,False,False,8ae75d9c4589af770b781a580a3644ea402d3b5a0550c90fdcfd8e2cbe1b9225,1c4a359243d77debd16b1b99ed7b5331d2f53a3db5aca803d7bce2d3a976c05d,b2febdd3e38f42c83ff778007f4ab7c1cc32a070c444ab16271ac96ed95b0248,d867ca72633d151e945eede853c4c957d4f4a77c0478a568700a530cbaab2a14,2ec7445f446676bc26bfdf2022ca9b5e348ef515bfffdaed796d7b858f651934
h2o,p001_T25_HG25C_50RH_h2o,D:\gas_calibrator\_p9_20260706\h2o_state_transfer_diagnostic_25c_50rh_real_point_v1\p001_T25_HG25C_50RH_h2o,15.8427,h2o_wet_calibration_point,False,GA02,ga02,002,C_reject,ga02_h2o_ratio_f,0.0,0.001,,10,10,10,point_wide_hard_blocker:route_specific_physical_reference_invalid,False,False,8ae75d9c4589af770b781a580a3644ea402d3b5a0550c90fdcfd8e2cbe1b9225,1c4a359243d77debd16b1b99ed7b5331d2f53a3db5aca803d7bce2d3a976c05d,b2febdd3e38f42c83ff778007f4ab7c1cc32a070c444ab16271ac96ed95b0248,d867ca72633d151e945eede853c4c957d4f4a77c0478a568700a530cbaab2a14,2ec7445f446676bc26bfdf2022ca9b5e348ef515bfffdaed796d7b858f651934
h2o,p001_T25_HG25C_50RH_h2o,D:\gas_calibrator\_p9_20260706\h2o_state_transfer_diagnostic_25c_50rh_real_point_v1\p001_T25_HG25C_50RH_h2o,15.8427,h2o_wet_calibration_point,False,GA03,ga03,010,C_reject,ga03_h2o_ratio_f,0.0,0.001,,10,10,10,point_wide_hard_blocker:route_specific_physical_reference_invalid,False,False,8ae75d9c4589af770b781a580a3644ea402d3b5a0550c90fdcfd8e2cbe1b9225,1c4a359243d77debd16b1b99ed7b5331d2f53a3db5aca803d7bce2d3a976c05d,b2febdd3e38f42c83ff778007f4ab7c1cc32a070c444ab16271ac96ed95b0248,d867ca72633d151e945eede853c4c957d4f4a77c0478a568700a530cbaab2a14,2ec7445f446676bc26bfdf2022ca9b5e348ef515bfffdaed796d7b858f651934
h2o,p001_T25_HG25C_50RH_h2o,D:\gas_calibrator\_p9_20260706\h2o_state_transfer_diagnostic_25c_50rh_real_point_v1\p001_T25_HG25C_50RH_h2o,15.8427,h2o_wet_calibration_point,False,GA04,ga04,076,C_reject,ga04_h2o_ratio_f,0.0,0.001,,10,10,10,point_wide_hard_blocker:route_specific_physical_reference_invalid,False,False,8ae75d9c4589af770b781a580a3644ea402d3b5a0550c90fdcfd8e2cbe1b9225,1c4a359243d77debd16b1b99ed7b5331d2f53a3db5aca803d7bce2d3a976c05d,b2febdd3e38f42c83ff778007f4ab7c1cc32a070c444ab16271ac96ed95b0248,d867ca72633d151e945eede853c4c957d4f4a77c0478a568700a530cbaab2a14,2ec7445f446676bc26bfdf2022ca9b5e348ef515bfffdaed796d7b858f651934
h2o,p001_T25_HG25C_50RH_h2o,D:\gas_calibrator\_p9_20260706\h2o_state_transfer_diagnostic_25c_50rh_real_point_v1\p001_T25_HG25C_50RH_h2o,15.8427,h2o_wet_calibration_point,False,GA05,ga05,005,C_reject,ga05_h2o_ratio_f,0.0,0.001,,10,10,10,point_wide_hard_blocker:route_specific_physical_reference_invalid,False,False,8ae75d9c4589af770b781a580a3644ea402d3b5a0550c90fdcfd8e2cbe1b9225,1c4a359243d77debd16b1b99ed7b5331d2f53a3db5aca803d7bce2d3a976c05d,b2febdd3e38f42c83ff778007f4ab7c1cc32a070c444ab16271ac96ed95b0248,d867ca72633d151e945eede853c4c957d4f4a77c0478a568700a530cbaab2a14,2ec7445f446676bc26bfdf2022ca9b5e348ef515bfffdaed796d7b858f651934
h2o,p001_T25_HG25C_50RH_h2o,D:\gas_calibrator\_p9_20260706\h2o_state_transfer_diagnostic_25c_50rh_real_point_v1\p001_T25_HG25C_50RH_h2o,15.8427,h2o_wet_calibration_point,False,GA06,ga06,090,C_reject,ga06_h2o_ratio_f,0.0,0.001,,10,10,10,point_wide_hard_blocker:route_specific_physical_reference_invalid,False,False,8ae75d9c4589af770b781a580a3644ea402d3b5a0550c90fdcfd8e2cbe1b9225,1c4a359243d77debd16b1b99ed7b5331d2f53a3db5aca803d7bce2d3a976c05d,b2febdd3e38f42c83ff778007f4ab7c1cc32a070c444ab16271ac96ed95b0248,d867ca72633d151e945eede853c4c957d4f4a77c0478a568700a530cbaab2a14,2ec7445f446676bc26bfdf2022ca9b5e348ef515bfffdaed796d7b858f651934
co2,p001_T40_0ppm_fit,D:\gas_calibrator\_worktrees\v1_5_fixed_wait_window_gate_1aee26d_clean\_handoff\new_algo_001_init_20260627\formal\co2_open_flow_0620_mature_20260627_r1\co2_r2\p001_T40_0ppm_fit,0.0,co2_zero_gas_low_concentration_anchor,False,GA01,ga01,001,A_calibration_eligible,ga01_co2_ratio_f,0.0,0.0005,0.001,10,10,10,within_production_contract,True,True,a8b3fce60dd4ec16e88ad4b6cdee4edf3272276a838319e90aca3196e86e98e4,e93dca7fcdacb8b1949b0c76ed8df0019eeaaea0c2e87834802096caf367e3de,15b7c23b5725a663a950ff066fcad1f8836972025b79ade75dacddec79e8767e,ed2c5221f108aadf8ab56c1b5c07510a1aab26dae1723cec6d6a90e8373a1fc4,2ec7445f446676bc26bfdf2022ca9b5e348ef515bfffdaed796d7b858f651934
co2,p002_T40_400ppm_fit,D:\gas_calibrator\_worktrees\v1_5_fixed_wait_window_gate_1aee26d_clean\_handoff\new_algo_001_init_20260627\formal\co2_open_flow_0620_mature_20260627_r1\co2_r2\p002_T40_400ppm_fit,400.0,co2_standard_nonzero_point,False,GA01,ga01,001,A_calibration_eligible,ga01_co2_ratio_f,0.0,0.0005,0.001,10,10,10,within_production_contract,True,True,a345f66b2c7341ddbcee8dd18b231e97d39b9564618d97b59784d5c4165dc957,8e6b8739936020eaec5f2de70aac04aa10eadadef414b3ab9b46aa6eba6a8051,15b7c23b5725a663a950ff066fcad1f8836972025b79ade75dacddec79e8767e,6c8a9c6d73fb94e94d38f24074a58c7cf201a2770293e30ad55aa2fa3f292d7e,2ec7445f446676bc26bfdf2022ca9b5e348ef515bfffdaed796d7b858f651934
co2,p003_T40_1000ppm_fit,D:\gas_calibrator\_worktrees\v1_5_fixed_wait_window_gate_1aee26d_clean\_handoff\new_algo_001_init_20260627\formal\co2_open_flow_0620_mature_20260627_r1\co2_r2\p003_T40_1000ppm_fit,1000.0,co2_standard_nonzero_point,False,GA01,ga01,001,A_calibration_eligible,ga01_co2_ratio_f,0.0,0.0005,0.001,10,10,10,within_production_contract,True,True,c273853f4376bc66f63de07a20b8abf8ab8e03b297bf5d7cb7594bfdcb4591db,34b287cdc845094c885ecc37e19791aba634a34d8c36b17032e45db84484b105,15b7c23b5725a663a950ff066fcad1f8836972025b79ade75dacddec79e8767e,d33ee57d8d359167e0c99ab04d5ef74963b77d46dd8f96de259d54679ae9acee,2ec7445f446676bc26bfdf2022ca9b5e348ef515bfffdaed796d7b858f651934
co2,p004_T30_0ppm_fit,D:\gas_calibrator\_worktrees\v1_5_fixed_wait_window_gate_1aee26d_clean\_handoff\new_algo_001_init_20260627\formal\co2_open_flow_0620_mature_20260627_r1\co2_r2\p004_T30_0ppm_fit,0.0,co2_zero_gas_low_concentration_anchor,False,GA01,ga01,001,A_calibration_eligible,ga01_co2_ratio_f,0.0,0.0005,0.001,10,10,10,within_production_contract,True,True,db2588b1d2ab75f1807bff5eb13784302e1c711d39e013f47f1f63474ba03606,e93dca7fcdacb8b1949b0c76ed8df0019eeaaea0c2e87834802096caf367e3de,15b7c23b5725a663a950ff066fcad1f8836972025b79ade75dacddec79e8767e,6fb1a3a92f1a482ad8060e4f0c5993e32fc437bcb27a8122e397a3eea9ca5cf4,2ec7445f446676bc26bfdf2022ca9b5e348ef515bfffdaed796d7b858f651934
co2,p005_T30_100ppm_fit,D:\gas_calibrator\_worktrees\v1_5_fixed_wait_window_gate_1aee26d_clean\_handoff\new_algo_001_init_20260627\formal\co2_open_flow_0620_mature_20260627_r1\co2_r2\p005_T30_100ppm_fit,100.0,co2_standard_nonzero_point,False,GA01,ga01,001,A_calibration_eligible,ga01_co2_ratio_f,0.0001,0.0005,0.001,10,10,10,within_production_contract,True,True,9249813f68d756da304e7faba7670ecacce44d817d1d8144cac16069cb10d8d7,3fa8bd4d04793ce4914370f5f97d7cdb7f83adaba2c4abfe32c1eaaa1e0b40f4,15b7c23b5725a663a950ff066fcad1f8836972025b79ade75dacddec79e8767e,c633b291bdf5b34cf73ac24a3f1ad2e259c31edb0813f8bcb60fd78f54c75116,2ec7445f446676bc26bfdf2022ca9b5e348ef515bfffdaed796d7b858f651934
co2,p006_T30_200ppm_fit,D:\gas_calibrator\_worktrees\v1_5_fixed_wait_window_gate_1aee26d_clean\_handoff\new_algo_001_init_20260627\formal\co2_open_flow_0620_mature_20260627_r1\co2_r2\p006_T30_200ppm_fit,200.0,co2_standard_nonzero_point,False,GA01,ga01,001,A_calibration_eligible,ga01_co2_ratio_f,0.0,0.0005,0.001,10,10,10,within_production_contract,True,True,4e0517b8fef0a353e15e96ea8004998636c92fb1cd5dd2223ab18cf34ba5f032,5a899716325d500815f8e1c4f61879159c345b8fafbf78b528a5d1d2a02f11ad,15b7c23b5725a663a950ff066fcad1f8836972025b79ade75dacddec79e8767e,c64c411707152841590643ecce5804920af5d38012e48456872707952e6d7ca5,2ec7445f446676bc26bfdf2022ca9b5e348ef515bfffdaed796d7b858f651934
co2,p007_T30_300ppm_fit,D:\gas_calibrator\_worktrees\v1_5_fixed_wait_window_gate_1aee26d_clean\_handoff\new_algo_001_init_20260627\formal\co2_open_flow_0620_mature_20260627_r1\co2_r2\p007_T30_300ppm_fit,300.0,co2_standard_nonzero_point,False,GA01,ga01,001,A_calibration_eligible,ga01_co2_ratio_f,0.0,0.0005,0.001,10,10,10,within_production_contract,True,True,5d2054959105fa19196c06c61487d666525c9a34f4c57a303a927d3a80d4e173,cec83b2bfbd0c5ab59194047c42fb31ba4a402bd851ff3ae950a5ddd077b6f4b,15b7c23b5725a663a950ff066fcad1f8836972025b79ade75dacddec79e8767e,8f7f1bceff56ec847a3e0a6290b79a2d791efc117071af27e559a75e12d254b5,2ec7445f446676bc26bfdf2022ca9b5e348ef515bfffdaed796d7b858f651934
co2,p008_T30_400ppm_fit,D:\gas_calibrator\_worktrees\v1_5_fixed_wait_window_gate_1aee26d_clean\_handoff\new_algo_001_init_20260627\formal\co2_open_flow_0620_mature_20260627_r1\co2_r2\p008_T30_400ppm_fit,400.0,co2_standard_nonzero_point,False,GA01,ga01,001,A_calibration_eligible,ga01_co2_ratio_f,0.0,0.0005,0.001,10,10,10,within_production_contract,True,True,eecedb64be55715f8f68eb1902484f984cd6971e9beeb25892495dec48dc42b9,8e6b8739936020eaec5f2de70aac04aa10eadadef414b3ab9b46aa6eba6a8051,15b7c23b5725a663a950ff066fcad1f8836972025b79ade75dacddec79e8767e,50928e71e65c14752a6435b1f8a779d7634816e306c111ba0580ec14a962f2f8,2ec7445f446676bc26bfdf2022ca9b5e348ef515bfffdaed796d7b858f651934
co2,p009_T30_500ppm_fit,D:\gas_calibrator\_worktrees\v1_5_fixed_wait_window_gate_1aee26d_clean\_handoff\new_algo_001_init_20260627\formal\co2_open_flow_0620_mature_20260627_r1\co2_r2\p009_T30_500ppm_fit,500.0,co2_standard_nonzero_point,False,GA01,ga01,001,A_calibration_eligible,ga01_co2_ratio_f,0.0001,0.0005,0.001,10,10,10,within_production_contract,True,True,f59d5dfae696887afd18723b68f912f787447e92d386973085b82662ca6f4c63,18f8c68b1c356326b66e7054e4380b2c8211502032f38ac2322e42694a03b8d3,15b7c23b5725a663a950ff066fcad1f8836972025b79ade75dacddec79e8767e,850a15a1cdc76c6fca50cf18b7c16fded1e019c7748bd7276e40a888e5325324,2ec7445f446676bc26bfdf2022ca9b5e348ef515bfffdaed796d7b858f651934
co2,p010_T30_600ppm_fit,D:\gas_calibrator\_worktrees\v1_5_fixed_wait_window_gate_1aee26d_clean\_handoff\new_algo_001_init_20260627\formal\co2_open_flow_0620_mature_20260627_r1\co2_r2\p010_T30_600ppm_fit,600.0,co2_standard_nonzero_point,False,GA01,ga01,001,A_calibration_eligible,ga01_co2_ratio_f,0.0001,0.0005,0.001,10,10,10,within_production_contract,True,True,ed0d0c8ba212790c54f33942e82a6f1544c20caafd8e87cd4b70dfda074281fd,b4443da56b2deceb4679e81f52c97f4cce9e655321c1121f2dc03d75571bd1ef,15b7c23b5725a663a950ff066fcad1f8836972025b79ade75dacddec79e8767e,f88f4b1b1a4a2d1cb683b0047a8f767db7004ed0a60622ba273de8e9628af3e7,2ec7445f446676bc26bfdf2022ca9b5e348ef515bfffdaed796d7b858f651934
co2,p011_T30_700ppm_fit,D:\gas_calibrator\_worktrees\v1_5_fixed_wait_window_gate_1aee26d_clean\_handoff\new_algo_001_init_20260627\formal\co2_open_flow_0620_mature_20260627_r1\co2_r2\p011_T30_700ppm_fit,700.0,co2_standard_nonzero_point,False,GA01,ga01,001,A_calibration_eligible,ga01_co2_ratio_f,0.0,0.0005,0.001,10,10,10,within_production_contract,True,True,62521e2f725035283c0caf0f227439a09e49f46a2499ccb08f097ff722040e11,6f235561078a8116237a86d9dd2afd95984f8b8628313eff0e0adee9b826fa2c,15b7c23b5725a663a950ff066fcad1f8836972025b79ade75dacddec79e8767e,8e0386cdd83d51e3b05825c51de0a20284d283af22cc416636716aa85e7a45ef,2ec7445f446676bc26bfdf2022ca9b5e348ef515bfffdaed796d7b858f651934
co2,p012_T30_800ppm_fit,D:\gas_calibrator\_worktrees\v1_5_fixed_wait_window_gate_1aee26d_clean\_handoff\new_algo_001_init_20260627\formal\co2_open_flow_0620_mature_20260627_r1\co2_r2\p012_T30_800ppm_fit,800.0,co2_standard_nonzero_point,False,GA01,ga01,001,A_calibration_eligible,ga01_co2_ratio_f,0.0001,0.0005,0.001,10,10,10,within_production_contract,True,True,21fbbe809744494bab1fc57bafed328db86cd361bd3a6c795b090fef622e7e13,17a1a4b5601096b21e7542f8fa024615b0fdadbf1d64a27c164791df82f612fc,15b7c23b5725a663a950ff066fcad1f8836972025b79ade75dacddec79e8767e,f570844ef8b79ffd191ff3f817a304e75c145d1132c05d48e8857124657def04,2ec7445f446676bc26bfdf2022ca9b5e348ef515bfffdaed796d7b858f651934
co2,p013_T30_900ppm_fit,D:\gas_calibrator\_worktrees\v1_5_fixed_wait_window_gate_1aee26d_clean\_handoff\new_algo_001_init_20260627\formal\co2_open_flow_0620_mature_20260627_r1\co2_r2\p013_T30_900ppm_fit,900.0,co2_standard_nonzero_point,False,GA01,ga01,001,A_calibration_eligible,ga01_co2_ratio_f,0.0001,0.0005,0.001,10,10,10,within_production_contract,True,True,3475474a0bf7f59aa1d9a3a31fae1c63e27c623e43ca19b7e3999031c84f52c7,8aa08ef8660ad9b22bcb9900a9a027735494fb302e2cf155ee6940c496c36a0e,15b7c23b5725a663a950ff066fcad1f8836972025b79ade75dacddec79e8767e,fad789e89d1a75b8b4a110ea697b35c557ccc7f4c385ed7fe6d76eae5ad4c275,2ec7445f446676bc26bfdf2022ca9b5e348ef515bfffdaed796d7b858f651934
co2,p014_T30_1000ppm_fit,D:\gas_calibrator\_worktrees\v1_5_fixed_wait_window_gate_1aee26d_clean\_handoff\new_algo_001_init_20260627\formal\co2_open_flow_0620_mature_20260627_r1\co2_r2\p014_T30_1000ppm_fit,1000.0,co2_standard_nonzero_point,False,GA01,ga01,001,A_calibration_eligible,ga01_co2_ratio_f,0.0,0.0005,0.001,10,10,10,within_production_contract,True,True,a4661693934bc644468dc99562fdd3bd09c5f533ea69faf4f02e66d6bcf12c07,34b287cdc845094c885ecc37e19791aba634a34d8c36b17032e45db84484b105,15b7c23b5725a663a950ff066fcad1f8836972025b79ade75dacddec79e8767e,e62bee610d00361ce5b699ecaf2e477aecac4575562edd3ad271d46b1d6e25f0,2ec7445f446676bc26bfdf2022ca9b5e348ef515bfffdaed796d7b858f651934
co2,p015_T20_0ppm_fit,D:\gas_calibrator\_worktrees\v1_5_fixed_wait_window_gate_1aee26d_clean\_handoff\new_algo_001_init_20260627\formal\co2_open_flow_0620_mature_20260627_r1\co2_r2\p015_T20_0ppm_fit,0.0,co2_zero_gas_low_concentration_anchor,False,GA01,ga01,001,A_calibration_eligible,ga01_co2_ratio_f,0.0,0.0005,0.001,10,10,10,within_production_contract,True,True,401f49e7db333caffbc7a06ec3f55f5336274b1d9238484cb9166efd09adc5e8,e93dca7fcdacb8b1949b0c76ed8df0019eeaaea0c2e87834802096caf367e3de,15b7c23b5725a663a950ff066fcad1f8836972025b79ade75dacddec79e8767e,7415ebff754d0a2b7bcddbeb112ecc18ef7fef2fe4e5204b389846e1f7ac73d0,2ec7445f446676bc26bfdf2022ca9b5e348ef515bfffdaed796d7b858f651934
co2,p016_T20_100ppm_fit,D:\gas_calibrator\_worktrees\v1_5_fixed_wait_window_gate_1aee26d_clean\_handoff\new_algo_001_init_20260627\formal\co2_open_flow_0620_mature_20260627_r1\co2_r2\p016_T20_100ppm_fit,100.0,co2_standard_nonzero_point,False,GA01,ga01,001,A_calibration_eligible,ga01_co2_ratio_f,0.0,0.0005,0.001,10,10,10,within_production_contract,True,True,96ad9a820ec11cedb8bfbcc0b6186655f583fcf1c2b4bd5dcbe962b750900308,3fa8bd4d04793ce4914370f5f97d7cdb7f83adaba2c4abfe32c1eaaa1e0b40f4,15b7c23b5725a663a950ff066fcad1f8836972025b79ade75dacddec79e8767e,b1756c664edb5cae03291738b88fe03b2f191121e9665c5d1a0d6033d0eed745,2ec7445f446676bc26bfdf2022ca9b5e348ef515bfffdaed796d7b858f651934
co2,p018_T20_300ppm_fit,D:\gas_calibrator\_worktrees\v1_5_fixed_wait_window_gate_1aee26d_clean\_handoff\new_algo_001_init_20260627\formal\co2_open_flow_0620_mature_20260627_r1\co2_r2\p018_T20_300ppm_fit,300.0,co2_standard_nonzero_point,False,GA01,ga01,001,A_calibration_eligible,ga01_co2_ratio_f,0.0,0.0005,0.001,10,10,10,within_production_contract,True,True,0155337eca4a425dc6282f40c81aa17f690f991e9a7cdeb54d987d45027cd319,cec83b2bfbd0c5ab59194047c42fb31ba4a402bd851ff3ae950a5ddd077b6f4b,15b7c23b5725a663a950ff066fcad1f8836972025b79ade75dacddec79e8767e,5f2ab323fc2927476965fb818236d6a17a737f983a21a2b651a4b37578f362c5,2ec7445f446676bc26bfdf2022ca9b5e348ef515bfffdaed796d7b858f651934
co2,p019_T20_400ppm_fit,D:\gas_calibrator\_worktrees\v1_5_fixed_wait_window_gate_1aee26d_clean\_handoff\new_algo_001_init_20260627\formal\co2_open_flow_0620_mature_20260627_r1\co2_r2\p019_T20_400ppm_fit,400.0,co2_standard_nonzero_point,False,GA01,ga01,001,A_calibration_eligible,ga01_co2_ratio_f,0.0,0.0005,0.001,10,10,10,within_production_contract,True,True,ab5913da50b96ee8ebba9a6cdab58091a934ab91ada1f82f5eec5a476b6863e1,8e6b8739936020eaec5f2de70aac04aa10eadadef414b3ab9b46aa6eba6a8051,15b7c23b5725a663a950ff066fcad1f8836972025b79ade75dacddec79e8767e,f6d9d2d6375408164443ee5186514b236025b8e58eed7226476308d04bc9b438,2ec7445f446676bc26bfdf2022ca9b5e348ef515bfffdaed796d7b858f651934
co2,p020_T20_500ppm_fit,D:\gas_calibrator\_worktrees\v1_5_fixed_wait_window_gate_1aee26d_clean\_handoff\new_algo_001_init_20260627\formal\co2_open_flow_0620_mature_20260627_r1\co2_r2\p020_T20_500ppm_fit,500.0,co2_standard_nonzero_point,False,GA01,ga01,001,A_calibration_eligible,ga01_co2_ratio_f,0.0,0.0005,0.001,10,10,10,within_production_contract,True,True,f42801ec326dd4cd1c4f98c1ee5cda0c2b4ef206a197f5ebe9ac59188bb4d69a,18f8c68b1c356326b66e7054e4380b2c8211502032f38ac2322e42694a03b8d3,15b7c23b5725a663a950ff066fcad1f8836972025b79ade75dacddec79e8767e,0cd197c29baeecedc977ba4b42717066a32dad4e14a91ade6146942a7e105846,2ec7445f446676bc26bfdf2022ca9b5e348ef515bfffdaed796d7b858f651934
co2,p021_T20_600ppm_fit,D:\gas_calibrator\_worktrees\v1_5_fixed_wait_window_gate_1aee26d_clean\_handoff\new_algo_001_init_20260627\formal\co2_open_flow_0620_mature_20260627_r1\co2_r2\p021_T20_600ppm_fit,600.0,co2_standard_nonzero_point,False,GA01,ga01,001,A_calibration_eligible,ga01_co2_ratio_f,0.0,0.0005,0.001,10,10,10,within_production_contract,True,True,4ee8723d5d7379a7d0fd66c27b8a0a7ffe53fec570dfc6eadbad3de64c827ee2,b4443da56b2deceb4679e81f52c97f4cce9e655321c1121f2dc03d75571bd1ef,15b7c23b5725a663a950ff066fcad1f8836972025b79ade75dacddec79e8767e,987db47ad538ab3a396d48b733e2ff72ebc6c7c7cdfce3c7bf9c8a5133c6d229,2ec7445f446676bc26bfdf2022ca9b5e348ef515bfffdaed796d7b858f651934
co2,p022_T20_700ppm_fit,D:\gas_calibrator\_worktrees\v1_5_fixed_wait_window_gate_1aee26d_clean\_handoff\new_algo_001_init_20260627\formal\co2_open_flow_0620_mature_20260627_r1\co2_r2\p022_T20_700ppm_fit,700.0,co2_standard_nonzero_point,False,GA01,ga01,001,A_calibration_eligible,ga01_co2_ratio_f,0.0,0.0005,0.001,10,10,10,within_production_contract,True,True,fec893264ccc18d7615323a85fd57b222202c9f5fdc9526bb255966f56ad4930,6f235561078a8116237a86d9dd2afd95984f8b8628313eff0e0adee9b826fa2c,15b7c23b5725a663a950ff066fcad1f8836972025b79ade75dacddec79e8767e,1579273c6c889da69c287d2273e00d5868ea33cf840d0e7ae24d37234baec986,2ec7445f446676bc26bfdf2022ca9b5e348ef515bfffdaed796d7b858f651934
co2,p023_T20_800ppm_fit,D:\gas_calibrator\_worktrees\v1_5_fixed_wait_window_gate_1aee26d_clean\_handoff\new_algo_001_init_20260627\formal\co2_open_flow_0620_mature_20260627_r1\co2_r2\p023_T20_800ppm_fit,800.0,co2_standard_nonzero_point,False,GA01,ga01,001,A_calibration_eligible,ga01_co2_ratio_f,0.0,0.0005,0.001,10,10,10,within_production_contract,True,True,e048cb40214e7da7f03c52f86cbf0a6520906683dbb21e169ce9cf868d57eb4b,17a1a4b5601096b21e7542f8fa024615b0fdadbf1d64a27c164791df82f612fc,15b7c23b5725a663a950ff066fcad1f8836972025b79ade75dacddec79e8767e,4ada61202c31273f0c51732e6e67658b9806bca084b0c1b87289e42a083b9666,2ec7445f446676bc26bfdf2022ca9b5e348ef515bfffdaed796d7b858f651934
co2,p024_T20_900ppm_fit,D:\gas_calibrator\_worktrees\v1_5_fixed_wait_window_gate_1aee26d_clean\_handoff\new_algo_001_init_20260627\formal\co2_open_flow_0620_mature_20260627_r1\co2_r2\p024_T20_900ppm_fit,900.0,co2_standard_nonzero_point,False,GA01,ga01,001,A_calibration_eligible,ga01_co2_ratio_f,0.0001,0.0005,0.001,10,10,10,within_production_contract,True,True,f19256cc4973202d6c44645bde34ea02c1106411cbbd82635d50a740103d4fd2,8aa08ef8660ad9b22bcb9900a9a027735494fb302e2cf155ee6940c496c36a0e,15b7c23b5725a663a950ff066fcad1f8836972025b79ade75dacddec79e8767e,14b4b82a396b1d5ebca11e0632b1c6ef0b3f860d6fe37aef1e85daf3ab66b122,2ec7445f446676bc26bfdf2022ca9b5e348ef515bfffdaed796d7b858f651934
co2,p025_T20_1000ppm_fit,D:\gas_calibrator\_worktrees\v1_5_fixed_wait_window_gate_1aee26d_clean\_handoff\new_algo_001_init_20260627\formal\co2_open_flow_0620_mature_20260627_r1\co2_r2\p025_T20_1000ppm_fit,1000.0,co2_standard_nonzero_point,False,GA01,ga01,001,A_calibration_eligible,ga01_co2_ratio_f,0.0,0.0005,0.001,10,10,10,within_production_contract,True,True,9b83ae20a9632494b3676c57639cd0e518a6fb61f10f6feb28ca31dca83af96d,34b287cdc845094c885ecc37e19791aba634a34d8c36b17032e45db84484b105,15b7c23b5725a663a950ff066fcad1f8836972025b79ade75dacddec79e8767e,4acadd4a207fd80e71d4be327dbd35110211f0e3dc23e743e148c0f57c172735,2ec7445f446676bc26bfdf2022ca9b5e348ef515bfffdaed796d7b858f651934
co2,p026_T10_0ppm_fit,D:\gas_calibrator\_worktrees\v1_5_fixed_wait_window_gate_1aee26d_clean\_handoff\new_algo_001_init_20260627\formal\co2_open_flow_0620_mature_20260627_r1\co2_r2\p026_T10_0ppm_fit,0.0,co2_zero_gas_low_concentration_anchor,False,GA01,ga01,001,A_calibration_eligible,ga01_co2_ratio_f,0.0,0.0005,0.001,10,10,10,within_production_contract,True,True,b27f81fcc45acc9c2418da96a69a5d14fb63971f146a28656e29dc7f845fdb96,e93dca7fcdacb8b1949b0c76ed8df0019eeaaea0c2e87834802096caf367e3de,15b7c23b5725a663a950ff066fcad1f8836972025b79ade75dacddec79e8767e,201f08d306e848193c246ed68ce6933479a5999bc444214efb67d21b2c1d2d32,2ec7445f446676bc26bfdf2022ca9b5e348ef515bfffdaed796d7b858f651934
co2,p027_T10_100ppm_fit,D:\gas_calibrator\_worktrees\v1_5_fixed_wait_window_gate_1aee26d_clean\_handoff\new_algo_001_init_20260627\formal\co2_open_flow_0620_mature_20260627_r1\co2_r2\p027_T10_100ppm_fit,100.0,co2_standard_nonzero_point,False,GA01,ga01,001,A_calibration_eligible,ga01_co2_ratio_f,0.0,0.0005,0.001,10,10,10,within_production_contract,True,True,73e50cc8f92951ba2e72ce0bae36c663d3d8496044d5cc5d1d86e0f09a380c3d,3fa8bd4d04793ce4914370f5f97d7cdb7f83adaba2c4abfe32c1eaaa1e0b40f4,15b7c23b5725a663a950ff066fcad1f8836972025b79ade75dacddec79e8767e,ccff6679d80490997200702d23201af9b44a60c5ceea8029ee575a30603f148a,2ec7445f446676bc26bfdf2022ca9b5e348ef515bfffdaed796d7b858f651934
co2,p028_T10_200ppm_fit,D:\gas_calibrator\_worktrees\v1_5_fixed_wait_window_gate_1aee26d_clean\_handoff\new_algo_001_init_20260627\formal\co2_open_flow_0620_mature_20260627_r1\co2_r2\p028_T10_200ppm_fit,200.0,co2_standard_nonzero_point,False,GA01,ga01,001,A_calibration_eligible,ga01_co2_ratio_f,0.0,0.0005,0.001,10,10,10,within_production_contract,True,True,e9cbcfe04e4dd843a665b052469c3b58a7682d61216033551408d1e634b164b5,5a899716325d500815f8e1c4f61879159c345b8fafbf78b528a5d1d2a02f11ad,15b7c23b5725a663a950ff066fcad1f8836972025b79ade75dacddec79e8767e,a734942e6302be430bd5d3612367cc7724f6fa1471863afcf04e7d3863c14965,2ec7445f446676bc26bfdf2022ca9b5e348ef515bfffdaed796d7b858f651934
co2,p029_T10_300ppm_fit,D:\gas_calibrator\_worktrees\v1_5_fixed_wait_window_gate_1aee26d_clean\_handoff\new_algo_001_init_20260627\formal\co2_open_flow_0620_mature_20260627_r1\co2_r2\p029_T10_300ppm_fit,300.0,co2_standard_nonzero_point,False,GA01,ga01,001,A_calibration_eligible,ga01_co2_ratio_f,0.0,0.0005,0.001,10,10,10,within_production_contract,True,True,facccd609006973bcd96085920634bbe04971922756d495737677997d160e50d,cec83b2bfbd0c5ab59194047c42fb31ba4a402bd851ff3ae950a5ddd077b6f4b,15b7c23b5725a663a950ff066fcad1f8836972025b79ade75dacddec79e8767e,4263cf67c8bf65eb940fc8610ce86756818a96aee7e189f151c23ff42e557c74,2ec7445f446676bc26bfdf2022ca9b5e348ef515bfffdaed796d7b858f651934
co2,p030_T10_400ppm_fit,D:\gas_calibrator\_worktrees\v1_5_fixed_wait_window_gate_1aee26d_clean\_handoff\new_algo_001_init_20260627\formal\co2_open_flow_0620_mature_20260627_r1\co2_r2\p030_T10_400ppm_fit,400.0,co2_standard_nonzero_point,False,GA01,ga01,001,A_calibration_eligible,ga01_co2_ratio_f,0.0,0.0005,0.001,10,10,10,within_production_contract,True,True,46bb348919102c81e399079786d59c7c59ea9d5c519d5f219f5c0615c612dd2d,8e6b8739936020eaec5f2de70aac04aa10eadadef414b3ab9b46aa6eba6a8051,15b7c23b5725a663a950ff066fcad1f8836972025b79ade75dacddec79e8767e,80e5471a42e6854a41627572c298524810ae9da8b24c65b261d8c561cb04250d,2ec7445f446676bc26bfdf2022ca9b5e348ef515bfffdaed796d7b858f651934
co2,p031_T10_500ppm_fit,D:\gas_calibrator\_worktrees\v1_5_fixed_wait_window_gate_1aee26d_clean\_handoff\new_algo_001_init_20260627\formal\co2_open_flow_0620_mature_20260627_r1\co2_r2\p031_T10_500ppm_fit,500.0,co2_standard_nonzero_point,False,GA01,ga01,001,A_calibration_eligible,ga01_co2_ratio_f,0.0,0.0005,0.001,10,10,10,within_production_contract,True,True,32d676fcd8742e67c2121b818539024b73fb7793108a9d7487af2ef5b9c2ca73,18f8c68b1c356326b66e7054e4380b2c8211502032f38ac2322e42694a03b8d3,15b7c23b5725a663a950ff066fcad1f8836972025b79ade75dacddec79e8767e,047a776ea8a4b98694bd8e91502ac5b7bb9e52c88abd2b99cd4899df11d26841,2ec7445f446676bc26bfdf2022ca9b5e348ef515bfffdaed796d7b858f651934
co2,p032_T10_600ppm_fit,D:\gas_calibrator\_worktrees\v1_5_fixed_wait_window_gate_1aee26d_clean\_handoff\new_algo_001_init_20260627\formal\co2_open_flow_0620_mature_20260627_r1\co2_r2\p032_T10_600ppm_fit,600.0,co2_standard_nonzero_point,False,GA01,ga01,001,A_calibration_eligible,ga01_co2_ratio_f,0.0,0.0005,0.001,10,10,10,within_production_contract,True,True,8df954f5673173911d79bc190971860112a5a87c0ae59df30c303cb20ababb81,b4443da56b2deceb4679e81f52c97f4cce9e655321c1121f2dc03d75571bd1ef,15b7c23b5725a663a950ff066fcad1f8836972025b79ade75dacddec79e8767e,fc3275af027d066461cf381ac564821934ab001d267ebc5c353ef909cbb048ba,2ec7445f446676bc26bfdf2022ca9b5e348ef515bfffdaed796d7b858f651934
co2,p033_T10_700ppm_fit,D:\gas_calibrator\_worktrees\v1_5_fixed_wait_window_gate_1aee26d_clean\_handoff\new_algo_001_init_20260627\formal\co2_open_flow_0620_mature_20260627_r1\co2_r2\p033_T10_700ppm_fit,700.0,co2_standard_nonzero_point,False,GA01,ga01,001,A_calibration_eligible,ga01_co2_ratio_f,0.0,0.0005,0.001,10,10,10,within_production_contract,True,True,4e4d8436008c5b4dd8c01bbc2bc61713dbde774719634dcf88445086f418b0a8,6f235561078a8116237a86d9dd2afd95984f8b8628313eff0e0adee9b826fa2c,15b7c23b5725a663a950ff066fcad1f8836972025b79ade75dacddec79e8767e,143e3f0c9b3df07081a0f2fda1afc96e505b7ce1e37916993ef346bf31e3ac59,2ec7445f446676bc26bfdf2022ca9b5e348ef515bfffdaed796d7b858f651934
co2,p034_T10_800ppm_fit,D:\gas_calibrator\_worktrees\v1_5_fixed_wait_window_gate_1aee26d_clean\_handoff\new_algo_001_init_20260627\formal\co2_open_flow_0620_mature_20260627_r1\co2_r2\p034_T10_800ppm_fit,800.0,co2_standard_nonzero_point,False,GA01,ga01,001,A_calibration_eligible,ga01_co2_ratio_f,0.0001,0.0005,0.001,10,10,10,within_production_contract,True,True,6c9f663bf2490426f190a401ae89d82c89972f48ec411b9429aded90302aa837,17a1a4b5601096b21e7542f8fa024615b0fdadbf1d64a27c164791df82f612fc,15b7c23b5725a663a950ff066fcad1f8836972025b79ade75dacddec79e8767e,fc5539a33c9424e6275f5e7b16b138d99da90778f6c1384287ee222c14571d4a,2ec7445f446676bc26bfdf2022ca9b5e348ef515bfffdaed796d7b858f651934
co2,p035_T10_900ppm_fit,D:\gas_calibrator\_worktrees\v1_5_fixed_wait_window_gate_1aee26d_clean\_handoff\new_algo_001_init_20260627\formal\co2_open_flow_0620_mature_20260627_r1\co2_r2\p035_T10_900ppm_fit,900.0,co2_standard_nonzero_point,False,GA01,ga01,001,A_calibration_eligible,ga01_co2_ratio_f,0.0001,0.0005,0.001,10,10,10,within_production_contract,True,True,dbb8c6d1f3c7b8f5853a03112c811beaab099562c215e2746c2a0f1df6acc5cb,8aa08ef8660ad9b22bcb9900a9a027735494fb302e2cf155ee6940c496c36a0e,15b7c23b5725a663a950ff066fcad1f8836972025b79ade75dacddec79e8767e,8cc1f42ad12d91ae289997e698ca65da99621d5a4a7a9cfc476ebd052c633c44,2ec7445f446676bc26bfdf2022ca9b5e348ef515bfffdaed796d7b858f651934
co2,p036_T10_1000ppm_fit,D:\gas_calibrator\_worktrees\v1_5_fixed_wait_window_gate_1aee26d_clean\_handoff\new_algo_001_init_20260627\formal\co2_open_flow_0620_mature_20260627_r1\co2_r2\p036_T10_1000ppm_fit,1000.0,co2_standard_nonzero_point,False,GA01,ga01,001,A_calibration_eligible,ga01_co2_ratio_f,0.0,0.0005,0.001,10,10,10,within_production_contract,True,True,f0d43f98c9920367fcb35e91055efe400d0bd373059ac30d1c49d9f22e192e93,34b287cdc845094c885ecc37e19791aba634a34d8c36b17032e45db84484b105,15b7c23b5725a663a950ff066fcad1f8836972025b79ade75dacddec79e8767e,dd455d9a05967da2eade48dd5d883dad6856e046f1a847c9b71d424338b5d089,2ec7445f446676bc26bfdf2022ca9b5e348ef515bfffdaed796d7b858f651934
co2,p037_T0_0ppm_fit,D:\gas_calibrator\_worktrees\v1_5_fixed_wait_window_gate_1aee26d_clean\_handoff\new_algo_001_init_20260627\formal\co2_open_flow_0620_mature_20260627_r1\co2_r2\p037_T0_0ppm_fit,0.0,co2_zero_gas_low_concentration_anchor,False,GA01,ga01,001,A_calibration_eligible,ga01_co2_ratio_f,0.0,0.0005,0.001,10,10,10,within_production_contract,True,True,fb9f014fb1697e27aaab874deb24abf10ccdd2c1de70ea7230b391aea1f3c800,e93dca7fcdacb8b1949b0c76ed8df0019eeaaea0c2e87834802096caf367e3de,15b7c23b5725a663a950ff066fcad1f8836972025b79ade75dacddec79e8767e,346f44457cc152eb9b98a9b70fb189501489c1f438751cd60cd3342f231e752d,2ec7445f446676bc26bfdf2022ca9b5e348ef515bfffdaed796d7b858f651934
co2,p038_T0_400ppm_fit,D:\gas_calibrator\_worktrees\v1_5_fixed_wait_window_gate_1aee26d_clean\_handoff\new_algo_001_init_20260627\formal\co2_open_flow_0620_mature_20260627_r1\co2_r2\p038_T0_400ppm_fit,400.0,co2_standard_nonzero_point,False,GA01,ga01,001,A_calibration_eligible,ga01_co2_ratio_f,0.0001,0.0005,0.001,10,10,10,within_production_contract,True,True,8c724d82a801fd2f589a483f279a621fec226345b3b4159e874f264a1cd33470,8e6b8739936020eaec5f2de70aac04aa10eadadef414b3ab9b46aa6eba6a8051,15b7c23b5725a663a950ff066fcad1f8836972025b79ade75dacddec79e8767e,6ee2d3fa5f22ccc7049b84aee760a3ede0d0509501caff48512490eb9cc45505,2ec7445f446676bc26bfdf2022ca9b5e348ef515bfffdaed796d7b858f651934
co2,p039_T0_1000ppm_fit,D:\gas_calibrator\_worktrees\v1_5_fixed_wait_window_gate_1aee26d_clean\_handoff\new_algo_001_init_20260627\formal\co2_open_flow_0620_mature_20260627_r1\co2_r2\p039_T0_1000ppm_fit,1000.0,co2_standard_nonzero_point,False,GA01,ga01,001,A_calibration_eligible,ga01_co2_ratio_f,0.0,0.0005,0.001,10,10,10,within_production_contract,True,True,7fb7e13b5d2c6892055f19603794381d2dddb10d4a7f9bf8e91881a4c510371f,34b287cdc845094c885ecc37e19791aba634a34d8c36b17032e45db84484b105,15b7c23b5725a663a950ff066fcad1f8836972025b79ade75dacddec79e8767e,3d42f55a546baf27d7cd4bc611ece3d05309ef1374c0f0ce68a9ff609fedb7dd,2ec7445f446676bc26bfdf2022ca9b5e348ef515bfffdaed796d7b858f651934
co2,p001_Tm10_0ppm_fit,D:\gas_calibrator\_worktrees\v1_5_fixed_wait_window_gate_1aee26d_clean\_handoff\new_algo_001_init_20260627\formal\co2_resume_20260628\co2_Tm10_Tm20_COM35_r1\p001_Tm10_0ppm_fit,0.0,co2_zero_gas_low_concentration_anchor,False,GA01,ga01,001,A_calibration_eligible,ga01_co2_ratio_f,0.0001,0.0005,0.001,10,10,10,within_production_contract,True,True,48f66204c158a266468088cad4919623ed3c63194b5d67513dc36febce57d9f6,e93dca7fcdacb8b1949b0c76ed8df0019eeaaea0c2e87834802096caf367e3de,c10a14389143e3b1df98f949185439d48b5f00a5bde138a20a596b613f4bb689,7f0e802a3f9877492b0fdc2418ef39cdbd1be8bd397851ef1e226ae8b5e9d902,2ec7445f446676bc26bfdf2022ca9b5e348ef515bfffdaed796d7b858f651934
co2,p002_Tm10_400ppm_fit,D:\gas_calibrator\_worktrees\v1_5_fixed_wait_window_gate_1aee26d_clean\_handoff\new_algo_001_init_20260627\formal\co2_resume_20260628\co2_Tm10_Tm20_COM35_r1\p002_Tm10_400ppm_fit,400.0,co2_standard_nonzero_point,False,GA01,ga01,001,A_calibration_eligible,ga01_co2_ratio_f,0.0,0.0005,0.001,10,10,10,within_production_contract,True,True,20d47f677cd9d0e0b2f61793c8b54b82b2696f9d5f82ba77d69810f535baec30,8e6b8739936020eaec5f2de70aac04aa10eadadef414b3ab9b46aa6eba6a8051,c10a14389143e3b1df98f949185439d48b5f00a5bde138a20a596b613f4bb689,d281d2e5dc1d1c99d33ad7cf162d400c8f7255e4764549f3b081656a8c2ca215,2ec7445f446676bc26bfdf2022ca9b5e348ef515bfffdaed796d7b858f651934
co2,p003_Tm10_1000ppm_fit,D:\gas_calibrator\_worktrees\v1_5_fixed_wait_window_gate_1aee26d_clean\_handoff\new_algo_001_init_20260627\formal\co2_resume_20260628\co2_Tm10_Tm20_COM35_r1\p003_Tm10_1000ppm_fit,1000.0,co2_standard_nonzero_point,False,GA01,ga01,001,A_calibration_eligible,ga01_co2_ratio_f,0.0,0.0005,0.001,10,10,10,within_production_contract,True,True,39693f3f7b10afd4fd6ff7cd2e360e702782e52e4b8173be87576100a5602830,34b287cdc845094c885ecc37e19791aba634a34d8c36b17032e45db84484b105,c10a14389143e3b1df98f949185439d48b5f00a5bde138a20a596b613f4bb689,a254912ca88d85b8a02c0bf507c138c892e446ef65c97ebfe932f646e8cc281e,2ec7445f446676bc26bfdf2022ca9b5e348ef515bfffdaed796d7b858f651934
co2,p004_Tm20_0ppm_fit,D:\gas_calibrator\_worktrees\v1_5_fixed_wait_window_gate_1aee26d_clean\_handoff\new_algo_001_init_20260627\formal\co2_resume_20260628\co2_Tm10_Tm20_COM35_r1\p004_Tm20_0ppm_fit,0.0,co2_zero_gas_low_concentration_anchor,False,GA01,ga01,001,A_calibration_eligible,ga01_co2_ratio_f,0.0,0.0005,0.001,10,10,10,within_production_contract,True,True,dde3ec01d6e2634aa23629854c0b6f46f4a4da623424fa20d3e784135f110a40,e93dca7fcdacb8b1949b0c76ed8df0019eeaaea0c2e87834802096caf367e3de,c10a14389143e3b1df98f949185439d48b5f00a5bde138a20a596b613f4bb689,baa74e4743fa831517e83df2ac9469da9e84b7e5fe9b5931e635d6519eb3785a,2ec7445f446676bc26bfdf2022ca9b5e348ef515bfffdaed796d7b858f651934
co2,p005_Tm20_400ppm_fit,D:\gas_calibrator\_worktrees\v1_5_fixed_wait_window_gate_1aee26d_clean\_handoff\new_algo_001_init_20260627\formal\co2_resume_20260628\co2_Tm10_Tm20_COM35_r1\p005_Tm20_400ppm_fit,400.0,co2_standard_nonzero_point,False,GA01,ga01,001,A_calibration_eligible,ga01_co2_ratio_f,0.0,0.0005,0.001,10,10,10,within_production_contract,True,True,dea65fc12c58ffd75c5e7f8dad7ead17a7e684b278322a87f46e20f8b5113348,8e6b8739936020eaec5f2de70aac04aa10eadadef414b3ab9b46aa6eba6a8051,c10a14389143e3b1df98f949185439d48b5f00a5bde138a20a596b613f4bb689,7d01a145d21abb5fa4b08e01e47b12a0d4c41f114b994071b641e5962e78b9f4,2ec7445f446676bc26bfdf2022ca9b5e348ef515bfffdaed796d7b858f651934
co2,p006_Tm20_1000ppm_fit_retry1,D:\gas_calibrator\_worktrees\v1_5_fixed_wait_window_gate_1aee26d_clean\_handoff\new_algo_001_init_20260627\formal\co2_resume_20260628\co2_Tm10_Tm20_COM35_r1\p006_Tm20_1000ppm_fit_retry1,1000.0,co2_standard_nonzero_point,False,GA01,ga01,001,A_calibration_eligible,ga01_co2_ratio_f,0.0,0.0005,0.001,10,10,10,within_production_contract,True,True,878fa14d0e23bd631bcf13ded39371d2c2d81f9bded2731881386933bcd5e9b5,34b287cdc845094c885ecc37e19791aba634a34d8c36b17032e45db84484b105,c10a14389143e3b1df98f949185439d48b5f00a5bde138a20a596b613f4bb689,0d620c18bd2ec7d148744c5e60fc71e81efc0e13b5a6776d81c29b51fd3ae4be,2ec7445f446676bc26bfdf2022ca9b5e348ef515bfffdaed796d7b858f651934
h2o,p001_T0_HG0C_50RH_h2o,D:\gas_calibrator\_worktrees\v1_5_fixed_wait_window_gate_1aee26d_clean\_handoff\new_algo_001_init_20260627\formal\h2o_open_flow_0620_mature_20260628_live1\p001_T0_HG0C_50RH_h2o,3.0233,h2o_wet_calibration_point,False,GA01,ga01,001,C_reject,ga01_h2o_ratio_f,0.0,0.001,,10,10,10,point_wide_hard_blocker:route_specific_physical_reference_invalid,False,False,04122ff7cc6c197bdfe18c0584790f553968ecb1d4f3f863b36ee8d76037b919,4e64d2541a77ebbc390e27b2c067bf79b580edd1ed20372ace0ae59ac616374b,e6847f2be6af9364e0bc009320c2480143f66eba51b23d1eb12ec7b290ed584c,0fbf9fcb47b55de2c2d7c97b220c3c653614fa5d97099f0b5c05f5b95090f73d,2ec7445f446676bc26bfdf2022ca9b5e348ef515bfffdaed796d7b858f651934
h2o,p002_T10_HG10C_30RH_h2o,D:\gas_calibrator\_worktrees\v1_5_fixed_wait_window_gate_1aee26d_clean\_handoff\new_algo_001_init_20260627\formal\h2o_open_flow_0620_mature_20260628_live1\p002_T10_HG10C_30RH_h2o,3.647,h2o_wet_calibration_point,False,GA01,ga01,001,C_reject,ga01_h2o_ratio_f,0.0,0.001,,10,10,10,point_wide_hard_blocker:route_specific_physical_reference_invalid,False,False,1603e8e72f738cb1d1257fb3432f07329424bc94f464d898c7234d367bcced16,36c12445c9582ff545c4f1342bd4fdb6b9ae7af1cb2ebc3d93e55dc296e19b76,e6847f2be6af9364e0bc009320c2480143f66eba51b23d1eb12ec7b290ed584c,6afc0adf80a8f4ff31b0b5922c80604ec0956a13387614a040738842a5df0f19,2ec7445f446676bc26bfdf2022ca9b5e348ef515bfffdaed796d7b858f651934
h2o,p003_T10_HG10C_50RH_h2o,D:\gas_calibrator\_worktrees\v1_5_fixed_wait_window_gate_1aee26d_clean\_handoff\new_algo_001_init_20260627\formal\h2o_open_flow_0620_mature_20260628_live1\p003_T10_HG10C_50RH_h2o,6.0857,h2o_wet_calibration_point,False,GA01,ga01,001,C_reject,ga01_h2o_ratio_f,0.0,0.001,,10,6,10,point_wide_hard_blocker:route_specific_physical_reference_invalid;usable_ratio_count_below_minimum:6<9,False,False,fe8291b1727b80f45435c5882f7faed18b190cc80e30fb4d483d663fbf77c5f6,91e15dc74a4a62641a50ff947a1b1f64b57f043a0a4cf6570c2229f264c3f5cd,e6847f2be6af9364e0bc009320c2480143f66eba51b23d1eb12ec7b290ed584c,cf110ac584cf15bc698c245b3ce2953010d20be9216a865c1997f07186ff44f5,2ec7445f446676bc26bfdf2022ca9b5e348ef515bfffdaed796d7b858f651934
h2o,p004_T10_HG10C_70RH_h2o,D:\gas_calibrator\_worktrees\v1_5_fixed_wait_window_gate_1aee26d_clean\_handoff\new_algo_001_init_20260627\formal\h2o_open_flow_0620_mature_20260628_live1\p004_T10_HG10C_70RH_h2o,8.5191,h2o_wet_calibration_point,False,GA01,ga01,001,C_reject,ga01_h2o_ratio_f,0.0,0.001,,10,10,10,point_wide_hard_blocker:route_specific_physical_reference_invalid,False,False,8457a774dab0709e0d3c66997e4d7951b3e28e7868f97e9e05f9a87541c48404,c09c746ea2441edd195362ae6229ba088b8a018d8ca9374bdf1cc86b735ef062,e6847f2be6af9364e0bc009320c2480143f66eba51b23d1eb12ec7b290ed584c,19663c34e96017fdea8a1080770dd474600b6e654ea9ccfe6dbbe347c0cd0da5,2ec7445f446676bc26bfdf2022ca9b5e348ef515bfffdaed796d7b858f651934
h2o,p005_T20_HG20C_30RH_h2o,D:\gas_calibrator\_worktrees\v1_5_fixed_wait_window_gate_1aee26d_clean\_handoff\new_algo_001_init_20260627\formal\h2o_open_flow_0620_mature_20260628_live1\p005_T20_HG20C_30RH_h2o,6.9571,h2o_wet_calibration_point,False,GA01,ga01,001,C_reject,ga01_h2o_ratio_f,0.0,0.001,,10,10,10,point_wide_hard_blocker:route_specific_physical_reference_invalid,False,False,6b4453c82f9fec682ecbe6794e8862c45c6feb7daa630c10957586a3eaddca6d,2987fd6001121bee652ce8d07055b7fbff9392954803bca07448d6e36c32395f,e6847f2be6af9364e0bc009320c2480143f66eba51b23d1eb12ec7b290ed584c,ccb522ca1106b3c7923cae0ad98612dadd5930b201421326787b2721065ad412,2ec7445f446676bc26bfdf2022ca9b5e348ef515bfffdaed796d7b858f651934
h2o,p006_T20_HG20C_50RH_h2o,D:\gas_calibrator\_worktrees\v1_5_fixed_wait_window_gate_1aee26d_clean\_handoff\new_algo_001_init_20260627\formal\h2o_open_flow_0620_mature_20260628_live1\p006_T20_HG20C_50RH_h2o,11.6416,h2o_wet_calibration_point,False,GA01,ga01,001,C_reject,ga01_h2o_ratio_f,0.0,0.001,,10,10,10,point_wide_hard_blocker:route_specific_physical_reference_invalid,False,False,10b501e71f31071b5d30d5141e612d07dac6afba3ffabddf0b1245f50eecea12,a555f719df6bc333a33efeae58579fb469b9104b83d4ec4dd10107eddd4ed9d0,e6847f2be6af9364e0bc009320c2480143f66eba51b23d1eb12ec7b290ed584c,7d0dab5dedc3751d0a58511f0397a3e00bff1428bed275bac00d97773003b3c2,2ec7445f446676bc26bfdf2022ca9b5e348ef515bfffdaed796d7b858f651934
h2o,p007_T20_HG20C_70RH_h2o,D:\gas_calibrator\_worktrees\v1_5_fixed_wait_window_gate_1aee26d_clean\_handoff\new_algo_001_init_20260627\formal\h2o_open_flow_0620_mature_20260628_live1\p007_T20_HG20C_70RH_h2o,16.3715,h2o_wet_calibration_point,False,GA01,ga01,001,C_reject,ga01_h2o_ratio_f,0.0001,0.001,,10,10,10,point_wide_hard_blocker:route_specific_physical_reference_invalid,False,False,935e1d2f8e444f6129b01e2f6bbac5fa73b2ea433f38aa83e7b67e7728837065,16ca0f8761c5a5dc0db318557dfa8cdc9cdca9d2b523e2870af5ed04c12a31ea,e6847f2be6af9364e0bc009320c2480143f66eba51b23d1eb12ec7b290ed584c,ebb9e125e38752dfa4312dc7ee66e0b090d687b31aceb0b5e3678fffc7c8b8dc,2ec7445f446676bc26bfdf2022ca9b5e348ef515bfffdaed796d7b858f651934
h2o,p008_T30_HG20C_30RH_h2o,D:\gas_calibrator\_worktrees\v1_5_fixed_wait_window_gate_1aee26d_clean\_handoff\new_algo_001_init_20260627\formal\h2o_open_flow_0620_mature_20260628_live1\p008_T30_HG20C_30RH_h2o,6.9571,h2o_wet_calibration_point,False,GA01,ga01,001,C_reject,ga01_h2o_ratio_f,0.0,0.001,,10,10,10,point_wide_hard_blocker:route_specific_physical_reference_invalid,False,False,3a7a81437d7a6090e8a9bb8e2c2a7bade743c735c2bd1e594a026cfb0ee51cd6,2987fd6001121bee652ce8d07055b7fbff9392954803bca07448d6e36c32395f,e6847f2be6af9364e0bc009320c2480143f66eba51b23d1eb12ec7b290ed584c,089dba7cbf0fd92b8cff6ca1f72e2163482c4812f80c9a95e02f3770ad85b8ce,2ec7445f446676bc26bfdf2022ca9b5e348ef515bfffdaed796d7b858f651934
h2o,p009_T30_HG20C_50RH_h2o,D:\gas_calibrator\_worktrees\v1_5_fixed_wait_window_gate_1aee26d_clean\_handoff\new_algo_001_init_20260627\formal\h2o_open_flow_0620_mature_20260628_live1\p009_T30_HG20C_50RH_h2o,11.6416,h2o_wet_calibration_point,False,GA01,ga01,001,C_reject,ga01_h2o_ratio_f,0.0,0.001,,10,10,10,point_wide_hard_blocker:route_specific_physical_reference_invalid,False,False,14a56785b0ae7c1547b5f126e2a042edec72a68a7fc18949e4c68d107b223b3d,a555f719df6bc333a33efeae58579fb469b9104b83d4ec4dd10107eddd4ed9d0,e6847f2be6af9364e0bc009320c2480143f66eba51b23d1eb12ec7b290ed584c,261597259d49b962c998a2b9576071fa5edc516025cf478afb86f14976dafac3,2ec7445f446676bc26bfdf2022ca9b5e348ef515bfffdaed796d7b858f651934
h2o,p010_T30_HG20C_70RH_h2o,D:\gas_calibrator\_worktrees\v1_5_fixed_wait_window_gate_1aee26d_clean\_handoff\new_algo_001_init_20260627\formal\h2o_open_flow_0620_mature_20260628_live1\p010_T30_HG20C_70RH_h2o,16.3715,h2o_wet_calibration_point,False,GA01,ga01,001,C_reject,ga01_h2o_ratio_f,0.0,0.001,,10,10,10,point_wide_hard_blocker:route_specific_physical_reference_invalid,False,False,8f251505c7effeb7b518c801235cadf86cde0c2ab15e4c55e8f82aaa77a5051a,16ca0f8761c5a5dc0db318557dfa8cdc9cdca9d2b523e2870af5ed04c12a31ea,e6847f2be6af9364e0bc009320c2480143f66eba51b23d1eb12ec7b290ed584c,6f5b57e05fcaa0e3c9a546cc5ee619edb397ace89607031ff6341dd691831579,2ec7445f446676bc26bfdf2022ca9b5e348ef515bfffdaed796d7b858f651934
h2o,p011_T30_HG20C_90RH_h2o,D:\gas_calibrator\_worktrees\v1_5_fixed_wait_window_gate_1aee26d_clean\_handoff\new_algo_001_init_20260627\formal\h2o_open_flow_0620_mature_20260628_live1\p011_T30_HG20C_90RH_h2o,21.1059,h2o_wet_calibration_point,False,GA01,ga01,001,C_reject,ga01_h2o_ratio_f,0.0,0.001,,10,10,10,point_wide_hard_blocker:route_specific_physical_reference_invalid,False,False,60d12c929bf95f640f88f891478da96157962d3268d809272c121bb2eeb34d25,62822025e69f0c909aa9a1f06be88ab6842418e7bba3f4b94fc0096f6e346e89,e6847f2be6af9364e0bc009320c2480143f66eba51b23d1eb12ec7b290ed584c,90961e9ad7bc328d6450f81c62e6f2e4e9d97caa3fec2ac89a7183d5b20108c1,2ec7445f446676bc26bfdf2022ca9b5e348ef515bfffdaed796d7b858f651934
h2o,p012_T40_HG30C_50RH_h2o,D:\gas_calibrator\_worktrees\v1_5_fixed_wait_window_gate_1aee26d_clean\_handoff\new_algo_001_init_20260627\formal\h2o_open_flow_0620_mature_20260628_live1\p012_T40_HG30C_50RH_h2o,21.3229,h2o_wet_calibration_point,False,GA01,ga01,001,C_reject,ga01_h2o_ratio_f,0.0001,0.001,,10,10,10,point_wide_hard_blocker:route_specific_physical_reference_invalid,False,False,b9b969c94516a2c0d6963dbaea8245b9f938e583b4916da4dd193bf7aa325098,58a1ed2cc6aaca31ea2bd704cc9b0e193818860e312942517b02804260ddf7d8,e6847f2be6af9364e0bc009320c2480143f66eba51b23d1eb12ec7b290ed584c,828f5b8b0987542784c92f1a959d66a7e8ed9602efa7fcc524fda9c36d76b4a2,2ec7445f446676bc26bfdf2022ca9b5e348ef515bfffdaed796d7b858f651934
h2o,p013_T40_HG30C_70RH_h2o,D:\gas_calibrator\_worktrees\v1_5_fixed_wait_window_gate_1aee26d_clean\_handoff\new_algo_001_init_20260627\formal\h2o_open_flow_0620_mature_20260628_live1\p013_T40_HG30C_70RH_h2o,30.1143,h2o_wet_calibration_point,False,GA01,ga01,001,C_reject,ga01_h2o_ratio_f,0.0,0.001,,10,10,10,point_wide_hard_blocker:route_specific_physical_reference_invalid,False,False,a47c53bf3fe8233778920e056bb0cec0f42778fc31b51bee1d76458f342ddf3c,e1dcd8560d8053e99b2e9279d0f31a792ac17b149f80e131ff02e5cd0af68e4d,e6847f2be6af9364e0bc009320c2480143f66eba51b23d1eb12ec7b290ed584c,533b78996c6f55390ac9db2dd57c6ab17fd171cb90fb565d9d41f63d69e30e93,2ec7445f446676bc26bfdf2022ca9b5e348ef515bfffdaed796d7b858f651934
h2o,h2o_post_senco24_reverify_T20_HG20C_30RH_retry1,D:\gas_calibrator\_worktrees\v1_5_fixed_wait_window_gate_1aee26d_clean\_handoff\new_algo_001_init_20260627\formal\h2o_reverify_001_COM35_20260628\h2o_post_senco24_reverify_T20_HG20C_30RH_retry1,6.9571,h2o_wet_calibration_point,False,GA01,ga01,001,C_reject,ga01_h2o_ratio_f,0.0,0.001,,10,10,10,point_wide_hard_blocker:route_specific_physical_reference_invalid,False,False,df4b6a237756e819e49b59f677e2d2dde69a40bad1a1e06028e65b47225301b8,2987fd6001121bee652ce8d07055b7fbff9392954803bca07448d6e36c32395f,3823c47df5da22e3533c06e89bd06e237e395ce7dad69479ab00bf7e7636252a,af5bb8eff2039338dc8136db7e6edbcc5fb072f695f8e899b94c1f203cc86d46,2ec7445f446676bc26bfdf2022ca9b5e348ef515bfffdaed796d7b858f651934
