path,name,artifact_type,category,stage,formal_status,risk_level,opens_com_ports,controls_routes,writes_coefficients,notes
src/gas_calibrator/storage/v1_5_evidence/__init__.py,__init__,storage,evidence_database,general,formal_support,offline,False,False,False,()
src/gas_calibrator/storage/v1_5_evidence/bundle.py,bundle,storage,evidence_database,general,formal_support,offline,False,False,False,()
src/gas_calibrator/storage/v1_5_evidence/pressure_completion_bundle.py,pressure_completion_bundle,storage,evidence_database,pressure_channel,formal_support,offline,False,False,False,()
src/gas_calibrator/storage/v1_5_evidence/production_import.py,production_import,storage,evidence_database,general,formal_support,offline,False,False,False,()
src/gas_calibrator/storage/v1_5_evidence/production_migration.py,production_migration,storage,evidence_database,general,formal_support,offline,False,False,False,()
src/gas_calibrator/storage/v1_5_evidence/repository.py,repository,storage,evidence_database,general,formal_support,offline,False,False,False,()
src/gas_calibrator/storage/v1_5_evidence/schema.py,schema,storage,evidence_database,general,formal_support,offline,False,False,False,()
src/gas_calibrator/storage/v1_5_evidence/staging_import.py,staging_import,storage,evidence_database,general,formal_support,offline,False,False,False,()
src/gas_calibrator/tools/archive_v1_5_current_stage.py,archive_v1_5_current_stage,tool,housekeeping_archive,general,formal_support,offline,False,False,False,()
src/gas_calibrator/tools/build_v1_5_h2o_archive_inputs.py,build_v1_5_h2o_archive_inputs,tool,formal_review_evidence,h2o_component,formal_support,offline,False,False,False,()
src/gas_calibrator/tools/collect_v1_5_serial_port_inventory.py,collect_v1_5_serial_port_inventory,tool,identity_and_serial_binding,identity_and_serial_binding,formal_support,offline,False,False,False,"('COM port is transport only; analyzer identity remains MODE2 device ID',)"
src/gas_calibrator/tools/export_single_gas_pressure_curve.py,export_single_gas_pressure_curve,tool,diagnostic_only,pressure_channel,diagnostic_only,offline,False,False,False,()
src/gas_calibrator/tools/export_v1_5_advanced_qc.py,export_v1_5_advanced_qc,tool,formal_review_evidence,qc_review,formal_support,offline,False,False,False,()
src/gas_calibrator/tools/export_v1_5_algorithm_formal_point_plan_guard.py,export_v1_5_algorithm_formal_point_plan_guard,tool,formal_review_evidence,general,formal_support,offline,False,False,False,"('offline algorithm formal point-plan guard; validates legacy 45/13 and new algorithm 47/14 without opening COM or changing runners',)"
src/gas_calibrator/tools/export_v1_5_algorithm_formal_runlist_preview.py,export_v1_5_algorithm_formal_runlist_preview,tool,formal_review_evidence,general,formal_support,offline,False,False,False,"('offline algorithm formal runlist preview; emits queue-compatible 47/14 CSV artifacts without opening COM or changing runners',)"
src/gas_calibrator/tools/export_v1_5_algorithm_mature_queue_inputs.py,export_v1_5_algorithm_mature_queue_inputs,tool,formal_review_evidence,general,formal_support,offline,False,False,False,"('offline profile queue materializer; emits immutable 45/13 or 47/14 inputs for the mature V1.5 CO2/H2O queues without executing them',)"
src/gas_calibrator/tools/export_v1_5_algorithm_profile_lineage_gate.py,export_v1_5_algorithm_profile_lineage_gate,tool,formal_review_evidence,general,formal_support,offline,False,False,False,"('offline algorithm-profile lineage gate; binds bootstrap and queue hashes to legacy R or absorption A/R0(T) fit semantics without executing hardware',)"
src/gas_calibrator/tools/export_v1_5_algorithm_profile_runner_dry_run.py,export_v1_5_algorithm_profile_runner_dry_run,tool,formal_review_evidence,general,formal_support,offline,False,False,False,"('offline algorithm profile runner dry-run; bundles runlist, readiness, and runner dry-run evidence without executing formal runners',)"
src/gas_calibrator/tools/export_v1_5_algorithm_queue_handoff_preflight.py,export_v1_5_algorithm_queue_handoff_preflight,tool,formal_review_evidence,general,formal_support,offline,False,False,False,"('offline algorithm queue handoff preflight; requires dry-run/no-prompt evidence before any future live queue wiring',)"
src/gas_calibrator/tools/export_v1_5_algorithm_runlist_readiness.py,export_v1_5_algorithm_runlist_readiness,tool,formal_review_evidence,general,formal_support,offline,False,False,False,"('offline algorithm runlist readiness gate; blocks incomplete 47/14 previews before any runner integration',)"
src/gas_calibrator/tools/export_v1_5_algorithm_runner_integration_dry_run.py,export_v1_5_algorithm_runner_integration_dry_run,tool,formal_review_evidence,general,formal_support,offline,False,False,False,"('offline algorithm runner integration dry-run; plans queue invocations without executing formal runners',)"
src/gas_calibrator/tools/export_v1_5_algorithm_write_contract_review.py,export_v1_5_algorithm_write_contract_review,tool,formal_review_evidence,general,formal_support,offline,False,False,False,()
src/gas_calibrator/tools/export_v1_5_authoritative_resume_execution_preflight.py,export_v1_5_authoritative_resume_execution_preflight,tool,formal_review_evidence,general,formal_support,offline,False,False,False,"('offline last-moment resume execution preflight; revalidates authorization, state, plan, next-step, command hash, expiry, and least-privilege envelope while keeping execution locked',)"
src/gas_calibrator/tools/export_v1_5_authoritative_resume_executor_authorization_validator.py,export_v1_5_authoritative_resume_executor_authorization_validator,tool,formal_review_evidence,general,formal_support,offline,False,False,False,"('offline resume executor authorization validator; recomputes the design and validates identity, expiry, evidence hashes, canonical next-step, command hash, and least-privilege capabilities without executing',)"
src/gas_calibrator/tools/export_v1_5_authoritative_resume_executor_controlled_design.py,export_v1_5_authoritative_resume_executor_controlled_design,tool,formal_review_evidence,general,formal_support,offline,False,False,False,"('offline controlled resume executor design; binds future authorization to exact plan, state, next-step, command hash, expiry, and least-privilege capabilities without executing',)"
src/gas_calibrator/tools/export_v1_5_authoritative_resume_executor_plan_preview.py,export_v1_5_authoritative_resume_executor_plan_preview,tool,formal_review_evidence,general,formal_support,offline,False,False,False,"('offline plan-only resume executor preview; independently recomputes the consumer contract and displays the next command and authorization requirements without executing it',)"
src/gas_calibrator/tools/export_v1_5_authoritative_resume_offline_candidate_gate.py,export_v1_5_authoritative_resume_offline_candidate_gate,tool,formal_review_evidence,coefficient_review,formal_support,offline,False,False,False,"('offline resume candidate classifier; admits only fresh canonical steps with offline mode and no COM, pressure, route, device, coefficient, or database side effects without executing',)"
src/gas_calibrator/tools/export_v1_5_authoritative_resume_offline_post_execution_verifier.py,export_v1_5_authoritative_resume_offline_post_execution_verifier,tool,formal_review_evidence,general,formal_support,offline,False,False,False,"('offline resume post-execution verifier; binds the executor, gate, plan, output SHA256 values, authorization packet, and unchanged authoritative state without executing or advancing state',)"
src/gas_calibrator/tools/export_v1_5_authoritative_resume_offline_state_advance_authorization.py,export_v1_5_authoritative_resume_offline_state_advance_authorization,tool,formal_review_evidence,general,formal_support,offline,False,False,False,"('offline resume state-advance authorization validator; binds a short-lived distinct-reviewer packet to the exact preflight, current-state SHA, candidate SHA, run, attempt, and verified step without writing state',)"
src/gas_calibrator/tools/export_v1_5_authoritative_resume_offline_state_advance_consumer_readiness.py,export_v1_5_authoritative_resume_offline_state_advance_consumer_readiness,tool,formal_review_evidence,general,formal_support,offline,False,False,False,"('offline advanced resume-state consumer readiness gate; independently recomputes post-write verification and checks the locked contiguous state prefix without executing the next step',)"
src/gas_calibrator/tools/export_v1_5_authoritative_resume_offline_state_advance_next_step_authorization_preflight.py,export_v1_5_authoritative_resume_offline_state_advance_next_step_authorization_preflight,tool,formal_review_evidence,general,formal_support,offline,False,False,False,"('offline next-step review authorization preflight; binds a short-lived three-party packet to the exact plan, consumer, run, attempt, next step, and mature module while keeping execution locked',)"
src/gas_calibrator/tools/export_v1_5_authoritative_resume_offline_state_advance_next_step_controlled_executor_design.py,export_v1_5_authoritative_resume_offline_state_advance_next_step_controlled_executor_design,tool,formal_review_evidence,general,formal_support,offline,False,False,False,"('offline next-step controlled executor design; freezes exact-command authorization, least privilege, failure holds, and output evidence while keeping execution unavailable',)"
src/gas_calibrator/tools/export_v1_5_authoritative_resume_offline_state_advance_next_step_execution_authorization.py,export_v1_5_authoritative_resume_offline_state_advance_next_step_execution_authorization,tool,formal_review_evidence,general,formal_support,offline,False,False,False,"('offline next-step execution authorization validator; binds a short-lived three-party packet to the exact plan, command hash, evidence chain, and least-privilege capabilities',)"
src/gas_calibrator/tools/export_v1_5_authoritative_resume_offline_state_advance_next_step_execution_preflight.py,export_v1_5_authoritative_resume_offline_state_advance_next_step_execution_preflight,tool,formal_review_evidence,general,formal_support,offline,False,False,False,"('last-moment next-step execution preflight; freshly rehashes authorization, state, plan, exact mature command, and output boundaries without starting a process',)"
src/gas_calibrator/tools/export_v1_5_authoritative_resume_offline_state_advance_next_step_plan.py,export_v1_5_authoritative_resume_offline_state_advance_next_step_plan,tool,formal_review_evidence,general,formal_support,offline,False,False,False,"('offline advanced resume-state next-step preview; recomputes consumer readiness and binds the exact canonical next command plus authorization envelope without executing it',)"
src/gas_calibrator/tools/export_v1_5_authoritative_resume_offline_state_advance_post_write_verification.py,export_v1_5_authoritative_resume_offline_state_advance_post_write_verification,tool,formal_review_evidence,general,formal_support,offline,False,False,False,"('offline one-step resume state-advance post-write verifier; binds writer, authorization, preflight, candidate, final state, rollback snapshot, invocation, and released lock without writing state',)"
src/gas_calibrator/tools/export_v1_5_authoritative_resume_offline_state_advance_preflight.py,export_v1_5_authoritative_resume_offline_state_advance_preflight,tool,formal_review_evidence,general,formal_support,offline,False,False,False,"('offline resume state-advance preflight; recomputes post-execution evidence and generates one deterministic compare-and-swap candidate state without writing or replacing authoritative state',)"
src/gas_calibrator/tools/export_v1_5_authoritative_resume_state_consumer_contract.py,export_v1_5_authoritative_resume_state_consumer_contract,tool,formal_review_evidence,general,formal_support,offline,False,False,False,"('offline default-locked resume-state consumer contract; validates plan, run identity, contiguous prefix, next step, state hash, and authorization locks without executing the resumed step',)"
src/gas_calibrator/tools/export_v1_5_authoritative_resume_state_controlled_write_preflight.py,export_v1_5_authoritative_resume_state_controlled_write_preflight,tool,formal_review_evidence,general,formal_support,offline,False,False,False,"('offline authoritative resume-state controlled-write preflight; generates a deterministic candidate state preview and validates target SHA256 plus distinct authorization without writing state',)"
src/gas_calibrator/tools/export_v1_5_authoritative_resume_state_post_write_verification.py,export_v1_5_authoritative_resume_state_post_write_verification,tool,formal_review_evidence,general,formal_support,offline,False,False,False,"('offline authoritative resume-state post-write verification; hash-checks writer evidence, authorization, preflight, candidate, target, snapshot, and released lock without writing state or opening COM',)"
src/gas_calibrator/tools/export_v1_5_authoritative_resume_state_writer_design.py,export_v1_5_authoritative_resume_state_writer_design,tool,formal_review_evidence,general,formal_support,offline,False,False,False,"('offline authoritative resume-state writer design; defines atomic replace, compare-and-swap, snapshot, readback, and rollback requirements without writing state',)"
src/gas_calibrator/tools/export_v1_5_automation_control_contract.py,export_v1_5_automation_control_contract,tool,formal_review_evidence,general,formal_support,offline,False,False,False,"('offline V1.5 automation control contract; keeps automation as a shell around the 0613/0620/0621 mature core',)"
src/gas_calibrator/tools/export_v1_5_batch_initialization_closeout_index.py,export_v1_5_batch_initialization_closeout_index,tool,formal_review_evidence,general,formal_support,offline,False,False,False,"('offline V1.5 batch initialization closeout index; binds SN/device_code, GETCO, S5-S8, S9, and route evidence without opening COM',)"
src/gas_calibrator/tools/export_v1_5_calibration_capability.py,export_v1_5_calibration_capability,tool,formal_review_evidence,general,formal_support,offline,False,False,False,()
src/gas_calibrator/tools/export_v1_5_calibration_reports.py,export_v1_5_calibration_reports,tool,formal_review_evidence,reporting,formal_support,offline,False,False,False,()
src/gas_calibrator/tools/export_v1_5_candidate_coefficients.py,export_v1_5_candidate_coefficients,tool,formal_review_evidence,coefficient_review,formal_support,offline,False,False,False,()
src/gas_calibrator/tools/export_v1_5_candidate_model_selection_review.py,export_v1_5_candidate_model_selection_review,tool,formal_review_evidence,coefficient_review,formal_support,offline,False,False,False,()
src/gas_calibrator/tools/export_v1_5_candidate_write_review.py,export_v1_5_candidate_write_review,tool,formal_review_evidence,coefficient_review,formal_support,offline,False,False,False,()
src/gas_calibrator/tools/export_v1_5_co2_anchor_ratio_repair.py,export_v1_5_co2_anchor_ratio_repair,tool,formal_review_evidence,co2_component,formal_support,offline,False,False,False,()
src/gas_calibrator/tools/export_v1_5_co2_common_mode_point_audit.py,export_v1_5_co2_common_mode_point_audit,tool,formal_review_evidence,co2_component,formal_support,offline,False,False,False,()
src/gas_calibrator/tools/export_v1_5_co2_fit_algorithm_matrix.py,export_v1_5_co2_fit_algorithm_matrix,tool,formal_review_evidence,co2_component,formal_support,offline,False,False,False,()
src/gas_calibrator/tools/export_v1_5_co2_h2o_cross_effect_review.py,export_v1_5_co2_h2o_cross_effect_review,tool,formal_review_evidence,h2o_component,formal_support,offline,False,False,False,()
src/gas_calibrator/tools/export_v1_5_co2_integrated_senco_recalc.py,export_v1_5_co2_integrated_senco_recalc,tool,formal_review_evidence,co2_component,formal_support,offline,False,False,False,()
src/gas_calibrator/tools/export_v1_5_co2_intercept_root_cause.py,export_v1_5_co2_intercept_root_cause,tool,formal_review_evidence,co2_component,formal_support,offline,False,False,False,()
src/gas_calibrator/tools/export_v1_5_co2_low_point_stability.py,export_v1_5_co2_low_point_stability,tool,formal_review_evidence,co2_component,formal_support,offline,False,False,False,()
src/gas_calibrator/tools/export_v1_5_co2_post_h2o_diagnostic.py,export_v1_5_co2_post_h2o_diagnostic,tool,diagnostic_only,h2o_component,diagnostic_only,offline,False,False,False,"('diagnostic evidence only; not formal acceptance by default',)"
src/gas_calibrator/tools/export_v1_5_co2_queue_failure_audit.py,export_v1_5_co2_queue_failure_audit,tool,formal_review_evidence,co2_component,formal_support,offline,False,False,False,()
src/gas_calibrator/tools/export_v1_5_co2_relative_s13_objective_review.py,export_v1_5_co2_relative_s13_objective_review,tool,formal_review_evidence,co2_component,formal_support,offline,False,False,False,()
src/gas_calibrator/tools/export_v1_5_co2_s13_blocker_closure_action_review.py,export_v1_5_co2_s13_blocker_closure_action_review,tool,formal_review_evidence,co2_component,formal_support,offline,False,False,False,()
src/gas_calibrator/tools/export_v1_5_co2_s13_bridge_correction_strategy_review.py,export_v1_5_co2_s13_bridge_correction_strategy_review,tool,formal_review_evidence,co2_component,formal_support,offline,False,False,False,()
src/gas_calibrator/tools/export_v1_5_co2_s13_enhanced_model_capacity_review.py,export_v1_5_co2_s13_enhanced_model_capacity_review,tool,formal_review_evidence,co2_component,formal_support,offline,False,False,False,()
src/gas_calibrator/tools/export_v1_5_co2_s13_error_root_cause_resolution_review.py,export_v1_5_co2_s13_error_root_cause_resolution_review,tool,formal_review_evidence,co2_component,formal_support,offline,False,False,False,()
src/gas_calibrator/tools/export_v1_5_co2_s13_fast_error_closure_candidate.py,export_v1_5_co2_s13_fast_error_closure_candidate,tool,formal_review_evidence,co2_component,formal_support,offline,False,False,False,()
src/gas_calibrator/tools/export_v1_5_co2_s13_low_end_anchor_target_audit.py,export_v1_5_co2_s13_low_end_anchor_target_audit,tool,formal_review_evidence,co2_component,formal_support,offline,False,False,False,()
src/gas_calibrator/tools/export_v1_5_co2_s13_low_end_correction_strategy_review.py,export_v1_5_co2_s13_low_end_correction_strategy_review,tool,formal_review_evidence,co2_component,formal_support,offline,False,False,False,()
src/gas_calibrator/tools/export_v1_5_co2_s13_low_end_model_correction_review.py,export_v1_5_co2_s13_low_end_model_correction_review,tool,formal_review_evidence,co2_component,formal_support,offline,False,False,False,()
src/gas_calibrator/tools/export_v1_5_co2_s13_low_end_temperature_boundary_decision.py,export_v1_5_co2_s13_low_end_temperature_boundary_decision,tool,formal_review_evidence,temperature_channel,formal_support,offline,False,False,False,()
src/gas_calibrator/tools/export_v1_5_co2_s13_minimal_bridge_plan.py,export_v1_5_co2_s13_minimal_bridge_plan,tool,formal_review_evidence,co2_component,formal_support,offline,False,False,False,()
src/gas_calibrator/tools/export_v1_5_co2_s13_minimal_resampling_runlist.py,export_v1_5_co2_s13_minimal_resampling_runlist,tool,formal_review_evidence,co2_component,formal_support,offline,False,False,False,()
src/gas_calibrator/tools/export_v1_5_co2_s13_model_structure_review.py,export_v1_5_co2_s13_model_structure_review,tool,formal_review_evidence,co2_component,formal_support,offline,False,False,False,()
src/gas_calibrator/tools/export_v1_5_co2_s13_multistrategy_fit_review.py,export_v1_5_co2_s13_multistrategy_fit_review,tool,formal_review_evidence,co2_component,formal_support,offline,False,False,False,()
src/gas_calibrator/tools/export_v1_5_co2_s13_ratio_target_mapping_audit.py,export_v1_5_co2_s13_ratio_target_mapping_audit,tool,formal_review_evidence,co2_component,formal_support,offline,False,False,False,()
src/gas_calibrator/tools/export_v1_5_co2_s13_residual_root_cause_review.py,export_v1_5_co2_s13_residual_root_cause_review,tool,formal_review_evidence,co2_component,formal_support,offline,False,False,False,()
src/gas_calibrator/tools/export_v1_5_co2_s13_root_cause_closure_review.py,export_v1_5_co2_s13_root_cause_closure_review,tool,formal_review_evidence,co2_component,formal_support,offline,False,False,False,()
src/gas_calibrator/tools/export_v1_5_co2_s13_source_state_discontinuity_audit.py,export_v1_5_co2_s13_source_state_discontinuity_audit,tool,formal_review_evidence,co2_component,formal_support,offline,False,False,False,()
src/gas_calibrator/tools/export_v1_5_co2_s13_source_state_repair_fit_review.py,export_v1_5_co2_s13_source_state_repair_fit_review,tool,formal_review_evidence,co2_component,formal_support,offline,False,False,False,()
src/gas_calibrator/tools/export_v1_5_co2_s13_state_bridge_closure.py,export_v1_5_co2_s13_state_bridge_closure,tool,formal_review_evidence,co2_component,formal_support,offline,False,False,False,()
src/gas_calibrator/tools/export_v1_5_co2_s13_target_state_bridge_review.py,export_v1_5_co2_s13_target_state_bridge_review,tool,formal_review_evidence,co2_component,formal_support,offline,False,False,False,()
src/gas_calibrator/tools/export_v1_5_co2_s13_target_state_common_bias_audit.py,export_v1_5_co2_s13_target_state_common_bias_audit,tool,formal_review_evidence,co2_component,formal_support,offline,False,False,False,()
src/gas_calibrator/tools/export_v1_5_co2_s13_zero_anchor_contract_review.py,export_v1_5_co2_s13_zero_anchor_contract_review,tool,formal_review_evidence,co2_component,formal_support,offline,False,False,False,()
src/gas_calibrator/tools/export_v1_5_co2_senco13_fit_point_treatment_plan.py,export_v1_5_co2_senco13_fit_point_treatment_plan,tool,formal_review_evidence,co2_component,formal_support,offline,False,False,False,()
src/gas_calibrator/tools/export_v1_5_co2_senco13_repair_plan.py,export_v1_5_co2_senco13_repair_plan,tool,formal_review_evidence,co2_component,formal_support,offline,False,False,False,()
src/gas_calibrator/tools/export_v1_5_co2_senco13_scope_candidate_review.py,export_v1_5_co2_senco13_scope_candidate_review,tool,formal_review_evidence,co2_component,formal_support,offline,False,False,False,()
src/gas_calibrator/tools/export_v1_5_co2_senco5_linear_trim_review.py,export_v1_5_co2_senco5_linear_trim_review,tool,formal_review_evidence,co2_component,formal_support,offline,False,False,False,()
src/gas_calibrator/tools/export_v1_5_co2_senco_algorithm_audit.py,export_v1_5_co2_senco_algorithm_audit,tool,formal_review_evidence,co2_component,formal_support,offline,False,False,False,()
src/gas_calibrator/tools/export_v1_5_co2_senco_pair_model_scope.py,export_v1_5_co2_senco_pair_model_scope,tool,formal_review_evidence,co2_component,formal_support,offline,False,False,False,()
src/gas_calibrator/tools/export_v1_5_co2_senco_pair_review.py,export_v1_5_co2_senco_pair_review,tool,formal_review_evidence,co2_component,formal_support,offline,False,False,False,()
src/gas_calibrator/tools/export_v1_5_co2_state_bridge.py,export_v1_5_co2_state_bridge,tool,formal_review_evidence,co2_component,formal_support,offline,False,False,False,()
src/gas_calibrator/tools/export_v1_5_co2_three_point_state_bridge.py,export_v1_5_co2_three_point_state_bridge,tool,formal_review_evidence,co2_component,formal_support,offline,False,False,False,()
src/gas_calibrator/tools/export_v1_5_co2_training_scope_review.py,export_v1_5_co2_training_scope_review,tool,formal_review_evidence,co2_component,formal_support,offline,False,False,False,()
src/gas_calibrator/tools/export_v1_5_co2_zero_s5_sensitivity_review.py,export_v1_5_co2_zero_s5_sensitivity_review,tool,formal_review_evidence,co2_component,formal_support,offline,False,False,False,()
src/gas_calibrator/tools/export_v1_5_component_qc_authority_audit.py,export_v1_5_component_qc_authority_audit,tool,formal_review_evidence,qc_review,formal_support,offline,False,False,False,"('offline component-QC authority audit; separates mature pre-sample stability gates from the untracked 0624/migration writer and keeps QC backfill blocked',)"
src/gas_calibrator/tools/export_v1_5_component_qc_generator_contract.py,export_v1_5_component_qc_generator_contract,tool,formal_review_evidence,qc_review,formal_support,offline,False,False,False,"('offline component-QC generator contract review; fixes per-analyzer physical grading semantics while keeping implementation and backfill disabled',)"
src/gas_calibrator/tools/export_v1_5_component_qc_reference_evaluator.py,export_v1_5_component_qc_reference_evaluator,tool,formal_review_evidence,qc_review,formal_support,offline,False,False,False,"('offline synthetic-only component-QC reference evaluator; exercises the reviewed per-analyzer contract without historical writes, fitting, COM, or production promotion',)"
src/gas_calibrator/tools/export_v1_5_component_snapshot_after_events.py,export_v1_5_component_snapshot_after_events,tool,formal_review_evidence,general,formal_support,offline,False,False,False,()
src/gas_calibrator/tools/export_v1_5_dirty_zone_audit.py,export_v1_5_dirty_zone_audit,tool,formal_review_evidence,general,formal_support,offline,False,False,False,()
src/gas_calibrator/tools/export_v1_5_entrypoint_inventory.py,export_v1_5_entrypoint_inventory,tool,formal_review_evidence,general,formal_support,offline,False,False,False,()
src/gas_calibrator/tools/export_v1_5_factory_signal_health_review.py,export_v1_5_factory_signal_health_review,tool,formal_review_evidence,general,formal_support,offline,False,False,False,()
src/gas_calibrator/tools/export_v1_5_final_production_external_gate_freeze.py,export_v1_5_final_production_external_gate_freeze,tool,formal_review_evidence,general,formal_support,offline,False,False,False,"('offline V1.5 final production external-gate freeze; separates completed program capabilities from real hardware, authorization, production migration, import, and release gates',)"
src/gas_calibrator/tools/export_v1_5_final_production_gap_freeze.py,export_v1_5_final_production_gap_freeze,tool,formal_review_evidence,general,formal_support,offline,False,False,False,"('offline V1.5 final production-gap freeze; supersedes stale gap snapshots and fixes the remaining production scope without executing hardware, writes, routes, or database imports',)"
src/gas_calibrator/tools/export_v1_5_fit_input_quality.py,export_v1_5_fit_input_quality,tool,formal_review_evidence,qc_review,formal_support,offline,False,False,False,()
src/gas_calibrator/tools/export_v1_5_formal_calibration_package.py,export_v1_5_formal_calibration_package,tool,formal_review_evidence,reporting,formal_support,offline,False,False,False,()
src/gas_calibrator/tools/export_v1_5_formal_coefficient_report_zh.py,export_v1_5_formal_coefficient_report_zh,tool,formal_review_evidence,reporting,formal_support,offline,False,False,False,()
src/gas_calibrator/tools/export_v1_5_formal_database_dry_run.py,export_v1_5_formal_database_dry_run,tool,formal_review_evidence,evidence_database,formal_support,offline,False,False,False,"('offline PostgreSQL 18 database dry-run contract; previews schema and insert roles without connecting or importing data',)"
src/gas_calibrator/tools/export_v1_5_formal_database_import_authorization.py,export_v1_5_formal_database_import_authorization,tool,formal_review_evidence,evidence_database,formal_support,offline,False,False,False,"('offline PostgreSQL 18 database import authorization guard; reviews archive release and manual authorization without connecting or importing data',)"
src/gas_calibrator/tools/export_v1_5_formal_database_import_command_contract.py,export_v1_5_formal_database_import_command_contract,tool,formal_review_evidence,evidence_database,formal_support,offline,False,False,False,"('offline PostgreSQL 18 database import command contract; reviews required real-import inputs without connecting or importing data',)"
src/gas_calibrator/tools/export_v1_5_formal_database_import_controlled_executor_design.py,export_v1_5_formal_database_import_controlled_executor_design,tool,formal_review_evidence,evidence_database,formal_support,offline,False,False,False,"('offline PostgreSQL 18 controlled import executor design; defines future authorization, transaction, readback, and rollback contract without connecting',)"
src/gas_calibrator/tools/export_v1_5_formal_database_import_preflight.py,export_v1_5_formal_database_import_preflight,tool,formal_review_evidence,evidence_database,formal_support,offline,False,False,False,"('offline PostgreSQL 18 database import preflight; reviews DSN presence and import locks without connecting or importing data',)"
src/gas_calibrator/tools/export_v1_5_formal_database_import_production_promotion_preflight.py,export_v1_5_formal_database_import_production_promotion_preflight,tool,formal_review_evidence,evidence_database,formal_support,offline,False,False,False,"('offline PostgreSQL 18 production-promotion preflight; revalidates staging readback and immutable authorization/archive/evidence bindings without connecting or importing production data',)"
src/gas_calibrator/tools/export_v1_5_formal_database_import_transaction_plan.py,export_v1_5_formal_database_import_transaction_plan,tool,formal_review_evidence,evidence_database,formal_support,offline,False,False,False,"('offline PostgreSQL 18 deterministic transaction plan; freezes stages, natural keys, readback, and rollback without SQL or connection',)"
src/gas_calibrator/tools/export_v1_5_formal_database_migration_dba_readiness.py,export_v1_5_formal_database_migration_dba_readiness,tool,formal_review_evidence,evidence_database,formal_support,offline,False,False,False,"('offline PostgreSQL 18 DBA migration packet; freezes migration order, checksums, precheck/apply/postcheck SQL, rollback boundaries, and manual review without reading a DSN or connecting',)"
src/gas_calibrator/tools/export_v1_5_formal_flow_contract.py,export_v1_5_formal_flow_contract,tool,formal_review_evidence,general,formal_support,offline,False,False,False,()
src/gas_calibrator/tools/export_v1_5_formal_initialization_controlled_executor_design.py,export_v1_5_formal_initialization_controlled_executor_design,tool,formal_review_evidence,general,formal_support,offline,False,False,False,"('offline initialization controlled executor design; defines future authorization, real-COM, write/readback, CHECK, and hold contract without opening COM',)"
src/gas_calibrator/tools/export_v1_5_formal_initialization_executor_dry_run.py,export_v1_5_formal_initialization_executor_dry_run,tool,formal_review_evidence,general,formal_support,offline,False,False,False,"('offline initialization executor dry-run review; classifies plan steps without executing COM or write commands',)"
src/gas_calibrator/tools/export_v1_5_formal_initialization_readonly_com_preflight_controlled_executor_design.py,export_v1_5_formal_initialization_readonly_com_preflight_controlled_executor_design,tool,formal_review_evidence,general,formal_support,offline,False,False,False,"('offline initialization read-only real-COM preflight controlled executor design; defines future authorization, port inventory, read sequence, evidence, and hold contract without opening COM',)"
src/gas_calibrator/tools/export_v1_5_formal_initialization_readonly_com_preflight_design.py,export_v1_5_formal_initialization_readonly_com_preflight_design,tool,formal_review_evidence,general,formal_support,offline,False,False,False,"('offline initialization read-only real-COM preflight design; defines future port, pacing, identity, GETCO, CHECK, and hold contract without opening COM',)"
src/gas_calibrator/tools/export_v1_5_formal_open_flow_report.py,export_v1_5_formal_open_flow_report,tool,formal_review_evidence,reporting,formal_support,offline,False,False,False,()
src/gas_calibrator/tools/export_v1_5_formal_preflight.py,export_v1_5_formal_preflight,tool,formal_review_evidence,general,formal_support,offline,False,False,False,()
src/gas_calibrator/tools/export_v1_5_formal_readiness.py,export_v1_5_formal_readiness,tool,formal_review_evidence,general,formal_support,offline,False,False,False,()
src/gas_calibrator/tools/export_v1_5_formal_readonly_com_execution_contract.py,export_v1_5_formal_readonly_com_execution_contract,tool,formal_review_evidence,general,formal_support,offline,False,False,False,"('offline read-only COM execution packet contract; defines future authorization, port inventory, active analyzer, pacing, CHECK-skip, and denied-action rules without opening COM',)"
src/gas_calibrator/tools/export_v1_5_formal_readonly_com_execution_packet_validator.py,export_v1_5_formal_readonly_com_execution_packet_validator,tool,formal_review_evidence,general,formal_support,offline,False,False,False,"('offline read-only COM execution packet validator; validates future authorization, port inventory, active analyzer list, pacing, and CHECK-skip rules without opening COM',)"
src/gas_calibrator/tools/export_v1_5_formal_readonly_com_execution_plan_preview.py,export_v1_5_formal_readonly_com_execution_plan_preview,tool,formal_review_evidence,general,formal_support,offline,False,False,False,"('offline read-only COM execution plan preview; renders future identity, SN, GETCO, runtime, and CHECK read order without opening COM',)"
src/gas_calibrator/tools/export_v1_5_formal_readonly_com_minimal_executor_review.py,export_v1_5_formal_readonly_com_minimal_executor_review,tool,formal_review_evidence,general,formal_support,offline,False,False,False,"('offline read-only COM minimal executor review; defines future output evidence and failure hold matrix without opening COM',)"
src/gas_calibrator/tools/export_v1_5_formal_run_continuity_gate.py,export_v1_5_formal_run_continuity_gate,tool,formal_review_evidence,general,formal_support,offline,False,False,False,()
src/gas_calibrator/tools/export_v1_5_formal_run_status.py,export_v1_5_formal_run_status,tool,formal_review_evidence,general,formal_support,offline,False,False,False,"('offline formal run status rollup; reads readiness/archive sidecars and does not open COM',)"
src/gas_calibrator/tools/export_v1_5_formal_workbench.py,export_v1_5_formal_workbench,tool,formal_review_evidence,ui_review,formal_support,offline,False,False,False,()
src/gas_calibrator/tools/export_v1_5_full_flow_automation_closure.py,export_v1_5_full_flow_automation_closure,tool,formal_review_evidence,full_flow_orchestration,formal_support,offline,False,False,False,"('offline V1.5 full-flow automation closure map; records mature baseline, remaining automation gaps, and forbidden formal surfaces without executing hardware',)"
src/gas_calibrator/tools/export_v1_5_full_flow_closure_readiness.py,export_v1_5_full_flow_closure_readiness,tool,formal_review_evidence,full_flow_orchestration,formal_support,offline,False,False,False,()
src/gas_calibrator/tools/export_v1_5_full_flow_next_action_plan.py,export_v1_5_full_flow_next_action_plan,tool,formal_review_evidence,full_flow_orchestration,formal_support,offline,False,False,False,"('offline V1.5 full-flow next-action plan; ranks remaining automation handoffs without executing hardware, writes, routes, or database imports',)"
src/gas_calibrator/tools/export_v1_5_getco_identity_readiness.py,export_v1_5_getco_identity_readiness,tool,formal_review_evidence,general,formal_support,offline,False,False,False,"('offline identity/GETCO readiness sidecar; consumes read-only GETCO artifacts and does not open COM',)"
src/gas_calibrator/tools/export_v1_5_h2o_dry_anchor_bridge_review.py,export_v1_5_h2o_dry_anchor_bridge_review,tool,formal_review_evidence,h2o_component,formal_support,offline,False,False,False,()
src/gas_calibrator/tools/export_v1_5_h2o_formal_closure_review.py,export_v1_5_h2o_formal_closure_review,tool,formal_review_evidence,h2o_component,formal_support,offline,False,False,False,()
src/gas_calibrator/tools/export_v1_5_h2o_low_anchor_from_co2_zero.py,export_v1_5_h2o_low_anchor_from_co2_zero,tool,formal_review_evidence,h2o_component,formal_support,offline,False,False,False,()
src/gas_calibrator/tools/export_v1_5_h2o_queue_failure_audit.py,export_v1_5_h2o_queue_failure_audit,tool,formal_review_evidence,h2o_component,formal_support,offline,False,False,False,()
src/gas_calibrator/tools/export_v1_5_h2o_senco24_candidate_review.py,export_v1_5_h2o_senco24_candidate_review,tool,formal_review_evidence,h2o_component,formal_support,offline,False,False,False,()
src/gas_calibrator/tools/export_v1_5_h2o_senco24_repair_plan.py,export_v1_5_h2o_senco24_repair_plan,tool,formal_review_evidence,h2o_component,formal_support,offline,False,False,False,()
src/gas_calibrator/tools/export_v1_5_h2o_senco6_linear_trim_review.py,export_v1_5_h2o_senco6_linear_trim_review,tool,formal_review_evidence,h2o_component,formal_support,offline,False,False,False,()
src/gas_calibrator/tools/export_v1_5_h2o_special_diagnostic_queue.py,export_v1_5_h2o_special_diagnostic_queue,tool,diagnostic_only,h2o_component,diagnostic_only,offline,False,False,False,"('diagnostic evidence only; not formal acceptance by default',)"
src/gas_calibrator/tools/export_v1_5_h2o_state_transfer_diagnostic.py,export_v1_5_h2o_state_transfer_diagnostic,tool,diagnostic_only,h2o_component,diagnostic_only,offline,False,False,False,"('diagnostic evidence only; not formal acceptance by default',)"
src/gas_calibrator/tools/export_v1_5_historical_component_qc_blocked_generator_plan.py,export_v1_5_historical_component_qc_blocked_generator_plan,tool,formal_review_evidence,qc_review,formal_support,offline,False,False,False,"('offline historical component-QC blocked generator plan; revalidates the exact preflight and emits only a no-evaluation, no-write, no-overwrite preview',)"
src/gas_calibrator/tools/export_v1_5_historical_component_qc_controlled_writer_design.py,export_v1_5_historical_component_qc_controlled_writer_design,tool,formal_review_evidence,qc_review,formal_support,offline,False,False,False,"('offline historical component-QC controlled-writer design; records future authorization, exclusive-create, readback, and compensating-rollback contracts while keeping evaluator and writer absent', 'requires explicit coefficient-write authorization and readback evidence')"
src/gas_calibrator/tools/export_v1_5_historical_component_qc_generator_preflight.py,export_v1_5_historical_component_qc_generator_preflight,tool,formal_review_evidence,qc_review,formal_support,offline,False,False,False,"('offline historical component-QC generator preflight; revalidates P2 source hashes and overwrite boundaries while keeping generation, backfill, fitting, COM, and production promotion locked',)"
src/gas_calibrator/tools/export_v1_5_historical_fit_evidence_normalizer.py,export_v1_5_historical_fit_evidence_normalizer,tool,formal_review_evidence,evidence_database,formal_support,offline,False,False,False,"('offline historical fit evidence normalizer; extracts ratio, chamber T1, pressure, dewpoint, and component-matched QC without opening COM or fitting coefficients',)"
src/gas_calibrator/tools/export_v1_5_historical_fit_profile_parity.py,export_v1_5_historical_fit_profile_parity,tool,formal_review_evidence,coefficient_review,formal_support,offline,False,False,False,"('offline historical fitting parity replay; enforces 0613 fitting plus 0620/0621 route baselines and legacy R versus absorption A/R0(T) without executing hardware',)"
src/gas_calibrator/tools/export_v1_5_historical_mature_root_discovery.py,export_v1_5_historical_mature_root_discovery,tool,formal_review_evidence,general,formal_support,offline,False,False,False,"('offline historical mature-root discovery; ranks exact queue candidates without promoting them to fitting or acceptance evidence',)"
src/gas_calibrator/tools/export_v1_5_historical_replay_contract.py,export_v1_5_historical_replay_contract,tool,formal_review_evidence,general,formal_support,offline,False,False,False,"('offline historical replay contract; validates replay interpretation without opening COM or releasing archive/database evidence',)"
src/gas_calibrator/tools/export_v1_5_historical_replay_evidence.py,export_v1_5_historical_replay_evidence,tool,formal_review_evidence,evidence_database,formal_support,offline,False,False,False,"('offline historical replay evidence binder; reads historical CSV/JSON point evidence without opening COM or changing release state',)"
src/gas_calibrator/tools/export_v1_5_historical_replay_missing_point_audit.py,export_v1_5_historical_replay_missing_point_audit,tool,formal_review_evidence,general,formal_support,offline,False,False,False,"('offline historical replay missing-point audit; searches segmented/retry evidence without opening COM or changing fit eligibility',)"
src/gas_calibrator/tools/export_v1_5_historical_replay_qc_gap_audit.py,export_v1_5_historical_replay_qc_gap_audit,tool,formal_review_evidence,qc_review,formal_support,offline,False,False,False,"('offline historical replay QC gap audit; searches substitute QC/retry evidence without opening COM or changing fit eligibility',)"
src/gas_calibrator/tools/export_v1_5_historical_route_attestation_binder.py,export_v1_5_historical_route_attestation_binder,tool,formal_review_evidence,general,formal_support,offline,False,False,False,"('offline historical mature-root attestation binder; binds exact queue, sidecar, sample, QC, and 0613/0620/0621 contract hashes without opening COM',)"
src/gas_calibrator/tools/export_v1_5_initialization_readiness.py,export_v1_5_initialization_readiness,tool,formal_review_evidence,general,formal_support,offline,False,False,False,()
src/gas_calibrator/tools/export_v1_5_legacy_evidence_gap_task_plan.py,export_v1_5_legacy_evidence_gap_task_plan,tool,formal_review_evidence,evidence_database,formal_support,offline,False,False,False,"('offline legacy evidence-gap task plan; revalidates cataloged artifact hashes and schedules manual QC/traceability review without repairing or promoting evidence',)"
src/gas_calibrator/tools/export_v1_5_legacy_full_flow_offline_replay.py,export_v1_5_legacy_full_flow_offline_replay,tool,formal_review_evidence,full_flow_orchestration,formal_support,offline,False,False,False,"('offline V1.5 legacy full-flow offline replay; walks initialization through archive from historical evidence without promoting segmented data or executing hardware',)"
src/gas_calibrator/tools/export_v1_5_legacy_historical_evidence_catalog.py,export_v1_5_legacy_historical_evidence_catalog,tool,formal_review_evidence,evidence_database,formal_support,offline,False,False,False,"('offline legacy historical evidence catalog; hashes segmented, retry, recovery, and accepted-composite point evidence without promoting it',)"
src/gas_calibrator/tools/export_v1_5_main_senco_write_precheck_pack.py,export_v1_5_main_senco_write_precheck_pack,tool,formal_review_evidence,general,formal_support,offline,False,False,False,()
src/gas_calibrator/tools/export_v1_5_mature_route_continuity_gate.py,export_v1_5_mature_route_continuity_gate,tool,formal_review_evidence,general,formal_support,offline,False,False,False,"('offline V1.5 mature route continuity gate; blocks segmented, retry, direct-recovery, 0624/migration, diagnostic, worker, and empty manifest route evidence from formal fitting',)"
src/gas_calibrator/tools/export_v1_5_mature_route_contract.py,export_v1_5_mature_route_contract,tool,formal_review_evidence,general,formal_support,offline,False,False,False,()
src/gas_calibrator/tools/export_v1_5_new_algorithm_mature_queue_live_handoff.py,export_v1_5_new_algorithm_mature_queue_live_handoff,tool,formal_review_evidence,general,formal_support,offline,False,False,False,"('offline new-algorithm 47/14 live-handoff contract; binds profile, queue, mature-runner hashes, fit semantics, and future authorization while live execution stays blocked',)"
src/gas_calibrator/tools/export_v1_5_new_algorithm_test_point_plan.py,export_v1_5_new_algorithm_test_point_plan,tool,formal_review_evidence,general,formal_support,offline,False,False,False,()
src/gas_calibrator/tools/export_v1_5_open_flow_canonical_points.py,export_v1_5_open_flow_canonical_points,tool,formal_review_evidence,general,formal_support,offline,False,False,False,()
src/gas_calibrator/tools/export_v1_5_operation_console.py,export_v1_5_operation_console,tool,formal_review_evidence,ui_review,formal_support,offline,False,False,False,()
src/gas_calibrator/tools/export_v1_5_p1_evidence_lineage_audit.py,export_v1_5_p1_evidence_lineage_audit,tool,formal_review_evidence,evidence_database,formal_support,offline,False,False,False,"('offline P1 evidence lineage audit; searches only bounded same-run siblings for retry evidence without copying files, deriving QC, or binding cross-run data',)"
src/gas_calibrator/tools/export_v1_5_p2_qc_derivation_design.py,export_v1_5_p2_qc_derivation_design,tool,formal_review_evidence,qc_review,formal_support,offline,False,False,False,"('offline P2 component-QC derivation design; validates same-point input structure while keeping QC generation and fit promotion blocked until a reviewed mature generator exists',)"
src/gas_calibrator/tools/export_v1_5_post_closeout_resume_gate.py,export_v1_5_post_closeout_resume_gate,tool,formal_review_evidence,general,formal_support,offline,False,False,False,"('offline V1.5 post-closeout resume gate; binds a reviewed completed-step prefix to exact plan and closeout hashes without applying or executing it',)"
src/gas_calibrator/tools/export_v1_5_post_run_coefficient_executor.py,export_v1_5_post_run_coefficient_executor,tool,formal_review_evidence,coefficient_review,formal_support,offline,False,False,False,()
src/gas_calibrator/tools/export_v1_5_post_write_reverification.py,export_v1_5_post_write_reverification,tool,formal_review_evidence,general,formal_support,offline,False,False,False,()
src/gas_calibrator/tools/export_v1_5_pre_gas_readiness.py,export_v1_5_pre_gas_readiness,tool,formal_review_evidence,general,formal_support,offline,False,False,False,"('offline pre-gas readiness sidecar; summarizes identity, DB, GETCO, S7/S8, S9, route, and CHECK gates before live identity',)"
src/gas_calibrator/tools/export_v1_5_pressure_channel_completion.py,export_v1_5_pressure_channel_completion,tool,formal_review_evidence,pressure_channel,formal_support,offline,False,False,False,()
src/gas_calibrator/tools/export_v1_5_pressure_channel_validation.py,export_v1_5_pressure_channel_validation,tool,formal_review_evidence,pressure_channel,formal_support,offline,False,False,False,()
src/gas_calibrator/tools/export_v1_5_pressure_s9_readiness_index.py,export_v1_5_pressure_s9_readiness_index,tool,formal_review_evidence,pressure_channel,formal_support,offline,False,False,False,"('offline V1.5 pressure/SENCO9 readiness index; separates offset-only S9 and linear controlled exceptions without opening COM or writing coefficients',)"
src/gas_calibrator/tools/export_v1_5_pressure_senco9_evaluation.py,export_v1_5_pressure_senco9_evaluation,tool,formal_review_evidence,pressure_channel,formal_support,offline,False,False,False,()
src/gas_calibrator/tools/export_v1_5_pressure_senco9_no_write_preflight.py,export_v1_5_pressure_senco9_no_write_preflight,tool,formal_review_evidence,pressure_channel,formal_support,offline,False,False,False,()
src/gas_calibrator/tools/export_v1_5_pressure_senco9_write_review.py,export_v1_5_pressure_senco9_write_review,tool,formal_review_evidence,pressure_channel,formal_support,offline,False,False,False,()
src/gas_calibrator/tools/export_v1_5_production_component_qc_fit_matrix.py,export_v1_5_production_component_qc_fit_matrix,tool,formal_review_evidence,qc_review,formal_support,offline,False,False,False,"('offline production-semantics component-QC evaluator and canonical 0613 no-write strategy matrix; reads immutable point evidence without backfilling history or executing fits',)"
src/gas_calibrator/tools/export_v1_5_production_entrypoint_gate.py,export_v1_5_production_entrypoint_gate,tool,formal_review_evidence,general,formal_support,offline,False,False,False,"('offline V1.5 production entrypoint gate; blocks _handoff, root migration, 0624, diagnostic, worker, V1, and V2 references in formal plans',)"
src/gas_calibrator/tools/export_v1_5_production_entrypoint_map.py,export_v1_5_production_entrypoint_map,tool,formal_review_evidence,general,formal_support,offline,False,False,False,"('offline V1.5 production entrypoint map; separates formal launchers, workers, diagnostics, controlled writes, and forbidden surfaces',)"
src/gas_calibrator/tools/export_v1_5_recommendation_closure.py,export_v1_5_recommendation_closure,tool,formal_review_evidence,general,formal_support,offline,False,False,False,()
src/gas_calibrator/tools/export_v1_5_resume_prefix_application_review.py,export_v1_5_resume_prefix_application_review,tool,formal_review_evidence,general,formal_support,offline,False,False,False,"('offline resume-prefix application review; validates the hash-bound completed prefix without writing state or executing the next stage',)"
src/gas_calibrator/tools/export_v1_5_review_surface.py,export_v1_5_review_surface,tool,formal_review_evidence,ui_review,formal_support,offline,False,False,False,()
src/gas_calibrator/tools/export_v1_5_route_physical_recovery_evidence_binder.py,export_v1_5_route_physical_recovery_evidence_binder,tool,formal_review_evidence,evidence_database,formal_support,offline,False,False,False,"('offline V1.5 route physical recovery evidence binder; converts reviewed trace files into a recovery packet without collecting live data',)"
src/gas_calibrator/tools/export_v1_5_route_physical_recovery_evidence_packet.py,export_v1_5_route_physical_recovery_evidence_packet,tool,formal_review_evidence,evidence_database,formal_support,offline,False,False,False,"('offline V1.5 route physical recovery evidence packet validator; checks dry-gas, PACE vent, pressure INL, fresh queue, and no-write boundaries before recovery readiness',)"
src/gas_calibrator/tools/export_v1_5_route_physical_recovery_evidence_packet_template.py,export_v1_5_route_physical_recovery_evidence_packet_template,tool,formal_review_evidence,temperature_channel,formal_support,offline,False,False,False,"('offline V1.5 route physical recovery evidence packet template; prepares dry-gas, PACE vent, pressure INL, and fresh queue evidence fields without collecting live data',)"
src/gas_calibrator/tools/export_v1_5_route_physical_recovery_readiness.py,export_v1_5_route_physical_recovery_readiness,tool,formal_review_evidence,general,formal_support,offline,False,False,False,()
src/gas_calibrator/tools/export_v1_5_route_run_failure_root_cause.py,export_v1_5_route_run_failure_root_cause,tool,formal_review_evidence,general,formal_support,offline,False,False,False,()
src/gas_calibrator/tools/export_v1_5_run_evidence_status.py,export_v1_5_run_evidence_status,tool,formal_review_evidence,evidence_database,formal_support,offline,False,False,False,()
src/gas_calibrator/tools/export_v1_5_sample_reuse_review.py,export_v1_5_sample_reuse_review,tool,formal_review_evidence,general,formal_support,offline,False,False,False,()
src/gas_calibrator/tools/export_v1_5_sencoa_sencob_controlled_writer_preflight.py,export_v1_5_sencoa_sencob_controlled_writer_preflight,tool,controlled_write,general,formal_but_manual_authorized,writes_device_coefficients,False,False,True,"('requires explicit coefficient-write authorization and readback evidence',)"
src/gas_calibrator/tools/export_v1_5_sencoa_sencob_writer_design_review.py,export_v1_5_sencoa_sencob_writer_design_review,tool,formal_review_evidence,general,formal_support,offline,False,False,False,()
src/gas_calibrator/tools/export_v1_5_single_device_coefficient_report_zh.py,export_v1_5_single_device_coefficient_report_zh,tool,formal_review_evidence,reporting,formal_support,offline,False,False,False,()
src/gas_calibrator/tools/export_v1_5_temperature_channel_review.py,export_v1_5_temperature_channel_review,tool,formal_review_evidence,temperature_channel,formal_support,offline,False,False,False,()
src/gas_calibrator/tools/export_v1_5_unified_controlled_write_reverify.py,export_v1_5_unified_controlled_write_reverify,tool,formal_review_evidence,general,formal_support,offline,False,False,False,"('offline unified S1-S9/SENCOA-B write, GETCO readback, rollback, and independent short-reverify contract; never executes a writer or route', 'requires explicit coefficient-write authorization and readback evidence')"
src/gas_calibrator/tools/export_v1_5_v1_ratio_poly_algorithm_audit.py,export_v1_5_v1_ratio_poly_algorithm_audit,tool,formal_review_evidence,general,formal_support,offline,False,False,False,()
src/gas_calibrator/tools/import_v1_5_evidence_package.py,import_v1_5_evidence_package,tool,formal_review_evidence,evidence_database,formal_support,offline,False,False,False,"('offline PostgreSQL 18 blocked import executor stub; legacy bundle dry-run only, no connection, no migration, no row import',)"
src/gas_calibrator/tools/import_v1_5_pressure_channel_completion_package.py,import_v1_5_pressure_channel_completion_package,tool,formal_review_evidence,pressure_channel,formal_support,offline,False,False,False,()
src/gas_calibrator/tools/migrate_v1_5_evidence_db.py,migrate_v1_5_evidence_db,tool,formal_review_evidence,evidence_database,formal_support,offline,False,False,False,()
src/gas_calibrator/tools/prepare_v1_5_canonical_evidence_package.py,prepare_v1_5_canonical_evidence_package,tool,formal_review_evidence,evidence_database,formal_support,offline,False,False,False,()
src/gas_calibrator/tools/prepare_v1_5_formal_evidence_run.py,prepare_v1_5_formal_evidence_run,tool,formal_review_evidence,evidence_database,formal_support,offline,False,False,False,()
src/gas_calibrator/tools/prepare_v1_5_formal_run_package.py,prepare_v1_5_formal_run_package,tool,formal_review_evidence,full_flow_orchestration,formal_support,offline,False,False,False,()
src/gas_calibrator/tools/prepare_v1_5_multipoint_candidate_run.py,prepare_v1_5_multipoint_candidate_run,tool,formal_review_evidence,coefficient_review,formal_support,offline,False,False,False,()
src/gas_calibrator/tools/prepare_v1_5_runtime_serial_port_binding.py,prepare_v1_5_runtime_serial_port_binding,tool,formal_review_evidence,identity_and_serial_binding,formal_support,offline,False,False,False,"('COM port is transport only; analyzer identity remains MODE2 device ID',)"
src/gas_calibrator/tools/probe_v1_5_getco9_protocol.py,probe_v1_5_getco9_protocol,tool,diagnostic_only,general,diagnostic_only,real_com_or_route_risk,True,False,False,"('diagnostic evidence only; not formal acceptance by default',)"
src/gas_calibrator/tools/probe_v1_5_getco_component_snapshot.py,probe_v1_5_getco_component_snapshot,tool,formal_review_evidence,general,formal_support,real_com_or_route_risk,True,False,False,"('subordinate initialization evidence tool; read-only GETCO1-9 and device-ID snapshot',)"
src/gas_calibrator/tools/query_v1_5_evidence_run.py,query_v1_5_evidence_run,tool,formal_review_evidence,evidence_database,formal_support,offline,False,False,False,()
src/gas_calibrator/tools/query_v1_5_formal_database_import_staging.py,query_v1_5_formal_database_import_staging,tool,evidence_database,evidence_database,explicit_staging_database_query_only,staging_database_read_risk,False,False,False,"('explicit read-only PostgreSQL 18 staging query; looks up SN, device_code, protocol ID, or run without production import/release authority',)"
src/gas_calibrator/tools/run_room_temp_co2_pressure_diagnostic.py,run_room_temp_co2_pressure_diagnostic,tool,diagnostic_only,pressure_channel,diagnostic_only,real_com_or_route_risk,True,True,False,"('diagnostic evidence only; not formal acceptance by default',)"
src/gas_calibrator/tools/run_v1_5_analyzer_runtime_setup.py,run_v1_5_analyzer_runtime_setup,tool,identity_and_serial_binding,general,formal_initialization_support,real_com_or_database_risk,True,False,False,"('formal initialization support; use only through the initialization owner or explicit preflight',)"
src/gas_calibrator/tools/run_v1_5_authoritative_resume_executor_blocked.py,run_v1_5_authoritative_resume_executor_blocked,tool,formal_review_evidence,general,formal_support,offline,False,False,False,"('offline blocked resume executor; independently recomputes the plan preview and rejects execute, resume, COM, pressure, route, write, and database unlocks',)"
src/gas_calibrator/tools/run_v1_5_authoritative_resume_offline_executor.py,run_v1_5_authoritative_resume_offline_executor,tool,full_flow_orchestration,general,manual_authorized_offline_resume_only,offline_subprocess_risk,False,False,False,"('manual-authorized offline-only resume executor; revalidates a fresh candidate, runs one exact Python module with shell disabled, verifies fresh outputs, and never advances authoritative state',)"
src/gas_calibrator/tools/run_v1_5_authoritative_resume_offline_state_advance_atomic_writer.py,run_v1_5_authoritative_resume_offline_state_advance_atomic_writer,tool,controlled_state_writer,general,manual_authorized_only,state_file_write_risk,False,False,False,"('manual-authorized one-step offline resume state-advance writer; freshly revalidates authorization under the shared lock, checks current and candidate SHA256 values, snapshots, atomically replaces, reads back, and rolls back without opening COM',)"
src/gas_calibrator/tools/run_v1_5_authoritative_resume_offline_state_advance_blocked_executor.py,run_v1_5_authoritative_resume_offline_state_advance_blocked_executor,tool,formal_review_evidence,general,formal_support,offline,False,False,False,"('offline resume state-advance blocked executor; freshly revalidates authorization but exposes no execute or state-write path',)"
src/gas_calibrator/tools/run_v1_5_authoritative_resume_offline_state_advance_next_step_blocked_executor.py,run_v1_5_authoritative_resume_offline_state_advance_next_step_blocked_executor,tool,formal_review_evidence,general,formal_support,offline,False,False,False,"('offline next-step blocked executor; freshly revalidates the review authorization but exposes no execute, COM, route, write, or database path',)"
src/gas_calibrator/tools/run_v1_5_authoritative_resume_offline_state_advance_next_step_controlled_executor.py,run_v1_5_authoritative_resume_offline_state_advance_next_step_controlled_executor,tool,full_flow_orchestration,general,manual_authorized_single_step_resume_only,real_com_or_route_or_write_risk,True,True,True,"('manual-authorized single-step V1.5 executor; permits one exact shell-free process only after fresh authorization, never retries, substitutes, imports PostgreSQL, or advances authoritative state',)"
src/gas_calibrator/tools/run_v1_5_authoritative_resume_offline_state_advance_next_step_operator_bundle.py,run_v1_5_authoritative_resume_offline_state_advance_next_step_operator_bundle,tool,full_flow_orchestration,general,manual_authorized_single_step_resume_only,real_com_or_route_or_write_risk,True,True,True,"('manual-authorized operator bundle launcher; derives least-privilege authorization from the exact plan, revalidates immediately, and defaults to locked evidence unless one explicit next-step execution is requested',)"
src/gas_calibrator/tools/run_v1_5_authoritative_resume_state_atomic_writer.py,run_v1_5_authoritative_resume_state_atomic_writer,tool,controlled_state_writer,general,manual_authorized_only,state_file_write_risk,False,False,False,"('manual-authorized atomic authoritative resume-state writer; consumes only the exact ready preflight and performs lock, current-SHA check, snapshot, fsync, atomic replace, readback, and rollback without opening COM',)"
src/gas_calibrator/tools/run_v1_5_authoritative_resume_state_writer_blocked_executor.py,run_v1_5_authoritative_resume_state_writer_blocked_executor,tool,formal_review_evidence,general,formal_support,offline,False,False,False,"('offline authoritative resume-state writer blocked executor; refuses state target, expected-state hash, authorization, execute, and replace inputs without creating or replacing state',)"
src/gas_calibrator/tools/run_v1_5_co2_senco13_controlled_rollback.py,run_v1_5_co2_senco13_controlled_rollback,tool,controlled_write,co2_component,formal_but_manual_authorized,writes_device_coefficients,True,False,True,"('requires explicit coefficient-write authorization and readback evidence',)"
src/gas_calibrator/tools/run_v1_5_co2_senco13_controlled_write.py,run_v1_5_co2_senco13_controlled_write,tool,controlled_write,co2_component,formal_but_manual_authorized,writes_device_coefficients,True,False,True,"('requires explicit coefficient-write authorization and readback evidence',)"
src/gas_calibrator/tools/run_v1_5_co2_senco1_controlled_write.py,run_v1_5_co2_senco1_controlled_write,tool,controlled_write,co2_component,formal_but_manual_authorized,writes_device_coefficients,True,False,True,"('requires explicit coefficient-write authorization and readback evidence',)"
src/gas_calibrator/tools/run_v1_5_co2_senco5_linear_controlled_write.py,run_v1_5_co2_senco5_linear_controlled_write,tool,controlled_write,co2_component,formal_but_manual_authorized,writes_device_coefficients,True,False,True,"('requires explicit coefficient-write authorization and readback evidence',)"
src/gas_calibrator/tools/run_v1_5_co2_senco5_neutral_controlled_write.py,run_v1_5_co2_senco5_neutral_controlled_write,tool,controlled_write,co2_component,formal_but_manual_authorized,writes_device_coefficients,True,False,True,"('requires explicit coefficient-write authorization and readback evidence',)"
src/gas_calibrator/tools/run_v1_5_dewpoint_gate_extended_hold_after_gate.py,run_v1_5_dewpoint_gate_extended_hold_after_gate,tool,diagnostic_only,h2o_component,diagnostic_only,real_com_or_route_risk,True,False,False,()
src/gas_calibrator/tools/run_v1_5_final_offline_acceptance_suite.py,run_v1_5_final_offline_acceptance_suite,tool,formal_review_evidence,general,formal_support,offline_subprocess_risk,False,False,False,"('final offline acceptance suite; runs an exact pytest allowlist for V1.5 replay, mature-route, fit, writer, database locks, simulation, parity, and resilience without hardware or database access',)"
src/gas_calibrator/tools/run_v1_5_formal_archive_closure.py,run_v1_5_formal_archive_closure,tool,formal_review_evidence,general,formal_support,offline,False,False,False,"('offline archive closure; does not open COM ports or control routes',)"
src/gas_calibrator/tools/run_v1_5_formal_co2_open_flow_queue.py,run_v1_5_formal_co2_open_flow_queue,tool,formal_runner,co2_component,formal_entry_candidate,real_com_or_route_risk,True,True,False,"('formal V1.5 entrypoint candidate; still requires operator authorization for real COM',)"
src/gas_calibrator/tools/run_v1_5_formal_database_import_production_controlled_executor.py,run_v1_5_formal_database_import_production_controlled_executor,tool,evidence_database,evidence_database,manual_authorized_production_database_only,production_database_write_risk,False,False,False,"('manual-authorized PostgreSQL 18 production import executor; fixed gas_calibrator/public/v1_5_evidence target with immutable promotion hashes, three-party authorization, precommit readback, idempotency ledger, and rollback hold',)"
src/gas_calibrator/tools/run_v1_5_formal_database_import_staging_executor.py,run_v1_5_formal_database_import_staging_executor,tool,evidence_database,evidence_database,manual_authorized_staging_database_only,staging_database_write_risk,False,False,False,"('manual-authorized PostgreSQL 18 staging-only transaction executor; writes isolated staging schemas with atomic rollback and keeps production import/release locked',)"
src/gas_calibrator/tools/run_v1_5_formal_database_import_transaction_blocked_executor.py,run_v1_5_formal_database_import_transaction_blocked_executor,tool,formal_review_evidence,evidence_database,formal_support,offline,False,False,False,"('offline PostgreSQL 18 transaction blocked executor; refuses execute, DSN, authorization, migration, archive, and evidence inputs',)"
src/gas_calibrator/tools/run_v1_5_formal_database_migration_production_controlled_executor.py,run_v1_5_formal_database_migration_production_controlled_executor,tool,evidence_database,evidence_database,manual_authorized_production_database_migration_only,production_database_migration_risk,False,False,False,"('manual-authorized PostgreSQL 18 migration 002 executor; fixed gas_calibrator/v1_5_evidence target with immutable DBA packet hashes, three-party authorization, transactional apply, postcheck, and conservative commit-uncertain hold',)"
src/gas_calibrator/tools/run_v1_5_formal_evidence_sidecar.py,run_v1_5_formal_evidence_sidecar,tool,formal_review_evidence,evidence_database,formal_support,offline,False,False,False,"('offline review/evidence sidecar; no COM or route control',)"
src/gas_calibrator/tools/run_v1_5_formal_h2o_open_flow_queue.py,run_v1_5_formal_h2o_open_flow_queue,tool,formal_runner,h2o_component,formal_entry_candidate,real_com_or_route_risk,True,True,False,"('formal V1.5 entrypoint candidate; still requires operator authorization for real COM',)"
src/gas_calibrator/tools/run_v1_5_formal_h2o_open_flow_sampling.py,run_v1_5_formal_h2o_open_flow_sampling,tool,formal_sampling_worker,h2o_component,canonical_queue_worker,real_com_or_route_risk,True,True,False,"('canonical per-point sampling worker; invoked by the formal CO2/H2O queue runners',)"
src/gas_calibrator/tools/run_v1_5_formal_initialization_blocked_executor.py,run_v1_5_formal_initialization_blocked_executor,tool,formal_review_evidence,general,formal_support,offline,False,False,False,"('offline initialization blocked executor stub; refuses live COM, SN/device-code writes, SENCO writes, PostgreSQL, pressure, and route actions',)"
src/gas_calibrator/tools/run_v1_5_formal_initialization_readonly_com_preflight_blocked_executor.py,run_v1_5_formal_initialization_readonly_com_preflight_blocked_executor,tool,formal_review_evidence,general,formal_support,offline,False,False,False,"('offline initialization read-only real-COM preflight blocked executor stub; refuses analyzer COM, SN/device-code writes, SENCO writes, PostgreSQL, pressure, and route actions',)"
src/gas_calibrator/tools/run_v1_5_formal_initialization_readonly_com_preflight_controlled_blocked_executor.py,run_v1_5_formal_initialization_readonly_com_preflight_controlled_blocked_executor,tool,formal_review_evidence,general,formal_support,offline,False,False,False,"('offline initialization read-only real-COM preflight controlled blocked executor stub; refuses analyzer COM, authorization unlocks, SN/device-code writes, SENCO writes, PostgreSQL, pressure, and route actions',)"
src/gas_calibrator/tools/run_v1_5_formal_initialization_runner.py,run_v1_5_formal_initialization_runner,tool,full_flow_orchestration,general,canonical_initialization_planner,offline,False,False,False,"('canonical initialization owner; offline planner, evidence indexer, and readiness gate',)"
src/gas_calibrator/tools/run_v1_5_formal_offline_review_chain.py,run_v1_5_formal_offline_review_chain,tool,formal_review_evidence,general,formal_support,offline,False,False,False,"('offline review/evidence sidecar; no COM or route control',)"
src/gas_calibrator/tools/run_v1_5_formal_open_flow_sampling.py,run_v1_5_formal_open_flow_sampling,tool,formal_sampling_worker,general,canonical_queue_worker,real_com_or_route_risk,True,True,False,"('canonical per-point sampling worker; invoked by the formal CO2/H2O queue runners',)"
src/gas_calibrator/tools/run_v1_5_formal_readonly_com_execution_blocked_executor.py,run_v1_5_formal_readonly_com_execution_blocked_executor,tool,formal_review_evidence,general,formal_support,offline,False,False,False,"('offline read-only COM execution blocked executor stub; refuses analyzer COM, authorization unlocks, SN/device-code writes, SENCO writes, PostgreSQL, pressure, and route actions',)"
src/gas_calibrator/tools/run_v1_5_formal_readonly_com_minimal_executor.py,run_v1_5_formal_readonly_com_minimal_executor,tool,formal_review_evidence,general,manual_authorized_read_only_com_support,real_com_read_only_no_write_risk,True,False,False,"('manual-authorized minimal read-only COM executor; reads SN/GETCO/runtime/CHECK evidence only, never writes analyzer state, database, pressure, or routes',)"
src/gas_calibrator/tools/run_v1_5_formal_readonly_com_minimal_executor_stub.py,run_v1_5_formal_readonly_com_minimal_executor_stub,tool,formal_review_evidence,general,formal_support,offline,False,False,False,"('offline read-only COM minimal executor stub; records would-execute evidence without opening COM or using authorization context as unlock',)"
src/gas_calibrator/tools/run_v1_5_formal_route_readiness_probe.py,run_v1_5_formal_route_readiness_probe,tool,formal_review_evidence,general,formal_preflight_support,real_com_or_route_risk,True,True,False,"('formal route-readiness preflight support; records readiness evidence before mature route runners',)"
src/gas_calibrator/tools/run_v1_5_full_calibration_chain.py,run_v1_5_full_calibration_chain,tool,full_flow_orchestration,general,formal_support,offline,False,False,False,()
src/gas_calibrator/tools/run_v1_5_h2o_senco24_controlled_write.py,run_v1_5_h2o_senco24_controlled_write,tool,controlled_write,h2o_component,formal_but_manual_authorized,writes_device_coefficients,True,False,True,"('requires explicit coefficient-write authorization and readback evidence',)"
src/gas_calibrator/tools/run_v1_5_h2o_senco6_linear_controlled_write.py,run_v1_5_h2o_senco6_linear_controlled_write,tool,controlled_write,h2o_component,formal_but_manual_authorized,writes_device_coefficients,True,False,True,"('requires explicit coefficient-write authorization and readback evidence',)"
src/gas_calibrator/tools/run_v1_5_h2o_senco6_neutral_controlled_write.py,run_v1_5_h2o_senco6_neutral_controlled_write,tool,controlled_write,h2o_component,formal_but_manual_authorized,writes_device_coefficients,True,False,True,"('requires explicit coefficient-write authorization and readback evidence',)"
src/gas_calibrator/tools/run_v1_5_initialization_db_preflight.py,run_v1_5_initialization_db_preflight,tool,identity_and_serial_binding,evidence_database,formal_initialization_support,offline,False,False,False,"('formal initialization support; use only through the initialization owner or explicit preflight',)"
src/gas_calibrator/tools/run_v1_5_new_algorithm_mature_queue_live_handoff_blocked_executor.py,run_v1_5_new_algorithm_mature_queue_live_handoff_blocked_executor,tool,formal_review_evidence,general,formal_support,offline,False,False,False,"('offline new-algorithm mature-queue blocked executor; refuses live queue, COM, route, authorization, device, write, and database inputs',)"
src/gas_calibrator/tools/run_v1_5_new_run_bootstrap.py,run_v1_5_new_run_bootstrap,tool,full_flow_orchestration,general,manual_new_batch_bootstrap_no_com,state_file_write_risk,False,False,False,"('offline atomic new-run bootstrap; snapshots one reviewed config and creates a zero-authority plan/state at the first canonical stage without opening COM or marking any step complete',)"
src/gas_calibrator/tools/run_v1_5_no_outp_preseal_probe.py,run_v1_5_no_outp_preseal_probe,tool,diagnostic_only,general,diagnostic_only,real_com_or_route_risk,True,False,False,"('diagnostic evidence only; not formal acceptance by default', 'pressure/route engineering probe; keep outside formal CO2/H2O fit')"
src/gas_calibrator/tools/run_v1_5_open_flow_dynamic_pressure_diagnostic.py,run_v1_5_open_flow_dynamic_pressure_diagnostic,tool,diagnostic_only,pressure_channel,diagnostic_only,real_com_or_route_risk,True,False,False,"('diagnostic evidence only; not formal acceptance by default', 'pressure/route engineering probe; keep outside formal CO2/H2O fit')"
src/gas_calibrator/tools/run_v1_5_operator_workstation_dry_run.py,run_v1_5_operator_workstation_dry_run,tool,unclassified_v1_5_tool,general,needs_review,unknown,True,False,False,()
src/gas_calibrator/tools/run_v1_5_pace_mode_ingress_diagnostic.py,run_v1_5_pace_mode_ingress_diagnostic,tool,diagnostic_only,pressure_channel,diagnostic_only,real_com_or_route_risk,True,False,False,"('diagnostic evidence only; not formal acceptance by default',)"
src/gas_calibrator/tools/run_v1_5_pressure_senco9_clear_controlled_write.py,run_v1_5_pressure_senco9_clear_controlled_write,tool,controlled_write,pressure_channel,formal_but_manual_authorized,writes_device_coefficients,True,False,True,"('requires explicit coefficient-write authorization and readback evidence',)"
src/gas_calibrator/tools/run_v1_5_pressure_senco9_controlled_write.py,run_v1_5_pressure_senco9_controlled_write,tool,controlled_write,pressure_channel,formal_but_manual_authorized,writes_device_coefficients,True,False,True,"('requires explicit coefficient-write authorization and readback evidence',)"
src/gas_calibrator/tools/run_v1_5_sealed_pressure_tune_900.py,run_v1_5_sealed_pressure_tune_900,tool,diagnostic_only,pressure_channel,diagnostic_only,real_com_or_route_risk,True,False,False,"('diagnostic evidence only; not formal acceptance by default', 'pressure/route engineering probe; keep outside formal CO2/H2O fit')"
src/gas_calibrator/tools/run_v1_5_sn_identity_initialization.py,run_v1_5_sn_identity_initialization,tool,identity_and_serial_binding,general,formal_initialization_support,real_com_or_database_risk,True,False,False,"('formal initialization support; use only through the initialization owner or explicit preflight',)"
src/gas_calibrator/tools/run_v1_5_temperature_current_point_review.py,run_v1_5_temperature_current_point_review,tool,controlled_write,temperature_channel,formal_but_manual_authorized,writes_device_coefficients,True,False,True,()
src/gas_calibrator/tools/run_v1_5_temperature_senco78_candidate_controlled_write.py,run_v1_5_temperature_senco78_candidate_controlled_write,tool,controlled_write,temperature_channel,formal_but_manual_authorized,writes_device_coefficients,True,False,True,"('requires explicit coefficient-write authorization and readback evidence',)"
src/gas_calibrator/tools/run_v1_5_temperature_senco78_neutral_controlled_write.py,run_v1_5_temperature_senco78_neutral_controlled_write,tool,controlled_write,temperature_channel,formal_but_manual_authorized,writes_device_coefficients,True,False,True,"('requires explicit coefficient-write authorization and readback evidence',)"
src/gas_calibrator/tools/run_v1_corrected_autodelivery.py,run_v1_corrected_autodelivery,tool,legacy_v1_reference,general,legacy_v1_reference_only,legacy_write_or_acceptance_risk,True,False,True,"('legacy V1 reference only; do not use as a V1.5 formal entrypoint',)"
src/gas_calibrator/tools/run_v1_merged_calibration_sidecar.py,run_v1_merged_calibration_sidecar,tool,legacy_v1_reference,general,legacy_v1_reference_only,legacy_write_or_acceptance_risk,True,False,True,"('legacy V1 reference only; do not use as a V1.5 formal entrypoint',)"
src/gas_calibrator/tools/run_v1_online_acceptance.py,run_v1_online_acceptance,tool,legacy_v1_reference,general,legacy_v1_reference_only,legacy_write_or_acceptance_risk,True,False,True,"('legacy V1 reference only; do not use as a V1.5 formal entrypoint',)"
src/gas_calibrator/tools/summarize_v1_5_post_h2o_co2_verify.py,summarize_v1_5_post_h2o_co2_verify,tool,formal_review_evidence,h2o_component,formal_support,offline,False,False,False,()
src/gas_calibrator/tools/validate_pressure_only.py,validate_pressure_only,tool,formal_pressure_no_write_runner,pressure_channel,formal_pressure_no_write_when_authorized,real_com_or_route_risk,True,True,False,"('pressure-channel no-write validation/calibration runner; separate from CO2/H2O fitting',)"
src/gas_calibrator/tools/verify_v1_5_evidence_bundle.py,verify_v1_5_evidence_bundle,tool,formal_review_evidence,evidence_database,formal_support,offline,False,False,False,()
src/gas_calibrator/v1_5/__init__.py,__init__,library,v1_5_library,general,formal_support,offline,False,False,False,()
src/gas_calibrator/v1_5/certificate_metrics_registry.py,certificate_metrics_registry,library,v1_5_library,evidence_database,formal_support,offline,False,False,False,()
src/gas_calibrator/v1_5/import_initialization_database.py,import_initialization_database,library,v1_5_library,evidence_database,formal_support,offline,False,False,False,()
src/gas_calibrator/v1_5/import_readiness_events.py,import_readiness_events,library,v1_5_library,general,formal_support,offline,False,False,False,()
src/gas_calibrator/v1_5/initialization_database.py,initialization_database,library,v1_5_library,evidence_database,formal_support,offline,False,False,False,()
src/gas_calibrator/v1_5/initialization_db_preflight.py,initialization_db_preflight,library,v1_5_library,evidence_database,formal_support,offline,False,False,False,()
src/gas_calibrator/v1_5/orchestration/__init__.py,__init__,library,full_flow_orchestration,general,formal_support,offline,False,False,False,()
src/gas_calibrator/v1_5/orchestration/full_flow.py,full_flow,library,full_flow_orchestration,full_flow_orchestration,formal_support,offline,False,False,False,()
src/gas_calibrator/v1_5/orchestration/operator_workstation.py,operator_workstation,library,full_flow_orchestration,general,formal_support,offline,False,False,False,()
src/gas_calibrator/v1_5/orchestration/serial_port_binding.py,serial_port_binding,library,full_flow_orchestration,identity_and_serial_binding,formal_support,offline,False,False,False,"('COM port is transport only; analyzer identity remains MODE2 device ID',)"
src/gas_calibrator/v1_5/parameters/__init__.py,__init__,library,parameter_governance,general,formal_support,offline,False,False,False,()
src/gas_calibrator/v1_5/parameters/governance.py,governance,library,parameter_governance,general,formal_support,offline,False,False,False,()
src/gas_calibrator/v1_5/qc_advanced/__init__.py,__init__,library,advanced_qc,general,formal_support,offline,False,False,False,()
src/gas_calibrator/v1_5/qc_advanced/_math.py,_math,library,advanced_qc,general,formal_support,offline,False,False,False,()
src/gas_calibrator/v1_5/qc_advanced/control_charts.py,control_charts,library,advanced_qc,general,formal_support,offline,False,False,False,()
src/gas_calibrator/v1_5/qc_advanced/exporter.py,exporter,library,advanced_qc,general,formal_support,offline,False,False,False,()
src/gas_calibrator/v1_5/qc_advanced/factory_signal_health.py,factory_signal_health,library,advanced_qc,general,formal_support,offline,False,False,False,()
src/gas_calibrator/v1_5/qc_advanced/humidity_diagnostics.py,humidity_diagnostics,library,advanced_qc,h2o_component,formal_support,offline,False,False,False,"('diagnostic evidence only; not formal acceptance by default',)"
src/gas_calibrator/v1_5/qc_advanced/pressure_trend.py,pressure_trend,library,advanced_qc,pressure_channel,formal_support,offline,False,False,False,()
src/gas_calibrator/v1_5/qc_advanced/root_cause_classifier.py,root_cause_classifier,library,advanced_qc,general,formal_support,offline,False,False,False,()
src/gas_calibrator/v1_5/qc_advanced/steady_state_selector.py,steady_state_selector,library,advanced_qc,general,formal_support,offline,False,False,False,()
src/gas_calibrator/v1_5/qc_advanced/uncertainty_budget.py,uncertainty_budget,library,advanced_qc,general,formal_support,offline,False,False,False,()
src/gas_calibrator/v1_5/readiness_event_database.py,readiness_event_database,library,v1_5_library,evidence_database,formal_support,offline,False,False,False,()
src/gas_calibrator/v1_5/review_surface.py,review_surface,library,ui_review,ui_review,prototype_or_review_surface,offline,False,False,False,()
src/gas_calibrator/v1_5/sn_identity_initialization.py,sn_identity_initialization,library,v1_5_library,general,formal_support,offline,False,False,False,()
src/gas_calibrator/v1_5/ui/__init__.py,__init__,library,ui_review,general,prototype_or_review_surface,offline,False,False,False,()
src/gas_calibrator/v1_5/ui/operation_console.py,operation_console,library,ui_review,ui_review,prototype_or_review_surface,offline,False,False,False,()
src/gas_calibrator/v1_5/ui/operator_workstation_app.py,operator_workstation_app,library,ui_review,general,prototype_or_review_surface,offline,False,False,False,()
src/gas_calibrator/v1_5/ui/page_i18n.py,page_i18n,library,ui_review,general,prototype_or_review_surface,offline,False,False,False,()
src/gas_calibrator/v1_5/ui/pages/__init__.py,__init__,library,ui_review,general,prototype_or_review_surface,offline,False,False,False,()
src/gas_calibrator/v1_5/ui/pages/certificate_metrics_page.py,certificate_metrics_page,library,ui_review,general,prototype_or_review_surface,offline,False,False,False,()
src/gas_calibrator/v1_5/ui/pages/readonly_summary_page.py,readonly_summary_page,library,ui_review,general,prototype_or_review_surface,offline,False,False,False,()
src/gas_calibrator/v1_5/ui/pages/visitor_showcase_page.py,visitor_showcase_page,library,ui_review,general,prototype_or_review_surface,offline,False,False,False,()
src/gas_calibrator/v1_5/ui/screenshot.py,screenshot,library,ui_review,general,prototype_or_review_surface,offline,False,False,False,()
src/gas_calibrator/v1_5/ui/scrollable_page_frame.py,scrollable_page_frame,library,ui_review,general,prototype_or_review_surface,offline,False,False,False,()
src/gas_calibrator/v1_5/workstation_snapshot.py,workstation_snapshot,library,v1_5_library,general,formal_support,offline,False,False,False,()
tests/test_v1_5_advanced_qc_exporter.py,test_v1_5_advanced_qc_exporter,test,test_gate,qc_review,verification_only,none,False,False,False,()
tests/test_v1_5_algorithm_formal_point_plan_guard.py,test_v1_5_algorithm_formal_point_plan_guard,test,test_gate,general,verification_only,none,False,False,False,()
tests/test_v1_5_algorithm_formal_runlist_preview.py,test_v1_5_algorithm_formal_runlist_preview,test,test_gate,general,verification_only,none,False,False,False,()
tests/test_v1_5_algorithm_mature_queue_inputs.py,test_v1_5_algorithm_mature_queue_inputs,test,test_gate,general,verification_only,none,False,False,False,()
tests/test_v1_5_algorithm_profile_lineage_gate.py,test_v1_5_algorithm_profile_lineage_gate,test,test_gate,general,verification_only,none,False,False,False,()
tests/test_v1_5_algorithm_profile_runner_dry_run.py,test_v1_5_algorithm_profile_runner_dry_run,test,test_gate,general,verification_only,none,False,False,False,()
tests/test_v1_5_algorithm_queue_handoff_preflight.py,test_v1_5_algorithm_queue_handoff_preflight,test,test_gate,general,verification_only,none,False,False,False,()
tests/test_v1_5_algorithm_route_profiles.py,test_v1_5_algorithm_route_profiles,test,test_gate,general,verification_only,none,False,False,False,()
tests/test_v1_5_algorithm_runlist_readiness.py,test_v1_5_algorithm_runlist_readiness,test,test_gate,general,verification_only,none,False,False,False,()
tests/test_v1_5_algorithm_runner_integration_dry_run.py,test_v1_5_algorithm_runner_integration_dry_run,test,test_gate,general,verification_only,none,False,False,False,()
tests/test_v1_5_algorithm_write_contract_review.py,test_v1_5_algorithm_write_contract_review,test,test_gate,general,verification_only,none,False,False,False,()
tests/test_v1_5_analyzer_runtime_setup.py,test_v1_5_analyzer_runtime_setup,test,test_gate,general,verification_only,none,False,False,False,()
tests/test_v1_5_artifact_hash_binding.py,test_v1_5_artifact_hash_binding,test,test_gate,general,verification_only,none,False,False,False,()
tests/test_v1_5_authoritative_resume_execution_preflight.py,test_v1_5_authoritative_resume_execution_preflight,test,test_gate,general,verification_only,none,False,False,False,()
tests/test_v1_5_authoritative_resume_executor_authorization_validator.py,test_v1_5_authoritative_resume_executor_authorization_validator,test,test_gate,general,verification_only,none,False,False,False,()
tests/test_v1_5_authoritative_resume_executor_blocked.py,test_v1_5_authoritative_resume_executor_blocked,test,test_gate,general,verification_only,none,False,False,False,()
tests/test_v1_5_authoritative_resume_executor_controlled_design.py,test_v1_5_authoritative_resume_executor_controlled_design,test,test_gate,general,verification_only,none,False,False,False,()
tests/test_v1_5_authoritative_resume_executor_plan_preview.py,test_v1_5_authoritative_resume_executor_plan_preview,test,test_gate,general,verification_only,none,False,False,False,()
tests/test_v1_5_authoritative_resume_offline_candidate_gate.py,test_v1_5_authoritative_resume_offline_candidate_gate,test,test_gate,coefficient_review,verification_only,none,False,False,False,()
tests/test_v1_5_authoritative_resume_offline_executor.py,test_v1_5_authoritative_resume_offline_executor,test,test_gate,general,verification_only,none,False,False,False,()
tests/test_v1_5_authoritative_resume_offline_post_execution_verifier.py,test_v1_5_authoritative_resume_offline_post_execution_verifier,test,test_gate,general,verification_only,none,False,False,False,()
tests/test_v1_5_authoritative_resume_offline_state_advance_atomic_writer.py,test_v1_5_authoritative_resume_offline_state_advance_atomic_writer,test,test_gate,general,verification_only,none,False,False,False,()
tests/test_v1_5_authoritative_resume_offline_state_advance_authorization.py,test_v1_5_authoritative_resume_offline_state_advance_authorization,test,test_gate,general,verification_only,none,False,False,False,()
tests/test_v1_5_authoritative_resume_offline_state_advance_next_step_authorization_preflight.py,test_v1_5_authoritative_resume_offline_state_advance_next_step_authorization_preflight,test,test_gate,general,verification_only,none,False,False,False,()
tests/test_v1_5_authoritative_resume_offline_state_advance_next_step_blocked_executor.py,test_v1_5_authoritative_resume_offline_state_advance_next_step_blocked_executor,test,test_gate,general,verification_only,none,False,False,False,()
tests/test_v1_5_authoritative_resume_offline_state_advance_next_step_controlled_executor_design.py,test_v1_5_authoritative_resume_offline_state_advance_next_step_controlled_executor_design,test,test_gate,general,verification_only,none,False,False,False,()
tests/test_v1_5_authoritative_resume_offline_state_advance_next_step_execution.py,test_v1_5_authoritative_resume_offline_state_advance_next_step_execution,test,test_gate,general,verification_only,none,False,False,False,()
tests/test_v1_5_authoritative_resume_offline_state_advance_next_step_operator_bundle.py,test_v1_5_authoritative_resume_offline_state_advance_next_step_operator_bundle,test,test_gate,general,verification_only,none,False,False,False,()
tests/test_v1_5_authoritative_resume_offline_state_advance_next_step_plan.py,test_v1_5_authoritative_resume_offline_state_advance_next_step_plan,test,test_gate,general,verification_only,none,False,False,False,()
tests/test_v1_5_authoritative_resume_offline_state_advance_post_write_verification.py,test_v1_5_authoritative_resume_offline_state_advance_post_write_verification,test,test_gate,general,verification_only,none,False,False,False,()
tests/test_v1_5_authoritative_resume_offline_state_advance_preflight.py,test_v1_5_authoritative_resume_offline_state_advance_preflight,test,test_gate,general,verification_only,none,False,False,False,()
tests/test_v1_5_authoritative_resume_state_atomic_writer.py,test_v1_5_authoritative_resume_state_atomic_writer,test,test_gate,general,verification_only,none,False,False,False,()
tests/test_v1_5_authoritative_resume_state_consumer_contract.py,test_v1_5_authoritative_resume_state_consumer_contract,test,test_gate,general,verification_only,none,False,False,False,()
tests/test_v1_5_authoritative_resume_state_controlled_write_preflight.py,test_v1_5_authoritative_resume_state_controlled_write_preflight,test,test_gate,general,verification_only,none,False,False,False,"('requires explicit coefficient-write authorization and readback evidence',)"
tests/test_v1_5_authoritative_resume_state_post_write_verification.py,test_v1_5_authoritative_resume_state_post_write_verification,test,test_gate,general,verification_only,none,False,False,False,()
tests/test_v1_5_authoritative_resume_state_writer_blocked_executor.py,test_v1_5_authoritative_resume_state_writer_blocked_executor,test,test_gate,general,verification_only,none,False,False,False,()
tests/test_v1_5_authoritative_resume_state_writer_design.py,test_v1_5_authoritative_resume_state_writer_design,test,test_gate,general,verification_only,none,False,False,False,()
tests/test_v1_5_automation_control_contract.py,test_v1_5_automation_control_contract,test,test_gate,general,verification_only,none,False,False,False,()
tests/test_v1_5_batch_initialization_closeout_index.py,test_v1_5_batch_initialization_closeout_index,test,test_gate,general,verification_only,none,False,False,False,()
tests/test_v1_5_calibratable_point_policy.py,test_v1_5_calibratable_point_policy,test,test_gate,general,verification_only,none,False,False,False,()
tests/test_v1_5_calibration_capability.py,test_v1_5_calibration_capability,test,test_gate,general,verification_only,none,False,False,False,()
tests/test_v1_5_calibration_reports.py,test_v1_5_calibration_reports,test,test_gate,reporting,verification_only,none,False,False,False,()
tests/test_v1_5_candidate_coefficients.py,test_v1_5_candidate_coefficients,test,test_gate,coefficient_review,verification_only,none,False,False,False,()
tests/test_v1_5_candidate_model_selection_review.py,test_v1_5_candidate_model_selection_review,test,test_gate,coefficient_review,verification_only,none,False,False,False,()
tests/test_v1_5_candidate_write_review.py,test_v1_5_candidate_write_review,test,test_gate,coefficient_review,verification_only,none,False,False,False,()
tests/test_v1_5_canonical_evidence_package.py,test_v1_5_canonical_evidence_package,test,test_gate,evidence_database,verification_only,none,False,False,False,()
tests/test_v1_5_certificate_metrics_registry.py,test_v1_5_certificate_metrics_registry,test,test_gate,evidence_database,verification_only,none,False,False,False,()
tests/test_v1_5_co2_anchor_ratio_repair.py,test_v1_5_co2_anchor_ratio_repair,test,test_gate,co2_component,verification_only,none,False,False,False,()
tests/test_v1_5_co2_common_mode_point_audit.py,test_v1_5_co2_common_mode_point_audit,test,test_gate,co2_component,verification_only,none,False,False,False,()
tests/test_v1_5_co2_firmware_contract.py,test_v1_5_co2_firmware_contract,test,test_gate,co2_component,verification_only,none,False,False,False,()
tests/test_v1_5_co2_fit_algorithm_matrix.py,test_v1_5_co2_fit_algorithm_matrix,test,test_gate,co2_component,verification_only,none,False,False,False,()
tests/test_v1_5_co2_h2o_cross_effect_review.py,test_v1_5_co2_h2o_cross_effect_review,test,test_gate,h2o_component,verification_only,none,False,False,False,()
tests/test_v1_5_co2_integrated_senco_recalc.py,test_v1_5_co2_integrated_senco_recalc,test,test_gate,co2_component,verification_only,none,False,False,False,()
tests/test_v1_5_co2_intercept_root_cause.py,test_v1_5_co2_intercept_root_cause,test,test_gate,co2_component,verification_only,none,False,False,False,()
tests/test_v1_5_co2_low_point_stability.py,test_v1_5_co2_low_point_stability,test,test_gate,co2_component,verification_only,none,False,False,False,()
tests/test_v1_5_co2_post_h2o_diagnostic.py,test_v1_5_co2_post_h2o_diagnostic,test,test_gate,h2o_component,verification_only,none,False,False,False,"('diagnostic evidence only; not formal acceptance by default',)"
tests/test_v1_5_co2_queue_failure_audit.py,test_v1_5_co2_queue_failure_audit,test,test_gate,co2_component,verification_only,none,False,False,False,()
tests/test_v1_5_co2_relative_s13_objective_review.py,test_v1_5_co2_relative_s13_objective_review,test,test_gate,co2_component,verification_only,none,False,False,False,()
tests/test_v1_5_co2_s13_blocker_closure_action_review.py,test_v1_5_co2_s13_blocker_closure_action_review,test,test_gate,co2_component,verification_only,none,False,False,False,()
tests/test_v1_5_co2_s13_bridge_correction_strategy_review.py,test_v1_5_co2_s13_bridge_correction_strategy_review,test,test_gate,co2_component,verification_only,none,False,False,False,()
tests/test_v1_5_co2_s13_enhanced_model_capacity_review.py,test_v1_5_co2_s13_enhanced_model_capacity_review,test,test_gate,co2_component,verification_only,none,False,False,False,()
tests/test_v1_5_co2_s13_error_root_cause_resolution_review.py,test_v1_5_co2_s13_error_root_cause_resolution_review,test,test_gate,co2_component,verification_only,none,False,False,False,()
tests/test_v1_5_co2_s13_fast_error_closure_candidate.py,test_v1_5_co2_s13_fast_error_closure_candidate,test,test_gate,co2_component,verification_only,none,False,False,False,()
tests/test_v1_5_co2_s13_low_end_anchor_target_audit.py,test_v1_5_co2_s13_low_end_anchor_target_audit,test,test_gate,co2_component,verification_only,none,False,False,False,()
tests/test_v1_5_co2_s13_low_end_correction_strategy_review.py,test_v1_5_co2_s13_low_end_correction_strategy_review,test,test_gate,co2_component,verification_only,none,False,False,False,()
tests/test_v1_5_co2_s13_low_end_model_correction_review.py,test_v1_5_co2_s13_low_end_model_correction_review,test,test_gate,co2_component,verification_only,none,False,False,False,()
tests/test_v1_5_co2_s13_low_end_temperature_boundary_decision.py,test_v1_5_co2_s13_low_end_temperature_boundary_decision,test,test_gate,temperature_channel,verification_only,none,False,False,False,()
tests/test_v1_5_co2_s13_minimal_bridge_plan.py,test_v1_5_co2_s13_minimal_bridge_plan,test,test_gate,co2_component,verification_only,none,False,False,False,()
tests/test_v1_5_co2_s13_minimal_resampling_runlist.py,test_v1_5_co2_s13_minimal_resampling_runlist,test,test_gate,co2_component,verification_only,none,False,False,False,()
tests/test_v1_5_co2_s13_model_structure_review.py,test_v1_5_co2_s13_model_structure_review,test,test_gate,co2_component,verification_only,none,False,False,False,()
tests/test_v1_5_co2_s13_multistrategy_fit_review.py,test_v1_5_co2_s13_multistrategy_fit_review,test,test_gate,co2_component,verification_only,none,False,False,False,()
tests/test_v1_5_co2_s13_ratio_target_mapping_audit.py,test_v1_5_co2_s13_ratio_target_mapping_audit,test,test_gate,co2_component,verification_only,none,False,False,False,()
tests/test_v1_5_co2_s13_residual_root_cause_review.py,test_v1_5_co2_s13_residual_root_cause_review,test,test_gate,co2_component,verification_only,none,False,False,False,()
tests/test_v1_5_co2_s13_root_cause_closure_review.py,test_v1_5_co2_s13_root_cause_closure_review,test,test_gate,co2_component,verification_only,none,False,False,False,()
tests/test_v1_5_co2_s13_source_state_discontinuity_audit.py,test_v1_5_co2_s13_source_state_discontinuity_audit,test,test_gate,co2_component,verification_only,none,False,False,False,()
tests/test_v1_5_co2_s13_source_state_repair_fit_review.py,test_v1_5_co2_s13_source_state_repair_fit_review,test,test_gate,co2_component,verification_only,none,False,False,False,()
tests/test_v1_5_co2_s13_state_bridge_closure.py,test_v1_5_co2_s13_state_bridge_closure,test,test_gate,co2_component,verification_only,none,False,False,False,()
tests/test_v1_5_co2_s13_target_state_bridge_review.py,test_v1_5_co2_s13_target_state_bridge_review,test,test_gate,co2_component,verification_only,none,False,False,False,()
tests/test_v1_5_co2_s13_target_state_common_bias_audit.py,test_v1_5_co2_s13_target_state_common_bias_audit,test,test_gate,co2_component,verification_only,none,False,False,False,()
tests/test_v1_5_co2_s13_zero_anchor_contract_review.py,test_v1_5_co2_s13_zero_anchor_contract_review,test,test_gate,co2_component,verification_only,none,False,False,False,()
tests/test_v1_5_co2_senco13_controlled_write.py,test_v1_5_co2_senco13_controlled_write,test,test_gate,co2_component,verification_only,none,False,False,False,"('requires explicit coefficient-write authorization and readback evidence',)"
tests/test_v1_5_co2_senco13_fit_point_treatment_plan.py,test_v1_5_co2_senco13_fit_point_treatment_plan,test,test_gate,co2_component,verification_only,none,False,False,False,()
tests/test_v1_5_co2_senco13_repair_plan.py,test_v1_5_co2_senco13_repair_plan,test,test_gate,co2_component,verification_only,none,False,False,False,()
tests/test_v1_5_co2_senco13_scope_candidate_review.py,test_v1_5_co2_senco13_scope_candidate_review,test,test_gate,co2_component,verification_only,none,False,False,False,()
tests/test_v1_5_co2_senco1_controlled_write.py,test_v1_5_co2_senco1_controlled_write,test,test_gate,co2_component,verification_only,none,False,False,False,"('requires explicit coefficient-write authorization and readback evidence',)"
tests/test_v1_5_co2_senco5_linear_controlled_write.py,test_v1_5_co2_senco5_linear_controlled_write,test,test_gate,co2_component,verification_only,none,False,False,False,"('requires explicit coefficient-write authorization and readback evidence',)"
tests/test_v1_5_co2_senco5_linear_trim_review.py,test_v1_5_co2_senco5_linear_trim_review,test,test_gate,co2_component,verification_only,none,False,False,False,()
tests/test_v1_5_co2_senco5_neutral_controlled_write.py,test_v1_5_co2_senco5_neutral_controlled_write,test,test_gate,co2_component,verification_only,none,False,False,False,"('requires explicit coefficient-write authorization and readback evidence',)"
tests/test_v1_5_co2_senco_algorithm_audit.py,test_v1_5_co2_senco_algorithm_audit,test,test_gate,co2_component,verification_only,none,False,False,False,()
tests/test_v1_5_co2_senco_pair_model_scope.py,test_v1_5_co2_senco_pair_model_scope,test,test_gate,co2_component,verification_only,none,False,False,False,()
tests/test_v1_5_co2_senco_pair_review.py,test_v1_5_co2_senco_pair_review,test,test_gate,co2_component,verification_only,none,False,False,False,()
tests/test_v1_5_co2_state_bridge.py,test_v1_5_co2_state_bridge,test,test_gate,co2_component,verification_only,none,False,False,False,()
tests/test_v1_5_co2_three_point_state_bridge.py,test_v1_5_co2_three_point_state_bridge,test,test_gate,co2_component,verification_only,none,False,False,False,()
tests/test_v1_5_co2_training_scope_review.py,test_v1_5_co2_training_scope_review,test,test_gate,co2_component,verification_only,none,False,False,False,()
tests/test_v1_5_co2_zero_s5_sensitivity_review.py,test_v1_5_co2_zero_s5_sensitivity_review,test,test_gate,co2_component,verification_only,none,False,False,False,()
tests/test_v1_5_component_qc_authority_audit.py,test_v1_5_component_qc_authority_audit,test,test_gate,qc_review,verification_only,none,False,False,False,()
tests/test_v1_5_component_qc_generator_contract.py,test_v1_5_component_qc_generator_contract,test,test_gate,qc_review,verification_only,none,False,False,False,()
tests/test_v1_5_component_qc_reference_evaluator.py,test_v1_5_component_qc_reference_evaluator,test,test_gate,qc_review,verification_only,none,False,False,False,()
tests/test_v1_5_component_snapshot_after_events.py,test_v1_5_component_snapshot_after_events,test,test_gate,general,verification_only,none,False,False,False,()
tests/test_v1_5_dewpoint_gate_extended_hold_diagnostic.py,test_v1_5_dewpoint_gate_extended_hold_diagnostic,test,test_gate,h2o_component,verification_only,none,False,False,False,"('diagnostic evidence only; not formal acceptance by default',)"
tests/test_v1_5_dirty_zone_audit.py,test_v1_5_dirty_zone_audit,test,test_gate,general,verification_only,none,False,False,False,()
tests/test_v1_5_entrypoint_guards.py,test_v1_5_entrypoint_guards,test,test_gate,general,verification_only,none,False,False,False,()
tests/test_v1_5_entrypoint_inventory.py,test_v1_5_entrypoint_inventory,test,test_gate,general,verification_only,none,False,False,False,()
tests/test_v1_5_evidence_registry.py,test_v1_5_evidence_registry,test,test_gate,evidence_database,verification_only,none,False,False,False,()
tests/test_v1_5_factory_signal_health_review.py,test_v1_5_factory_signal_health_review,test,test_gate,general,verification_only,none,False,False,False,()
tests/test_v1_5_final_offline_acceptance_suite.py,test_v1_5_final_offline_acceptance_suite,test,test_gate,general,verification_only,none,False,False,False,()
tests/test_v1_5_final_product_boundary.py,test_v1_5_final_product_boundary,test,test_gate,general,verification_only,none,False,False,False,()
tests/test_v1_5_final_production_external_gate_freeze.py,test_v1_5_final_production_external_gate_freeze,test,test_gate,general,verification_only,none,False,False,False,()
tests/test_v1_5_final_production_gap_freeze.py,test_v1_5_final_production_gap_freeze,test,test_gate,general,verification_only,none,False,False,False,()
tests/test_v1_5_final_senco_prewrite_gate.py,test_v1_5_final_senco_prewrite_gate,test,test_gate,general,verification_only,none,False,False,False,()
tests/test_v1_5_fit_input_quality.py,test_v1_5_fit_input_quality,test,test_gate,qc_review,verification_only,none,False,False,False,()
tests/test_v1_5_formal_900ppm_config.py,test_v1_5_formal_900ppm_config,test,test_gate,general,verification_only,none,False,False,False,()
tests/test_v1_5_formal_archive_closure.py,test_v1_5_formal_archive_closure,test,test_gate,general,verification_only,none,False,False,False,"('offline archive closure; does not open COM ports or control routes',)"
tests/test_v1_5_formal_calibration_package.py,test_v1_5_formal_calibration_package,test,test_gate,reporting,verification_only,none,False,False,False,()
tests/test_v1_5_formal_co2_open_flow_queue.py,test_v1_5_formal_co2_open_flow_queue,test,test_gate,co2_component,verification_only,none,False,False,False,()
tests/test_v1_5_formal_contracts_preflight.py,test_v1_5_formal_contracts_preflight,test,test_gate,general,verification_only,none,False,False,False,()
tests/test_v1_5_formal_database_dry_run.py,test_v1_5_formal_database_dry_run,test,test_gate,evidence_database,verification_only,none,False,False,False,()
tests/test_v1_5_formal_database_import_archive_binding.py,test_v1_5_formal_database_import_archive_binding,test,test_gate,evidence_database,verification_only,none,False,False,False,()
tests/test_v1_5_formal_database_import_authorization.py,test_v1_5_formal_database_import_authorization,test,test_gate,evidence_database,verification_only,none,False,False,False,()
tests/test_v1_5_formal_database_import_blocked_executor.py,test_v1_5_formal_database_import_blocked_executor,test,test_gate,evidence_database,verification_only,none,False,False,False,()
tests/test_v1_5_formal_database_import_command_contract.py,test_v1_5_formal_database_import_command_contract,test,test_gate,evidence_database,verification_only,none,False,False,False,()
tests/test_v1_5_formal_database_import_controlled_executor_design.py,test_v1_5_formal_database_import_controlled_executor_design,test,test_gate,evidence_database,verification_only,none,False,False,False,()
tests/test_v1_5_formal_database_import_evidence_bundle.py,test_v1_5_formal_database_import_evidence_bundle,test,test_gate,evidence_database,verification_only,none,False,False,False,()
tests/test_v1_5_formal_database_import_preflight.py,test_v1_5_formal_database_import_preflight,test,test_gate,evidence_database,verification_only,none,False,False,False,()
tests/test_v1_5_formal_database_import_production_controlled_executor.py,test_v1_5_formal_database_import_production_controlled_executor,test,test_gate,evidence_database,verification_only,none,False,False,False,()
tests/test_v1_5_formal_database_import_production_promotion_preflight.py,test_v1_5_formal_database_import_production_promotion_preflight,test,test_gate,evidence_database,verification_only,none,False,False,False,()
tests/test_v1_5_formal_database_import_staging_executor.py,test_v1_5_formal_database_import_staging_executor,test,test_gate,evidence_database,verification_only,none,False,False,False,()
tests/test_v1_5_formal_database_import_transaction_blocked_executor.py,test_v1_5_formal_database_import_transaction_blocked_executor,test,test_gate,evidence_database,verification_only,none,False,False,False,()
tests/test_v1_5_formal_database_import_transaction_integration.py,test_v1_5_formal_database_import_transaction_integration,test,test_gate,evidence_database,verification_only,none,False,False,False,()
tests/test_v1_5_formal_database_import_transaction_plan.py,test_v1_5_formal_database_import_transaction_plan,test,test_gate,evidence_database,verification_only,none,False,False,False,()
tests/test_v1_5_formal_database_migration_dba_readiness.py,test_v1_5_formal_database_migration_dba_readiness,test,test_gate,evidence_database,verification_only,none,False,False,False,()
tests/test_v1_5_formal_database_migration_production_controlled_executor.py,test_v1_5_formal_database_migration_production_controlled_executor,test,test_gate,evidence_database,verification_only,none,False,False,False,()
tests/test_v1_5_formal_evidence_run.py,test_v1_5_formal_evidence_run,test,test_gate,evidence_database,verification_only,none,False,False,False,()
tests/test_v1_5_formal_flow_contract.py,test_v1_5_formal_flow_contract,test,test_gate,general,verification_only,none,False,False,False,()
tests/test_v1_5_formal_h2o_open_flow_queue.py,test_v1_5_formal_h2o_open_flow_queue,test,test_gate,h2o_component,verification_only,none,False,False,False,()
tests/test_v1_5_formal_h2o_open_flow_sampling_runner.py,test_v1_5_formal_h2o_open_flow_sampling_runner,test,test_gate,h2o_component,verification_only,none,False,False,False,()
tests/test_v1_5_formal_initialization_blocked_executor.py,test_v1_5_formal_initialization_blocked_executor,test,test_gate,general,verification_only,none,False,False,False,()
tests/test_v1_5_formal_initialization_controlled_executor_design.py,test_v1_5_formal_initialization_controlled_executor_design,test,test_gate,general,verification_only,none,False,False,False,()
tests/test_v1_5_formal_initialization_executor_dry_run.py,test_v1_5_formal_initialization_executor_dry_run,test,test_gate,general,verification_only,none,False,False,False,()
tests/test_v1_5_formal_initialization_readonly_com_preflight_blocked_executor.py,test_v1_5_formal_initialization_readonly_com_preflight_blocked_executor,test,test_gate,general,verification_only,none,False,False,False,()
tests/test_v1_5_formal_initialization_readonly_com_preflight_controlled_blocked_executor.py,test_v1_5_formal_initialization_readonly_com_preflight_controlled_blocked_executor,test,test_gate,general,verification_only,none,False,False,False,()
tests/test_v1_5_formal_initialization_readonly_com_preflight_controlled_executor_design.py,test_v1_5_formal_initialization_readonly_com_preflight_controlled_executor_design,test,test_gate,general,verification_only,none,False,False,False,()
tests/test_v1_5_formal_initialization_readonly_com_preflight_design.py,test_v1_5_formal_initialization_readonly_com_preflight_design,test,test_gate,general,verification_only,none,False,False,False,()
tests/test_v1_5_formal_initialization_runner.py,test_v1_5_formal_initialization_runner,test,test_gate,general,verification_only,none,False,False,False,()
tests/test_v1_5_formal_offline_review_chain.py,test_v1_5_formal_offline_review_chain,test,test_gate,general,verification_only,none,False,False,False,"('offline review/evidence sidecar; no COM or route control',)"
tests/test_v1_5_formal_open_flow.py,test_v1_5_formal_open_flow,test,test_gate,general,verification_only,none,False,False,False,()
tests/test_v1_5_formal_open_flow_artifacts.py,test_v1_5_formal_open_flow_artifacts,test,test_gate,general,verification_only,none,False,False,False,()
tests/test_v1_5_formal_open_flow_sampling_runner.py,test_v1_5_formal_open_flow_sampling_runner,test,test_gate,general,verification_only,none,False,False,False,()
tests/test_v1_5_formal_readiness.py,test_v1_5_formal_readiness,test,test_gate,general,verification_only,none,False,False,False,()
tests/test_v1_5_formal_readonly_com_execution_blocked_executor.py,test_v1_5_formal_readonly_com_execution_blocked_executor,test,test_gate,general,verification_only,none,False,False,False,()
tests/test_v1_5_formal_readonly_com_execution_contract.py,test_v1_5_formal_readonly_com_execution_contract,test,test_gate,general,verification_only,none,False,False,False,()
tests/test_v1_5_formal_readonly_com_execution_packet_validator.py,test_v1_5_formal_readonly_com_execution_packet_validator,test,test_gate,general,verification_only,none,False,False,False,()
tests/test_v1_5_formal_readonly_com_execution_plan_preview.py,test_v1_5_formal_readonly_com_execution_plan_preview,test,test_gate,general,verification_only,none,False,False,False,()
tests/test_v1_5_formal_readonly_com_minimal_executor.py,test_v1_5_formal_readonly_com_minimal_executor,test,test_gate,general,verification_only,none,False,False,False,()
tests/test_v1_5_formal_readonly_com_minimal_executor_review.py,test_v1_5_formal_readonly_com_minimal_executor_review,test,test_gate,general,verification_only,none,False,False,False,()
tests/test_v1_5_formal_readonly_com_minimal_executor_stub.py,test_v1_5_formal_readonly_com_minimal_executor_stub,test,test_gate,general,verification_only,none,False,False,False,()
tests/test_v1_5_formal_route_readiness.py,test_v1_5_formal_route_readiness,test,test_gate,general,verification_only,none,False,False,False,()
tests/test_v1_5_formal_run_continuity_gate.py,test_v1_5_formal_run_continuity_gate,test,test_gate,general,verification_only,none,False,False,False,()
tests/test_v1_5_formal_run_package.py,test_v1_5_formal_run_package,test,test_gate,full_flow_orchestration,verification_only,none,False,False,False,()
tests/test_v1_5_formal_run_status.py,test_v1_5_formal_run_status,test,test_gate,general,verification_only,none,False,False,False,()
tests/test_v1_5_formal_workbench.py,test_v1_5_formal_workbench,test,test_gate,ui_review,verification_only,none,False,False,False,()
tests/test_v1_5_full_flow_automation_closure.py,test_v1_5_full_flow_automation_closure,test,test_gate,full_flow_orchestration,verification_only,none,False,False,False,()
tests/test_v1_5_full_flow_closure_readiness.py,test_v1_5_full_flow_closure_readiness,test,test_gate,full_flow_orchestration,verification_only,none,False,False,False,()
tests/test_v1_5_full_flow_next_action_plan.py,test_v1_5_full_flow_next_action_plan,test,test_gate,full_flow_orchestration,verification_only,none,False,False,False,()
tests/test_v1_5_full_flow_orchestration.py,test_v1_5_full_flow_orchestration,test,test_gate,full_flow_orchestration,verification_only,none,False,False,False,()
tests/test_v1_5_getco9_protocol_probe.py,test_v1_5_getco9_protocol_probe,test,test_gate,general,verification_only,none,False,False,False,"('diagnostic evidence only; not formal acceptance by default',)"
tests/test_v1_5_getco_component_snapshot.py,test_v1_5_getco_component_snapshot,test,test_gate,general,verification_only,none,False,False,False,()
tests/test_v1_5_getco_identity_readiness.py,test_v1_5_getco_identity_readiness,test,test_gate,general,verification_only,none,False,False,False,()
tests/test_v1_5_h2o_archive_inputs.py,test_v1_5_h2o_archive_inputs,test,test_gate,h2o_component,verification_only,none,False,False,False,()
tests/test_v1_5_h2o_dry_anchor_bridge_review.py,test_v1_5_h2o_dry_anchor_bridge_review,test,test_gate,h2o_component,verification_only,none,False,False,False,()
tests/test_v1_5_h2o_formal_closure_review.py,test_v1_5_h2o_formal_closure_review,test,test_gate,h2o_component,verification_only,none,False,False,False,()
tests/test_v1_5_h2o_low_anchor_from_co2_zero.py,test_v1_5_h2o_low_anchor_from_co2_zero,test,test_gate,h2o_component,verification_only,none,False,False,False,()
tests/test_v1_5_h2o_queue_failure_audit.py,test_v1_5_h2o_queue_failure_audit,test,test_gate,h2o_component,verification_only,none,False,False,False,()
tests/test_v1_5_h2o_senco24_candidate_review.py,test_v1_5_h2o_senco24_candidate_review,test,test_gate,h2o_component,verification_only,none,False,False,False,()
tests/test_v1_5_h2o_senco24_controlled_write.py,test_v1_5_h2o_senco24_controlled_write,test,test_gate,h2o_component,verification_only,none,False,False,False,"('requires explicit coefficient-write authorization and readback evidence',)"
tests/test_v1_5_h2o_senco24_repair_plan.py,test_v1_5_h2o_senco24_repair_plan,test,test_gate,h2o_component,verification_only,none,False,False,False,()
tests/test_v1_5_h2o_senco6_linear_controlled_write.py,test_v1_5_h2o_senco6_linear_controlled_write,test,test_gate,h2o_component,verification_only,none,False,False,False,"('requires explicit coefficient-write authorization and readback evidence',)"
tests/test_v1_5_h2o_senco6_linear_trim_review.py,test_v1_5_h2o_senco6_linear_trim_review,test,test_gate,h2o_component,verification_only,none,False,False,False,()
tests/test_v1_5_h2o_senco6_neutral_controlled_write.py,test_v1_5_h2o_senco6_neutral_controlled_write,test,test_gate,h2o_component,verification_only,none,False,False,False,"('requires explicit coefficient-write authorization and readback evidence',)"
tests/test_v1_5_h2o_special_diagnostic_queue.py,test_v1_5_h2o_special_diagnostic_queue,test,test_gate,h2o_component,verification_only,none,False,False,False,"('diagnostic evidence only; not formal acceptance by default',)"
tests/test_v1_5_h2o_state_transfer_diagnostic.py,test_v1_5_h2o_state_transfer_diagnostic,test,test_gate,h2o_component,verification_only,none,False,False,False,"('diagnostic evidence only; not formal acceptance by default',)"
tests/test_v1_5_historical_component_qc_blocked_generator_plan.py,test_v1_5_historical_component_qc_blocked_generator_plan,test,test_gate,qc_review,verification_only,none,False,False,False,()
tests/test_v1_5_historical_component_qc_controlled_writer_design.py,test_v1_5_historical_component_qc_controlled_writer_design,test,test_gate,qc_review,verification_only,none,False,False,False,"('requires explicit coefficient-write authorization and readback evidence',)"
tests/test_v1_5_historical_component_qc_generator_preflight.py,test_v1_5_historical_component_qc_generator_preflight,test,test_gate,qc_review,verification_only,none,False,False,False,()
tests/test_v1_5_historical_fit_evidence_normalizer.py,test_v1_5_historical_fit_evidence_normalizer,test,test_gate,evidence_database,verification_only,none,False,False,False,()
tests/test_v1_5_historical_fit_profile_parity.py,test_v1_5_historical_fit_profile_parity,test,test_gate,coefficient_review,verification_only,none,False,False,False,()
tests/test_v1_5_historical_frame_parity_audit.py,test_v1_5_historical_frame_parity_audit,test,test_gate,general,verification_only,none,False,False,False,()
tests/test_v1_5_historical_mature_root_discovery.py,test_v1_5_historical_mature_root_discovery,test,test_gate,general,verification_only,none,False,False,False,()
tests/test_v1_5_historical_replay_contract.py,test_v1_5_historical_replay_contract,test,test_gate,general,verification_only,none,False,False,False,()
tests/test_v1_5_historical_replay_evidence.py,test_v1_5_historical_replay_evidence,test,test_gate,evidence_database,verification_only,none,False,False,False,()
tests/test_v1_5_historical_replay_missing_point_audit.py,test_v1_5_historical_replay_missing_point_audit,test,test_gate,general,verification_only,none,False,False,False,()
tests/test_v1_5_historical_replay_qc_gap_audit.py,test_v1_5_historical_replay_qc_gap_audit,test,test_gate,qc_review,verification_only,none,False,False,False,()
tests/test_v1_5_historical_route_attestation_binder.py,test_v1_5_historical_route_attestation_binder,test,test_gate,general,verification_only,none,False,False,False,()
tests/test_v1_5_identity_layer_ownership.py,test_v1_5_identity_layer_ownership,test,test_gate,general,verification_only,none,False,False,False,()
tests/test_v1_5_initialization_db_preflight.py,test_v1_5_initialization_db_preflight,test,test_gate,evidence_database,verification_only,none,False,False,False,()
tests/test_v1_5_initialization_readiness.py,test_v1_5_initialization_readiness,test,test_gate,general,verification_only,none,False,False,False,()
tests/test_v1_5_legacy_evidence_gap_task_plan.py,test_v1_5_legacy_evidence_gap_task_plan,test,test_gate,evidence_database,verification_only,none,False,False,False,()
tests/test_v1_5_legacy_full_flow_offline_replay.py,test_v1_5_legacy_full_flow_offline_replay,test,test_gate,full_flow_orchestration,verification_only,none,False,False,False,()
tests/test_v1_5_legacy_historical_evidence_catalog.py,test_v1_5_legacy_historical_evidence_catalog,test,test_gate,evidence_database,verification_only,none,False,False,False,()
tests/test_v1_5_main_senco_write_precheck_pack.py,test_v1_5_main_senco_write_precheck_pack,test,test_gate,general,verification_only,none,False,False,False,()
tests/test_v1_5_mature_route_continuity_gate.py,test_v1_5_mature_route_continuity_gate,test,test_gate,general,verification_only,none,False,False,False,()
tests/test_v1_5_mature_route_contract.py,test_v1_5_mature_route_contract,test,test_gate,general,verification_only,none,False,False,False,()
tests/test_v1_5_multipoint_candidate_run.py,test_v1_5_multipoint_candidate_run,test,test_gate,coefficient_review,verification_only,none,False,False,False,()
tests/test_v1_5_new_algorithm_mature_queue_live_handoff.py,test_v1_5_new_algorithm_mature_queue_live_handoff,test,test_gate,general,verification_only,none,False,False,False,()
tests/test_v1_5_new_algorithm_test_point_plan.py,test_v1_5_new_algorithm_test_point_plan,test,test_gate,general,verification_only,none,False,False,False,()
tests/test_v1_5_new_run_bootstrap.py,test_v1_5_new_run_bootstrap,test,test_gate,general,verification_only,none,False,False,False,()
tests/test_v1_5_no_outp_engineering_config.py,test_v1_5_no_outp_engineering_config,test,test_gate,general,verification_only,none,False,False,False,"('pressure/route engineering probe; keep outside formal CO2/H2O fit',)"
tests/test_v1_5_no_outp_preseal_probe.py,test_v1_5_no_outp_preseal_probe,test,test_gate,general,verification_only,none,False,False,False,"('diagnostic evidence only; not formal acceptance by default', 'pressure/route engineering probe; keep outside formal CO2/H2O fit')"
tests/test_v1_5_no_outp_skip_tempwait_engineering_config.py,test_v1_5_no_outp_skip_tempwait_engineering_config,test,test_gate,temperature_channel,verification_only,none,False,False,False,"('pressure/route engineering probe; keep outside formal CO2/H2O fit',)"
tests/test_v1_5_no_write_guard.py,test_v1_5_no_write_guard,test,test_gate,general,verification_only,none,False,False,False,()
tests/test_v1_5_open_flow_canonical_points.py,test_v1_5_open_flow_canonical_points,test,test_gate,general,verification_only,none,False,False,False,()
tests/test_v1_5_open_flow_dynamic_pressure_diagnostic.py,test_v1_5_open_flow_dynamic_pressure_diagnostic,test,test_gate,pressure_channel,verification_only,none,False,False,False,"('diagnostic evidence only; not formal acceptance by default', 'pressure/route engineering probe; keep outside formal CO2/H2O fit')"
tests/test_v1_5_operation_console.py,test_v1_5_operation_console,test,test_gate,ui_review,verification_only,none,False,False,False,()
tests/test_v1_5_operator_workstation.py,test_v1_5_operator_workstation,test,test_gate,general,verification_only,none,False,False,False,()
tests/test_v1_5_operator_workstation_ui.py,test_v1_5_operator_workstation_ui,test,test_gate,general,verification_only,none,False,False,False,()
tests/test_v1_5_p1_evidence_lineage_audit.py,test_v1_5_p1_evidence_lineage_audit,test,test_gate,evidence_database,verification_only,none,False,False,False,()
tests/test_v1_5_p2_qc_derivation_design.py,test_v1_5_p2_qc_derivation_design,test,test_gate,qc_review,verification_only,none,False,False,False,()
tests/test_v1_5_pace_audit_guards.py,test_v1_5_pace_audit_guards,test,test_gate,pressure_channel,verification_only,none,False,False,False,()
tests/test_v1_5_pace_mode_ingress_diagnostic.py,test_v1_5_pace_mode_ingress_diagnostic,test,test_gate,pressure_channel,verification_only,none,False,False,False,"('diagnostic evidence only; not formal acceptance by default',)"
tests/test_v1_5_pace_output_prearm.py,test_v1_5_pace_output_prearm,test,test_gate,pressure_channel,verification_only,none,False,False,False,()
tests/test_v1_5_parameter_governance.py,test_v1_5_parameter_governance,test,test_gate,general,verification_only,none,False,False,False,()
tests/test_v1_5_post_closeout_resume_gate.py,test_v1_5_post_closeout_resume_gate,test,test_gate,general,verification_only,none,False,False,False,()
tests/test_v1_5_post_h2o_co2_verify_summary.py,test_v1_5_post_h2o_co2_verify_summary,test,test_gate,h2o_component,verification_only,none,False,False,False,()
tests/test_v1_5_post_run_coefficient_executor.py,test_v1_5_post_run_coefficient_executor,test,test_gate,coefficient_review,verification_only,none,False,False,False,()
tests/test_v1_5_post_write_reverification.py,test_v1_5_post_write_reverification,test,test_gate,general,verification_only,none,False,False,False,()
tests/test_v1_5_pre_gas_readiness.py,test_v1_5_pre_gas_readiness,test,test_gate,general,verification_only,none,False,False,False,()
tests/test_v1_5_pressure_channel_completion.py,test_v1_5_pressure_channel_completion,test,test_gate,pressure_channel,verification_only,none,False,False,False,()
tests/test_v1_5_pressure_channel_completion_db.py,test_v1_5_pressure_channel_completion_db,test,test_gate,pressure_channel,verification_only,none,False,False,False,()
tests/test_v1_5_pressure_channel_validation.py,test_v1_5_pressure_channel_validation,test,test_gate,pressure_channel,verification_only,none,False,False,False,()
tests/test_v1_5_pressure_only_tuning_harness.py,test_v1_5_pressure_only_tuning_harness,test,test_gate,pressure_channel,verification_only,none,False,False,False,()
tests/test_v1_5_pressure_s9_readiness_index.py,test_v1_5_pressure_s9_readiness_index,test,test_gate,pressure_channel,verification_only,none,False,False,False,()
tests/test_v1_5_pressure_senco9_clear_controlled_write.py,test_v1_5_pressure_senco9_clear_controlled_write,test,test_gate,pressure_channel,verification_only,none,False,False,False,"('requires explicit coefficient-write authorization and readback evidence',)"
tests/test_v1_5_pressure_senco9_controlled_write.py,test_v1_5_pressure_senco9_controlled_write,test,test_gate,pressure_channel,verification_only,none,False,False,False,"('requires explicit coefficient-write authorization and readback evidence',)"
tests/test_v1_5_pressure_senco9_no_write_preflight.py,test_v1_5_pressure_senco9_no_write_preflight,test,test_gate,pressure_channel,verification_only,none,False,False,False,()
tests/test_v1_5_pressure_senco9_write_review.py,test_v1_5_pressure_senco9_write_review,test,test_gate,pressure_channel,verification_only,none,False,False,False,()
tests/test_v1_5_production_component_qc_fit_matrix.py,test_v1_5_production_component_qc_fit_matrix,test,test_gate,qc_review,verification_only,none,False,False,False,()
tests/test_v1_5_production_entrypoint_gate.py,test_v1_5_production_entrypoint_gate,test,test_gate,general,verification_only,none,False,False,False,()
tests/test_v1_5_production_entrypoint_map.py,test_v1_5_production_entrypoint_map,test,test_gate,general,verification_only,none,False,False,False,()
tests/test_v1_5_qc_advanced.py,test_v1_5_qc_advanced,test,test_gate,qc_review,verification_only,none,False,False,False,()
tests/test_v1_5_recommendation_closure.py,test_v1_5_recommendation_closure,test,test_gate,general,verification_only,none,False,False,False,()
tests/test_v1_5_resume_offline_state_advance_status_integration.py,test_v1_5_resume_offline_state_advance_status_integration,test,test_gate,general,verification_only,none,False,False,False,()
tests/test_v1_5_resume_prefix_application_review.py,test_v1_5_resume_prefix_application_review,test,test_gate,general,verification_only,none,False,False,False,()
tests/test_v1_5_review_surface.py,test_v1_5_review_surface,test,test_gate,ui_review,verification_only,none,False,False,False,()
tests/test_v1_5_route_physical_recovery_evidence_binder.py,test_v1_5_route_physical_recovery_evidence_binder,test,test_gate,evidence_database,verification_only,none,False,False,False,()
tests/test_v1_5_route_physical_recovery_evidence_packet.py,test_v1_5_route_physical_recovery_evidence_packet,test,test_gate,evidence_database,verification_only,none,False,False,False,()
tests/test_v1_5_route_physical_recovery_evidence_packet_template.py,test_v1_5_route_physical_recovery_evidence_packet_template,test,test_gate,temperature_channel,verification_only,none,False,False,False,()
tests/test_v1_5_route_physical_recovery_readiness.py,test_v1_5_route_physical_recovery_readiness,test,test_gate,general,verification_only,none,False,False,False,()
tests/test_v1_5_route_run_failure_root_cause.py,test_v1_5_route_run_failure_root_cause,test,test_gate,general,verification_only,none,False,False,False,()
tests/test_v1_5_run_evidence_status.py,test_v1_5_run_evidence_status,test,test_gate,evidence_database,verification_only,none,False,False,False,()
tests/test_v1_5_runtime_serial_port_binding.py,test_v1_5_runtime_serial_port_binding,test,test_gate,identity_and_serial_binding,verification_only,none,False,False,False,"('COM port is transport only; analyzer identity remains MODE2 device ID',)"
tests/test_v1_5_sample_reuse_review.py,test_v1_5_sample_reuse_review,test,test_gate,general,verification_only,none,False,False,False,()
tests/test_v1_5_senco_artifact_authorization.py,test_v1_5_senco_artifact_authorization,test,test_gate,general,verification_only,none,False,False,False,()
tests/test_v1_5_senco_authorization_archive_binding.py,test_v1_5_senco_authorization_archive_binding,test,test_gate,general,verification_only,none,False,False,False,()
tests/test_v1_5_sencoa_sencob_controlled_writer_preflight.py,test_v1_5_sencoa_sencob_controlled_writer_preflight,test,test_gate,general,verification_only,none,False,False,False,"('requires explicit coefficient-write authorization and readback evidence',)"
tests/test_v1_5_sencoa_sencob_writer_design_review.py,test_v1_5_sencoa_sencob_writer_design_review,test,test_gate,general,verification_only,none,False,False,False,()
tests/test_v1_5_serial_safety.py,test_v1_5_serial_safety,test,test_gate,general,verification_only,none,False,False,False,()
tests/test_v1_5_sn_identity_initialization.py,test_v1_5_sn_identity_initialization,test,test_gate,general,verification_only,none,False,False,False,()
tests/test_v1_5_status_register.py,test_v1_5_status_register,test,test_gate,general,verification_only,none,False,False,False,()
tests/test_v1_5_storage_namespace_isolation.py,test_v1_5_storage_namespace_isolation,test,test_gate,pressure_channel,verification_only,none,False,False,False,()
tests/test_v1_5_temperature_channel_review.py,test_v1_5_temperature_channel_review,test,test_gate,temperature_channel,verification_only,none,False,False,False,()
tests/test_v1_5_temperature_current_point_review.py,test_v1_5_temperature_current_point_review,test,test_gate,temperature_channel,verification_only,none,False,False,False,()
tests/test_v1_5_temperature_senco78_candidate_controlled_write.py,test_v1_5_temperature_senco78_candidate_controlled_write,test,test_gate,temperature_channel,verification_only,none,False,False,False,"('requires explicit coefficient-write authorization and readback evidence',)"
tests/test_v1_5_temperature_senco78_neutral_controlled_write.py,test_v1_5_temperature_senco78_neutral_controlled_write,test,test_gate,temperature_channel,verification_only,none,False,False,False,"('requires explicit coefficient-write authorization and readback evidence',)"
tests/test_v1_5_unified_controlled_write_reverify.py,test_v1_5_unified_controlled_write_reverify,test,test_gate,general,verification_only,none,False,False,False,"('requires explicit coefficient-write authorization and readback evidence',)"
tests/test_v1_5_v1_ratio_poly_algorithm_audit.py,test_v1_5_v1_ratio_poly_algorithm_audit,test,test_gate,general,verification_only,none,False,False,False,()
tests/test_v1_5_workstation_snapshot.py,test_v1_5_workstation_snapshot,test,test_gate,general,verification_only,none,False,False,False,()
tests/v2/test_v1_5_initialization_import.py,test_v1_5_initialization_import,test,test_gate,general,verification_only,none,False,False,False,()
tests/v2/test_v1_5_readiness_event_import.py,test_v1_5_readiness_event_import,test,test_gate,general,verification_only,none,False,False,False,()
tests/v2/test_v1_5_runtime_setup_import.py,test_v1_5_runtime_setup_import,test,test_gate,general,verification_only,none,False,False,False,()
