summary_path,summary_sha256,manifest_path,manifest_sha256,queue_source_path,queue_source_sha256,runtime_config_path,runtime_config_sha256,output_root,queue_run_id,route_kind,selected_points,ok_points,failed_points,dry_run,matching_profile_ids,point_directories,sidecars,samples,component_qc,classification,eligible_for_attestation_input,blocker_count,blocker_codes,historical_fit_allowed
D:\gas_calibrator\_p9_20260705\co2_6old_0620clean_mature45_g2\co2_6old_0620clean_mature45_g2\queue_summary.json,5c7c6b1171067e28e23b9a9d106b1eec3b5548a241cce0f5b104009c9e790b85,,,D:\gas_calibrator\_worktrees\v1_5_fixed_wait_window_gate_1aee26d_clean\logs\v1_5_next_step_full_flow_plan_com18_20260618\canonical_open_flow_points\co2_runner_queue.csv,4c0ceb5ddaff0c01b63d488ae09480dbc49dee1532d821d2b3871225a8e99b60,D:\gas_calibrator\_p9_20260704\pre_gas_readiness_6old_ready_for_co2_g1\v1_5_6old_co2_ready_config.json,981964d31397fe5f086015f5dc36201201e2a1823549bfe0fae8489ad1ef93d9,D:\gas_calibrator\_p9_20260705\co2_6old_0620clean_mature45_g2,co2_6old_0620clean_mature45_g2,co2,45,,,False,"[""legacy_ratio_production""]",0,0,0,0,review_required,False,4,"[""formal_route_readiness_not_pass"", ""manifest_row_count_mismatch"", ""queue_manifest_missing"", ""queue_summary_not_finalized_clean""]",False
D:\gas_calibrator\_p9_20260706\h2o_6old_0620clean_mature13_g1\queue_summary.json,5b24f1572d0652ee6b9bd0442bd1e59fd82930b3f95ea4ed7196ae6618991301,,,D:\gas_calibrator\_worktrees\v1_5_fixed_wait_window_gate_1aee26d_clean\logs\v1_5_next_step_full_flow_plan_com18_20260618\canonical_open_flow_points\h2o_runner_queue.csv,d95068b8285e62e4e5ac5dc56dbf9353b77a38b4f6dced658199cd22db0f9cfa,D:\gas_calibrator\_p9_20260704\pre_gas_readiness_6old_ready_for_co2_g1\v1_5_6old_co2_ready_config.json,981964d31397fe5f086015f5dc36201201e2a1823549bfe0fae8489ad1ef93d9,D:\gas_calibrator\_p9_20260706\h2o_6old_0620clean_mature13_g1,h2o_6old_0620clean_mature13_g1,h2o,13,0.0,0.0,False,"[""legacy_ratio_production""]",0,0,0,0,review_required,False,4,"[""formal_route_readiness_not_pass"", ""manifest_row_count_mismatch"", ""queue_manifest_missing"", ""queue_summary_not_finalized_clean""]",False
D:\gas_calibrator\_p9_20260706\h2o_6old_0620clean_mature13_g2\queue_summary.json,43cec69edb9e5213d38d61e7eb1cc16506bcaf261bcd692df0280fe01c377f87,,,D:\gas_calibrator\_worktrees\v1_5_fixed_wait_window_gate_1aee26d_clean\logs\v1_5_next_step_full_flow_plan_com18_20260618\canonical_open_flow_points\h2o_runner_queue.csv,d95068b8285e62e4e5ac5dc56dbf9353b77a38b4f6dced658199cd22db0f9cfa,D:\gas_calibrator\_p9_20260704\pre_gas_readiness_6old_ready_for_co2_g1\v1_5_6old_co2_ready_config.json,981964d31397fe5f086015f5dc36201201e2a1823549bfe0fae8489ad1ef93d9,D:\gas_calibrator\_p9_20260706\h2o_6old_0620clean_mature13_g2,h2o_6old_0620clean_mature13_g2,h2o,13,0.0,0.0,False,"[""legacy_ratio_production""]",0,0,0,0,review_required,False,4,"[""formal_route_readiness_not_pass"", ""manifest_row_count_mismatch"", ""queue_manifest_missing"", ""queue_summary_not_finalized_clean""]",False
D:\gas_calibrator\_p9_20260706\h2o_6old_0620clean_mature13_g3\queue_summary.json,e4b7e367afd7cf33cf8f94adf2daf38da110eb7d2896868737163e57d8778beb,,,D:\gas_calibrator\_worktrees\v1_5_fixed_wait_window_gate_1aee26d_clean\logs\v1_5_next_step_full_flow_plan_com18_20260618\canonical_open_flow_points\h2o_runner_queue.csv,d95068b8285e62e4e5ac5dc56dbf9353b77a38b4f6dced658199cd22db0f9cfa,D:\gas_calibrator\_p9_20260704\pre_gas_readiness_6old_ready_for_co2_g1\v1_5_6old_co2_ready_config.json,981964d31397fe5f086015f5dc36201201e2a1823549bfe0fae8489ad1ef93d9,D:\gas_calibrator\_p9_20260706\h2o_6old_0620clean_mature13_g3,h2o_6old_0620clean_mature13_g3,h2o,13,0.0,0.0,False,"[""legacy_ratio_production""]",0,0,0,0,review_required,False,4,"[""formal_route_readiness_not_pass"", ""manifest_row_count_mismatch"", ""queue_manifest_missing"", ""queue_summary_not_finalized_clean""]",False
D:\gas_calibrator\_p9_20260705\co2_6old_0620clean_mature45_g3_finalparams\co2_6old_0620clean_mature45_g3_finalparams\queue_summary.json,8cdcd9b698cfe4dfc0d9c61c6e98ce8f7be96ea80dea7a565eb6b961745df208,D:\gas_calibrator\_p9_20260705\co2_6old_0620clean_mature45_g3_finalparams\co2_6old_0620clean_mature45_g3_finalparams\queue_manifest.csv,17b9480fce5d3ed716f1847592619c192bc9a05f3daf8a91c6e40017c0899003,D:\gas_calibrator\_worktrees\v1_5_fixed_wait_window_gate_1aee26d_clean\logs\v1_5_next_step_full_flow_plan_com18_20260618\canonical_open_flow_points\co2_runner_queue.csv,4c0ceb5ddaff0c01b63d488ae09480dbc49dee1532d821d2b3871225a8e99b60,D:\gas_calibrator\_p9_20260704\pre_gas_readiness_6old_ready_for_co2_g1\v1_5_6old_co2_ready_config.json,981964d31397fe5f086015f5dc36201201e2a1823549bfe0fae8489ad1ef93d9,D:\gas_calibrator\_p9_20260705\co2_6old_0620clean_mature45_g3_finalparams,co2_6old_0620clean_mature45_g3_finalparams,co2,45,,,False,"[""legacy_ratio_production""]",3,3,2,0,review_required,False,6,"[""formal_route_readiness_not_pass"", ""manifest_contains_non_ok_point"", ""manifest_row_count_mismatch"", ""point_component_qc_incomplete"", ""point_samples_incomplete"", ""queue_summary_not_finalized_clean""]",False
D:\gas_calibrator\_p9_20260706\h2o_6old_0620clean_mature13_g4\queue_summary.json,741d36601b2dbf03454849e3cf0b2a44a6830c64812d2b7168a9847d68e3522f,D:\gas_calibrator\_p9_20260706\h2o_6old_0620clean_mature13_g4\queue_manifest.csv,065a0169da24155b89ed273d5be86c1f13b4cf9c1b86d6aae80d0d0ea9050f74,D:\gas_calibrator\_worktrees\v1_5_fixed_wait_window_gate_1aee26d_clean\logs\v1_5_next_step_full_flow_plan_com18_20260618\canonical_open_flow_points\h2o_runner_queue.csv,d95068b8285e62e4e5ac5dc56dbf9353b77a38b4f6dced658199cd22db0f9cfa,D:\gas_calibrator\_p9_20260704\pre_gas_readiness_6old_ready_for_co2_g1\v1_5_6old_co2_ready_config.json,981964d31397fe5f086015f5dc36201201e2a1823549bfe0fae8489ad1ef93d9,D:\gas_calibrator\_p9_20260706\h2o_6old_0620clean_mature13_g4,h2o_6old_0620clean_mature13_g4,h2o,13,1.0,1.0,False,"[""legacy_ratio_production""]",2,1,1,0,review_required,False,7,"[""formal_route_readiness_not_pass"", ""manifest_contains_non_ok_point"", ""manifest_row_count_mismatch"", ""point_component_qc_incomplete"", ""point_samples_incomplete"", ""point_sidecars_incomplete"", ""queue_summary_not_finalized_clean""]",False
D:\gas_calibrator\_p9_20260706\h2o_6old_0620clean_mature13_remaining_p003_p013_g5\queue_summary.json,c85082daf5b294aacae11d1210ed6ae2ff16c2c4555ea6079ef9e8133ec802d2,D:\gas_calibrator\_p9_20260706\h2o_6old_0620clean_mature13_remaining_p003_p013_g5\queue_manifest.csv,533ff989331fb0c03c441ddebedf61a8266cada16608fe8abb76ca8435bd1a8b,D:\gas_calibrator\_p9_20260706\h2o_6old_0620clean_mature13_remaining_p003_p013_g5\h2o_remaining_p003_p013_queue.csv,ffa60831606925c4ff0575d9e67c877cb248d49dad1c05118c894abebcd0543c,D:\gas_calibrator\_p9_20260704\pre_gas_readiness_6old_ready_for_co2_g1\v1_5_6old_co2_ready_config.json,981964d31397fe5f086015f5dc36201201e2a1823549bfe0fae8489ad1ef93d9,D:\gas_calibrator\_p9_20260706\h2o_6old_0620clean_mature13_remaining_p003_p013_g5,h2o_6old_0620clean_mature13_remaining_p003_p013_g5,h2o,11,11.0,0.0,False,[],11,11,11,0,review_required,False,3,"[""formal_route_readiness_not_pass"", ""no_profile_matches_selected_point_count"", ""point_component_qc_incomplete""]",False
D:\gas_calibrator\_p9_20260707\h2o_K_post_senco24_verification_25c_305070_v1\h2o_K_post_senco24_verify_25c_305070_v1\queue_summary.json,47f5b2419236506637c4c478312b3a1534e5e85e44296da5c3674d22bb8548cf,D:\gas_calibrator\_p9_20260707\h2o_K_post_senco24_verification_25c_305070_v1\h2o_K_post_senco24_verify_25c_305070_v1\queue_manifest.csv,5acd3a10bcb4078236d5a8cb1350f1f3ddec2ddc3cd4ad2150e2dccd90ae3bcf,D:\gas_calibrator\_p9_20260707\h2o_post_final_senco246_verification_25c_305070_v1\h2o_post_final_senco246_verify_25c_305070_queue.csv,f92fe93d9702bf010b1740771ddd3e270ab879492900238db7436c57b603d803,D:\gas_calibrator\_p9_20260704\pre_gas_readiness_6old_ready_for_co2_g1\v1_5_6old_co2_ready_config.json,981964d31397fe5f086015f5dc36201201e2a1823549bfe0fae8489ad1ef93d9,D:\gas_calibrator\_p9_20260707\h2o_K_post_senco24_verification_25c_305070_v1,h2o_K_post_senco24_verify_25c_305070_v1,h2o,3,3.0,0.0,False,[],3,3,3,0,review_required,False,3,"[""formal_route_readiness_not_pass"", ""no_profile_matches_selected_point_count"", ""point_component_qc_incomplete""]",False
D:\gas_calibrator\_p9_20260707\h2o_lowrh_state_cycle_25c_30_50_30_v2\queue_summary.json,1ce5a5c15f57fdcc1ed92501dad72d67e99bcf55e9e338a502a315fd5a4ba729,D:\gas_calibrator\_p9_20260707\h2o_lowrh_state_cycle_25c_30_50_30_v2\queue_manifest.csv,fdc5af63e300dc92963f2b0153d8604e3b91310030430e23baf089c5076fa482,D:\gas_calibrator\_p9_20260707\h2o_lowrh_state_cycle_25c_30_50_30_v2\h2o_lowrh_state_cycle_25c_30_50_30_queue.csv,c75044009b9ed9edc88a2d909e1396d084d4096c4ac0d15cb5d68573fa9738d7,D:\gas_calibrator\_p9_20260704\pre_gas_readiness_6old_ready_for_co2_g1\v1_5_6old_co2_ready_config.json,981964d31397fe5f086015f5dc36201201e2a1823549bfe0fae8489ad1ef93d9,D:\gas_calibrator\_p9_20260707\h2o_lowrh_state_cycle_25c_30_50_30_v2,h2o_lowrh_state_cycle_25c_30_50_30_v2,h2o,3,3.0,0.0,False,[],3,3,3,0,review_required,False,3,"[""formal_route_readiness_not_pass"", ""no_profile_matches_selected_point_count"", ""point_component_qc_incomplete""]",False
D:\gas_calibrator\_p9_20260707\h2o_post_final_senco246_verification_25c_305070_v1\h2o_post_final_senco246_verify_25c_305070_v1\queue_summary.json,2314f259aa94b5120053026188d8ad80becc75d79631af516b79dc0f760ee0b3,D:\gas_calibrator\_p9_20260707\h2o_post_final_senco246_verification_25c_305070_v1\h2o_post_final_senco246_verify_25c_305070_v1\queue_manifest.csv,897d24b6405b56886f739f233e885f07ff8df2609dfa24412fb260318d0efa6a,D:\gas_calibrator\_p9_20260707\h2o_post_final_senco246_verification_25c_305070_v1\h2o_post_final_senco246_verify_25c_305070_queue.csv,f92fe93d9702bf010b1740771ddd3e270ab879492900238db7436c57b603d803,D:\gas_calibrator\_p9_20260704\pre_gas_readiness_6old_ready_for_co2_g1\v1_5_6old_co2_ready_config.json,981964d31397fe5f086015f5dc36201201e2a1823549bfe0fae8489ad1ef93d9,D:\gas_calibrator\_p9_20260707\h2o_post_final_senco246_verification_25c_305070_v1,h2o_post_final_senco246_verify_25c_305070_v1,h2o,3,3.0,0.0,False,[],3,3,3,0,review_required,False,3,"[""formal_route_readiness_not_pass"", ""no_profile_matches_selected_point_count"", ""point_component_qc_incomplete""]",False
D:\gas_calibrator\_p9_20260707\h2o_post_s6_002090_write_verification_25c_305070_v1\h2o_post_s6_002090_write_verify_25c_305070_v1\queue_summary.json,1438d6fc3e6c6e1d5ab53db549741efda5c9a1aafd1c3af9c69737dee4a3e10c,D:\gas_calibrator\_p9_20260707\h2o_post_s6_002090_write_verification_25c_305070_v1\h2o_post_s6_002090_write_verify_25c_305070_v1\queue_manifest.csv,91a4a4a6a92cca706e93ee640dc99ae30f2143cb837711f14c9ee7343888d00c,D:\gas_calibrator\_p9_20260707\h2o_post_final_senco246_verification_25c_305070_v1\h2o_post_final_senco246_verify_25c_305070_queue.csv,f92fe93d9702bf010b1740771ddd3e270ab879492900238db7436c57b603d803,D:\gas_calibrator\_p9_20260704\pre_gas_readiness_6old_ready_for_co2_g1\v1_5_6old_co2_ready_config.json,981964d31397fe5f086015f5dc36201201e2a1823549bfe0fae8489ad1ef93d9,D:\gas_calibrator\_p9_20260707\h2o_post_s6_002090_write_verification_25c_305070_v1,h2o_post_s6_002090_write_verify_25c_305070_v1,h2o,3,3.0,0.0,False,[],3,3,3,0,review_required,False,3,"[""formal_route_readiness_not_pass"", ""no_profile_matches_selected_point_count"", ""point_component_qc_incomplete""]",False
D:\gas_calibrator\_p9_20260707\h2o_post_s6_neutral_verification_25c_305070_v1\h2o_post_s6_neutral_verify_25c_305070_v1\v1_5_h2o_open_flow_queue_20260707_094846\queue_summary.json,c1f009bdf6d85228028cd2b39da7eb15519436ad33066ea1c57e066a082385b2,D:\gas_calibrator\_p9_20260707\h2o_post_s6_neutral_verification_25c_305070_v1\h2o_post_s6_neutral_verify_25c_305070_v1\v1_5_h2o_open_flow_queue_20260707_094846\queue_manifest.csv,7eff6a11a9a4cd1ca25721d3babfe6f886ceb48e9575128345018cda0bfedd5f,D:\gas_calibrator\_p9_20260707\h2o_post_final_senco246_verification_25c_305070_v1\h2o_post_final_senco246_verify_25c_305070_queue.csv,f92fe93d9702bf010b1740771ddd3e270ab879492900238db7436c57b603d803,D:\gas_calibrator\_p9_20260704\pre_gas_readiness_6old_ready_for_co2_g1\v1_5_6old_co2_ready_config.json,981964d31397fe5f086015f5dc36201201e2a1823549bfe0fae8489ad1ef93d9,D:\gas_calibrator\_p9_20260707\h2o_post_s6_neutral_verification_25c_305070_v1\h2o_post_s6_neutral_verify_25c_305070_v1,v1_5_h2o_open_flow_queue_20260707_094846,h2o,3,3.0,0.0,False,[],3,3,3,0,review_required,False,3,"[""formal_route_readiness_not_pass"", ""no_profile_matches_selected_point_count"", ""point_component_qc_incomplete""]",False
D:\gas_calibrator\_p9_20260707\h2o_post_safe_s6_002_verification_25c_305070_v1\h2o_post_safe_s6_002_verify_25c_305070_v1\queue_summary.json,bcb96059db18d112291da3193147121c91e3b1ef88431036c1c4d6eff9e658e5,D:\gas_calibrator\_p9_20260707\h2o_post_safe_s6_002_verification_25c_305070_v1\h2o_post_safe_s6_002_verify_25c_305070_v1\queue_manifest.csv,7318b1568964cb5bdd56bc9a6549f799544cbadf6a235e8c7709800d8c4f8bff,D:\gas_calibrator\_p9_20260707\h2o_post_final_senco246_verification_25c_305070_v1\h2o_post_final_senco246_verify_25c_305070_queue.csv,f92fe93d9702bf010b1740771ddd3e270ab879492900238db7436c57b603d803,D:\gas_calibrator\_p9_20260704\pre_gas_readiness_6old_ready_for_co2_g1\v1_5_6old_co2_ready_config.json,981964d31397fe5f086015f5dc36201201e2a1823549bfe0fae8489ad1ef93d9,D:\gas_calibrator\_p9_20260707\h2o_post_safe_s6_002_verification_25c_305070_v1,h2o_post_safe_s6_002_verify_25c_305070_v1,h2o,3,3.0,0.0,False,[],3,3,3,0,review_required,False,3,"[""formal_route_readiness_not_pass"", ""no_profile_matches_selected_point_count"", ""point_component_qc_incomplete""]",False
D:\gas_calibrator\_p9_20260706\h2o_post_senco24_write_verification_5dev_no_temp_control_v1\h2o_post_senco24_write_verify_5dev_no_temp_control_v1\queue_summary.json,dcccf6efbc628d557a241e0ceba409666be43f89cb5ba296960187507c2881be,D:\gas_calibrator\_p9_20260706\h2o_post_senco24_write_verification_5dev_no_temp_control_v1\h2o_post_senco24_write_verify_5dev_no_temp_control_v1\queue_manifest.csv,44d7cb0429be2734bcda7ce6b8573050e19ad33c691fbc1181e610a561686cb3,D:\gas_calibrator\_p9_20260706\h2o_post_senco24_write_verification_5dev_no_temp_control_v1\h2o_post_senco24_write_verify_20c_30_70_queue.csv,2a060a092f18bcb4782f9fb488917edf730f2084f9e60b3168c3c0257d4df85f,D:\gas_calibrator\_p9_20260704\pre_gas_readiness_6old_ready_for_co2_g1\v1_5_6old_co2_ready_config.json,981964d31397fe5f086015f5dc36201201e2a1823549bfe0fae8489ad1ef93d9,D:\gas_calibrator\_p9_20260706\h2o_post_senco24_write_verification_5dev_no_temp_control_v1,h2o_post_senco24_write_verify_5dev_no_temp_control_v1,h2o,2,2.0,0.0,False,[],2,2,2,0,review_required,False,3,"[""formal_route_readiness_not_pass"", ""no_profile_matches_selected_point_count"", ""point_component_qc_incomplete""]",False
D:\gas_calibrator\_p9_20260706\h2o_post_senco24_write_verification_5dev_temp25_control_v1\h2o_post_senco24_write_verify_5dev_temp25_control_v1\queue_summary.json,0e99f727618fdb1fc0913e30408fdeffcdcbc3cebc354edc4b048957a75dcb40,D:\gas_calibrator\_p9_20260706\h2o_post_senco24_write_verification_5dev_temp25_control_v1\h2o_post_senco24_write_verify_5dev_temp25_control_v1\queue_manifest.csv,a6325b4d13c836f8100ee00979740efe4615571672e4ca280994fbdb9313faef,D:\gas_calibrator\_p9_20260706\h2o_post_senco24_write_verification_5dev_temp25_control_v1\h2o_post_senco24_write_verify_25c_30_70_queue.csv,f588d2896802dbd8536e852a8f0f918065b04c3f2604375442644c2dbede4ccc,D:\gas_calibrator\_p9_20260704\pre_gas_readiness_6old_ready_for_co2_g1\v1_5_6old_co2_ready_config.json,981964d31397fe5f086015f5dc36201201e2a1823549bfe0fae8489ad1ef93d9,D:\gas_calibrator\_p9_20260706\h2o_post_senco24_write_verification_5dev_temp25_control_v1,h2o_post_senco24_write_verify_5dev_temp25_control_v1,h2o,2,2.0,0.0,False,[],2,2,2,0,review_required,False,3,"[""formal_route_readiness_not_pass"", ""no_profile_matches_selected_point_count"", ""point_component_qc_incomplete""]",False
D:\gas_calibrator\_p9_20260707\h2o_bridge_formal_supplement_t30t40_50rh_v1\queue_summary.json,1071d983c66a6da47d17e3308a871725dfcb0a860a1c8e75210949652f2fdc14,D:\gas_calibrator\_p9_20260707\h2o_bridge_formal_supplement_t30t40_50rh_v1\queue_manifest.csv,cd2ed9d1e14d24c6c971ab9583e461d2927b09f8ae7b2043e1454d8f51eec259,D:\gas_calibrator\_p9_20260707\h2o_bridge_formal_supplement_t30t40_50rh_v1\h2o_bridge_formal_supplement_t30t40_50rh_queue.csv,4b7310944d6ab5b77bcdd0476f365a9e6d0b747550723736e0aad80cc40c5acd,D:\gas_calibrator\_p9_20260704\pre_gas_readiness_6old_ready_for_co2_g1\v1_5_6old_co2_ready_config.json,981964d31397fe5f086015f5dc36201201e2a1823549bfe0fae8489ad1ef93d9,D:\gas_calibrator\_p9_20260707\h2o_bridge_formal_supplement_t30t40_50rh_v1,h2o_bridge_formal_supplement_t30t40_50rh_v1,h2o,2,2.0,0.0,False,[],2,2,2,0,review_required,False,3,"[""formal_route_readiness_not_pass"", ""no_profile_matches_selected_point_count"", ""point_component_qc_incomplete""]",False
D:\gas_calibrator\_p9_20260707\h2o_lowrh_state_consistency_25c30rh_longpurge_v1\queue_summary.json,68693ef46f6325222c1095f65fa66a50161e99adedf764bd47f32d46169acfae,D:\gas_calibrator\_p9_20260707\h2o_lowrh_state_consistency_25c30rh_longpurge_v1\queue_manifest.csv,8be3c879b1f7d3cc749be6185633171f2d6d0efd24860f8b93aad73d7b95a57f,D:\gas_calibrator\_p9_20260707\h2o_post_final_senco246_verification_25c_305070_v1\h2o_post_final_senco246_verify_25c_305070_queue.csv,f92fe93d9702bf010b1740771ddd3e270ab879492900238db7436c57b603d803,D:\gas_calibrator\_p9_20260704\pre_gas_readiness_6old_ready_for_co2_g1\v1_5_6old_co2_ready_config.json,981964d31397fe5f086015f5dc36201201e2a1823549bfe0fae8489ad1ef93d9,D:\gas_calibrator\_p9_20260707\h2o_lowrh_state_consistency_25c30rh_longpurge_v1,h2o_lowrh_state_consistency_25c30rh_longpurge_v1,h2o,1,1.0,0.0,False,[],1,1,1,0,review_required,False,3,"[""formal_route_readiness_not_pass"", ""no_profile_matches_selected_point_count"", ""point_component_qc_incomplete""]",False
D:\gas_calibrator\_p9_20260708\co2_002090_targeted_recollect_queue_runs_v1\co2_002090_targeted_tier_a_recollect_v3_remaining\queue_summary.json,ace9b849ff8f31d8e415768c2a875752bfaf9a4459744f2853b2936a26513614,D:\gas_calibrator\_p9_20260708\co2_002090_targeted_recollect_queue_runs_v1\co2_002090_targeted_tier_a_recollect_v3_remaining\queue_manifest.csv,edee3608a329f278c45936b136bf28ccb5230dface0af738f94c413217c85f16,D:\gas_calibrator\_p9_20260708\co2_002090_targeted_recollect_runlist_v1\co2_002090_targeted_tier_a_remaining_after_p001_queue_subset.csv,35efb9a5a4e0ac3f343b0ca0395e072c43a7b76ad700a45369712a6727b3804e,D:\gas_calibrator\_p9_20260704\pre_gas_readiness_6old_ready_for_co2_g1\v1_5_6old_co2_ready_config.json,981964d31397fe5f086015f5dc36201201e2a1823549bfe0fae8489ad1ef93d9,D:\gas_calibrator\_p9_20260708\co2_002090_targeted_recollect_queue_runs_v1,co2_002090_targeted_tier_a_recollect_v3_remaining,co2,7,7.0,0.0,False,[],7,7,7,0,review_required,False,4,"[""duplicate_queue_summary_for_output_root"", ""formal_route_readiness_not_pass"", ""no_profile_matches_selected_point_count"", ""point_component_qc_incomplete""]",False
D:\gas_calibrator\_p9_20260706\h2o_005_bridge_repeat_20c_305070_v1\queue_summary.json,b23cdeaf665aefe87746f888cdecf6cac8dd7c13301946f90a069eca34a62b5a,D:\gas_calibrator\_p9_20260706\h2o_005_bridge_repeat_20c_305070_v1\queue_manifest.csv,7d6a5a15809853020edf929bd91446ee766983af6e933e57658f8ff1316e21b3,D:\gas_calibrator\_p9_20260706\h2o_005_bridge_repeat_20c_305070_v1\h2o_005_bridge_repeat_20c_305070_queue.csv,b911281c1994293057aa1bb1f93ba74b80da760271a3c8048ca46df4e2519d6f,D:\gas_calibrator\_p9_20260704\pre_gas_readiness_6old_ready_for_co2_g1\v1_5_6old_co2_ready_config.json,981964d31397fe5f086015f5dc36201201e2a1823549bfe0fae8489ad1ef93d9,D:\gas_calibrator\_p9_20260706\h2o_005_bridge_repeat_20c_305070_v1,h2o_005_bridge_repeat_20c_305070_v1,h2o,3,3.0,0.0,False,[],3,3,3,0,review_required,False,4,"[""duplicate_queue_summary_for_output_root"", ""formal_route_readiness_not_pass"", ""no_profile_matches_selected_point_count"", ""point_component_qc_incomplete""]",False
D:\gas_calibrator\_p9_20260708\h2o_4dev_post_s24_verify_notemp_25c_305070_v1\h2o4_notemp25_305070_live_v1\queue_summary.json,74a3629447b8ebc2adc1df4e0fada5cc491544cfbad5fe08ca22eba42c6dfc59,D:\gas_calibrator\_p9_20260708\h2o_4dev_post_s24_verify_notemp_25c_305070_v1\h2o4_notemp25_305070_live_v1\queue_manifest.csv,b5b0478a9bc7e8e4e5f9dbf5b18e34bc7aea4a4d4b2589d956a9f0fb92743f0f,D:\gas_calibrator\_p9_20260708\h2o_4dev_post_s24_verify_notemp_25c_305070_v1\h2o_4dev_post_s24_verify_notemp_25c_305070_queue.csv,d6fb30d5edc84e85b5c056f3464cbd15d20e6a39693952f53f0caf0fd420f79a,D:\gas_calibrator\_p9_20260708\h2o_4dev_post_s24_verify_notemp_25c_305070_v1\runtime_identity_bound_config_4active_001002010090_no005_no076.json,e7ad94c903ce4a13fdb1a1c168139f16d87f9a8316d0cedc3d1a86a996fd9111,D:\gas_calibrator\_p9_20260708\h2o_4dev_post_s24_verify_notemp_25c_305070_v1,h2o4_notemp25_305070_live_v1,h2o,3,3.0,0.0,False,[],3,3,3,0,review_required,False,4,"[""duplicate_queue_summary_for_output_root"", ""formal_route_readiness_not_pass"", ""no_profile_matches_selected_point_count"", ""point_component_qc_incomplete""]",False
D:\gas_calibrator\_p9_20260705\co2_6old_0620clean_mature45_g6_T20_400_to_Tm20_finalparams\co2_6old_0620clean_mature45_g6_T20_400_to_Tm20_finalparams\queue_summary.json,0788cdb09bcf47f817e102162976f68e82c72960109b41059e53dae834101988,,,D:\gas_calibrator\_p9_20260705\co2_6old_0620clean_mature45_g6_T20_400_to_Tm20_finalparams\co2_runner_queue_T20_400_to_Tm20.csv,67b5563d8648bb980d6f436e5e7d2054e331e6627340a61fb5030d4acd110f90,D:\gas_calibrator\_p9_20260704\pre_gas_readiness_6old_ready_for_co2_g1\v1_5_6old_co2_ready_config.json,981964d31397fe5f086015f5dc36201201e2a1823549bfe0fae8489ad1ef93d9,D:\gas_calibrator\_p9_20260705\co2_6old_0620clean_mature45_g6_T20_400_to_Tm20_finalparams,co2_6old_0620clean_mature45_g6_T20_400_to_Tm20_finalparams,co2,27,,,False,[],0,0,0,0,review_required,False,5,"[""formal_route_readiness_not_pass"", ""manifest_row_count_mismatch"", ""no_profile_matches_selected_point_count"", ""queue_manifest_missing"", ""queue_summary_not_finalized_clean""]",False
D:\gas_calibrator\_p9_20260708\co2_002090_targeted_recollect_queue_runs_v1\co2_002090_targeted_tier_a_recollect_v2\queue_summary.json,170c72648e6eb46acb02ca2111d64f73db21c64efb36078e2607923fc94f908b,D:\gas_calibrator\_p9_20260708\co2_002090_targeted_recollect_queue_runs_v1\co2_002090_targeted_tier_a_recollect_v2\queue_manifest.csv,07760286bf35d76fad2c964ec458563eac9587a28cdb7685a014003c681a8fd8,D:\gas_calibrator\_p9_20260708\co2_002090_targeted_recollect_runlist_v1\co2_002090_targeted_tier_a_queue_subset.csv,ead8ca03876be87315c38959e18916a990abf16dee42a7e7cb94ae48be27f973,D:\gas_calibrator\_p9_20260704\pre_gas_readiness_6old_ready_for_co2_g1\v1_5_6old_co2_ready_config.json,981964d31397fe5f086015f5dc36201201e2a1823549bfe0fae8489ad1ef93d9,D:\gas_calibrator\_p9_20260708\co2_002090_targeted_recollect_queue_runs_v1,co2_002090_targeted_tier_a_recollect_v2,co2,8,,,False,[],1,1,1,0,review_required,False,6,"[""duplicate_queue_summary_for_output_root"", ""formal_route_readiness_not_pass"", ""manifest_row_count_mismatch"", ""no_profile_matches_selected_point_count"", ""point_component_qc_incomplete"", ""queue_summary_not_finalized_clean""]",False
D:\gas_calibrator\_p9_20260708\co2_002090_targeted_recollect_queue_runs_v1\co2_002090_targeted_tier_a_recollect_v1\queue_summary.json,f4d5ac52baaeea480f02fcc6f34c1d0ca2be021a6c012263e4f0e4ea7eb8d94a,D:\gas_calibrator\_p9_20260708\co2_002090_targeted_recollect_queue_runs_v1\co2_002090_targeted_tier_a_recollect_v1\queue_manifest.csv,90dafe1890e402a513bfba7139a6ca21b5810a8a24022d428ac01d1a6e737e40,D:\gas_calibrator\_p9_20260708\co2_002090_targeted_recollect_runlist_v1\co2_002090_targeted_tier_a_queue_subset.csv,ead8ca03876be87315c38959e18916a990abf16dee42a7e7cb94ae48be27f973,D:\gas_calibrator\_p9_20260704\pre_gas_readiness_6old_ready_for_co2_g1\v1_5_6old_co2_ready_config.json,981964d31397fe5f086015f5dc36201201e2a1823549bfe0fae8489ad1ef93d9,D:\gas_calibrator\_p9_20260708\co2_002090_targeted_recollect_queue_runs_v1,co2_002090_targeted_tier_a_recollect_v1,co2,8,,,False,[],1,1,1,0,review_required,False,7,"[""duplicate_queue_summary_for_output_root"", ""formal_route_readiness_not_pass"", ""manifest_contains_non_ok_point"", ""manifest_row_count_mismatch"", ""no_profile_matches_selected_point_count"", ""point_component_qc_incomplete"", ""queue_summary_not_finalized_clean""]",False
D:\gas_calibrator\_p9_20260705\co2_6old_0620clean_mature45_g9_T10_to_Tm20_finalparams\co2_6old_0620clean_mature45_g9_T10_to_Tm20_finalparams\queue_summary.json,57df455829a65a36e2c120c1c815b816de7253375a236021c7709b0a221eb273,D:\gas_calibrator\_p9_20260705\co2_6old_0620clean_mature45_g9_T10_to_Tm20_finalparams\co2_6old_0620clean_mature45_g9_T10_to_Tm20_finalparams\queue_manifest.csv,dc4f23603faa3b3bb5e95cb1b7a1e2dac13edf3a7bcae37ebc47cb80b1639079,D:\gas_calibrator\_p9_20260705\co2_6old_0620clean_mature45_g9_T10_to_Tm20_finalparams\co2_runner_queue_T10_to_Tm20.csv,9a85e13ce4ed2045633c021a57a5e08ba0897e525fa4229cb7ff723b9a310541,D:\gas_calibrator\_p9_20260704\pre_gas_readiness_6old_ready_for_co2_g1\v1_5_6old_co2_ready_config.json,981964d31397fe5f086015f5dc36201201e2a1823549bfe0fae8489ad1ef93d9,D:\gas_calibrator\_p9_20260705\co2_6old_0620clean_mature45_g9_T10_to_Tm20_finalparams,co2_6old_0620clean_mature45_g9_T10_to_Tm20_finalparams,co2,20,18.0,1.0,False,[],19,18,18,0,review_required,False,8,"[""formal_route_readiness_not_pass"", ""manifest_contains_non_ok_point"", ""manifest_row_count_mismatch"", ""no_profile_matches_selected_point_count"", ""point_component_qc_incomplete"", ""point_samples_incomplete"", ""point_sidecars_incomplete"", ""queue_summary_not_finalized_clean""]",False
D:\gas_calibrator\_p9_20260705\co2_6old_0620clean_mature45_g4_T30_to_Tm20_finalparams\co2_6old_0620clean_mature45_g4_T30_to_Tm20_finalparams\queue_summary.json,e57ba88ead74174ead1e8a5eca617037fd63691eedc4c4d675a993d7c647f0e1,D:\gas_calibrator\_p9_20260705\co2_6old_0620clean_mature45_g4_T30_to_Tm20_finalparams\co2_6old_0620clean_mature45_g4_T30_to_Tm20_finalparams\queue_manifest.csv,4daf01332201741a587bd46d34369e71ec76c6525ebf93b2919b2f168e53105f,D:\gas_calibrator\_p9_20260705\co2_6old_0620clean_mature45_g4_T30_to_Tm20_finalparams\co2_runner_queue_T30_to_Tm20.csv,222137215266d9b6ca853811579cb8bcf6fd59946ea66cf3ee6f8bacead31deb,D:\gas_calibrator\_p9_20260704\pre_gas_readiness_6old_ready_for_co2_g1\v1_5_6old_co2_ready_config.json,981964d31397fe5f086015f5dc36201201e2a1823549bfe0fae8489ad1ef93d9,D:\gas_calibrator\_p9_20260705\co2_6old_0620clean_mature45_g4_T30_to_Tm20_finalparams,co2_6old_0620clean_mature45_g4_T30_to_Tm20_finalparams,co2,42,,,False,[],16,15,15,0,review_required,False,8,"[""formal_route_readiness_not_pass"", ""manifest_contains_non_ok_point"", ""manifest_row_count_mismatch"", ""no_profile_matches_selected_point_count"", ""point_component_qc_incomplete"", ""point_samples_incomplete"", ""point_sidecars_incomplete"", ""queue_summary_not_finalized_clean""]",False
D:\gas_calibrator\_p9_20260705\co2_6old_0620clean_mature45_g8_T20_500_to_1000_notemp_finalparams\co2_6old_0620clean_mature45_g8_T20_500_to_1000_notemp_finalparams\queue_summary.json,8b4e666e690903f9a4abbed1d12b0b07046a920e19c6e30313278b02fad65674,D:\gas_calibrator\_p9_20260705\co2_6old_0620clean_mature45_g8_T20_500_to_1000_notemp_finalparams\co2_6old_0620clean_mature45_g8_T20_500_to_1000_notemp_finalparams\queue_manifest.csv,a00cf43a051d95f9b5c28ee1a1b3cf3d47af92dc0d2a8abbaf2868336d34ef9a,D:\gas_calibrator\_p9_20260705\co2_6old_0620clean_mature45_g8_T20_500_to_1000_notemp_finalparams\co2_runner_queue_T20_500_to_1000.csv,8dc8175cc79eaa5795a752e5587c60dc1bc43e098fbd9c7e47671b461bf07391,D:\gas_calibrator\_p9_20260704\pre_gas_readiness_6old_ready_for_co2_g1\v1_5_6old_co2_ready_config.json,981964d31397fe5f086015f5dc36201201e2a1823549bfe0fae8489ad1ef93d9,D:\gas_calibrator\_p9_20260705\co2_6old_0620clean_mature45_g8_T20_500_to_1000_notemp_finalparams,co2_6old_0620clean_mature45_g8_T20_500_to_1000_notemp_finalparams,co2,6,,,False,[],1,0,0,0,review_required,False,8,"[""formal_route_readiness_not_pass"", ""manifest_contains_non_ok_point"", ""manifest_row_count_mismatch"", ""no_profile_matches_selected_point_count"", ""point_component_qc_incomplete"", ""point_samples_incomplete"", ""point_sidecars_incomplete"", ""queue_summary_not_finalized_clean""]",False
D:\gas_calibrator\_p9_20260705\co2_6old_0620clean_mature45_g8b_T20_500_to_1000_notemp_240purge_finalparams\co2_6old_0620clean_mature45_g8b_T20_500_to_1000_notemp_240purge_finalparams\queue_summary.json,7eed3220f235d8817ab1f75d002d74ee74ad980b0e81527c4ec4c5fa28d88b0a,D:\gas_calibrator\_p9_20260705\co2_6old_0620clean_mature45_g8b_T20_500_to_1000_notemp_240purge_finalparams\co2_6old_0620clean_mature45_g8b_T20_500_to_1000_notemp_240purge_finalparams\queue_manifest.csv,b78824fab183f110e61b23258fe16425aac544b5fd3b30f4f22308b37c8ae9fe,D:\gas_calibrator\_p9_20260705\co2_6old_0620clean_mature45_g8b_T20_500_to_1000_notemp_240purge_finalparams\co2_runner_queue_T20_500_to_1000_240purge.csv,ad1a36a324e1dff6d2670823a3c901460318afb7a1847ae5501722d19390c6b2,D:\gas_calibrator\_p9_20260704\pre_gas_readiness_6old_ready_for_co2_g1\v1_5_6old_co2_ready_config.json,981964d31397fe5f086015f5dc36201201e2a1823549bfe0fae8489ad1ef93d9,D:\gas_calibrator\_p9_20260705\co2_6old_0620clean_mature45_g8b_T20_500_to_1000_notemp_240purge_finalparams,co2_6old_0620clean_mature45_g8b_T20_500_to_1000_notemp_240purge_finalparams,co2,6,,,False,[],1,0,0,0,review_required,False,8,"[""formal_route_readiness_not_pass"", ""manifest_contains_non_ok_point"", ""manifest_row_count_mismatch"", ""no_profile_matches_selected_point_count"", ""point_component_qc_incomplete"", ""point_samples_incomplete"", ""point_sidecars_incomplete"", ""queue_summary_not_finalized_clean""]",False
D:\gas_calibrator\_p9_20260707\h2o_lowrh_state_cycle_25c_30_50_30_v1\queue_summary.json,c198df40a6f847ea0d2d9ce33fa9cb1ed3eaf78797faf632cdaa2c2e784d4ff1,D:\gas_calibrator\_p9_20260707\h2o_lowrh_state_cycle_25c_30_50_30_v1\queue_manifest.csv,e9efe5f54b1aba50d8676ac5f1cc9831b5a4b367f10f6f7c5249892422f74f80,D:\gas_calibrator\_p9_20260707\h2o_lowrh_state_cycle_25c_30_50_30_v1\h2o_lowrh_state_cycle_25c_30_50_30_queue.csv,c75044009b9ed9edc88a2d909e1396d084d4096c4ac0d15cb5d68573fa9738d7,D:\gas_calibrator\_p9_20260704\pre_gas_readiness_6old_ready_for_co2_g1\v1_5_6old_co2_ready_config.json,981964d31397fe5f086015f5dc36201201e2a1823549bfe0fae8489ad1ef93d9,D:\gas_calibrator\_p9_20260707\h2o_lowrh_state_cycle_25c_30_50_30_v1,h2o_lowrh_state_cycle_25c_30_50_30_v1,h2o,3,,,False,[],2,0,0,0,review_required,False,8,"[""formal_route_readiness_not_pass"", ""manifest_contains_non_ok_point"", ""manifest_row_count_mismatch"", ""no_profile_matches_selected_point_count"", ""point_component_qc_incomplete"", ""point_samples_incomplete"", ""point_sidecars_incomplete"", ""queue_summary_not_finalized_clean""]",False
D:\gas_calibrator\_p9_20260704\h2o_6old_mature0620_entry_dryrun_all13\current6_20260704_h2o_mature0620_entry_dryrun_all13\queue_summary.json,9b710933fae454b6a5fb1b96ebf8d2b2cfe341a571def39a5fdab81bda264a5f,D:\gas_calibrator\_p9_20260704\h2o_6old_mature0620_entry_dryrun_all13\current6_20260704_h2o_mature0620_entry_dryrun_all13\queue_manifest.csv,4ac92edf1d89219c0788b940b38466931f2bd37d990c2338158523600596fe59,D:\gas_calibrator\_worktrees\v1_5_fixed_wait_window_gate_1aee26d_clean\logs\v1_5_next_step_full_flow_plan_com18_20260618\canonical_open_flow_points\h2o_runner_queue.csv,d95068b8285e62e4e5ac5dc56dbf9353b77a38b4f6dced658199cd22db0f9cfa,D:\gas_calibrator\_p9_20260704\pre_gas_readiness_6old_ready_for_co2_g1\v1_5_6old_co2_ready_config.json,981964d31397fe5f086015f5dc36201201e2a1823549bfe0fae8489ad1ef93d9,D:\gas_calibrator\_p9_20260704\h2o_6old_mature0620_entry_dryrun_all13,current6_20260704_h2o_mature0620_entry_dryrun_all13,h2o,13,0.0,0.0,True,"[""legacy_ratio_production""]",0,0,0,0,dry_run_only,False,8,"[""dry_run_not_historical_route_evidence"", ""formal_route_readiness_not_pass"", ""manifest_contains_non_ok_point"", ""point_component_qc_incomplete"", ""point_directories_incomplete"", ""point_samples_incomplete"", ""point_sidecars_incomplete"", ""queue_summary_not_finalized_clean""]",False
D:\gas_calibrator\_p9_20260705\co2_6old_0620clean_mature45_g3_finalparams_dryrun\co2_6old_0620clean_mature45_g3_finalparams_dryrun\queue_summary.json,8637fe67fe0d757c27779e14de570a7153ea1d8ee753d3ce1feb0811c8b96e03,D:\gas_calibrator\_p9_20260705\co2_6old_0620clean_mature45_g3_finalparams_dryrun\co2_6old_0620clean_mature45_g3_finalparams_dryrun\queue_manifest.csv,1c8fdaf8debb43203e5d84a493f9b32023d948835f1913a76141d74d080cb1f1,D:\gas_calibrator\_worktrees\v1_5_fixed_wait_window_gate_1aee26d_clean\logs\v1_5_next_step_full_flow_plan_com18_20260618\canonical_open_flow_points\co2_runner_queue.csv,4c0ceb5ddaff0c01b63d488ae09480dbc49dee1532d821d2b3871225a8e99b60,D:\gas_calibrator\_p9_20260704\pre_gas_readiness_6old_ready_for_co2_g1\v1_5_6old_co2_ready_config.json,981964d31397fe5f086015f5dc36201201e2a1823549bfe0fae8489ad1ef93d9,D:\gas_calibrator\_p9_20260705\co2_6old_0620clean_mature45_g3_finalparams_dryrun,co2_6old_0620clean_mature45_g3_finalparams_dryrun,co2,45,0.0,0.0,True,"[""legacy_ratio_production""]",0,0,0,0,dry_run_only,False,8,"[""dry_run_not_historical_route_evidence"", ""formal_route_readiness_not_pass"", ""manifest_contains_non_ok_point"", ""point_component_qc_incomplete"", ""point_directories_incomplete"", ""point_samples_incomplete"", ""point_sidecars_incomplete"", ""queue_summary_not_finalized_clean""]",False
D:\gas_calibrator\_p9_20260706\h2o_6old_0620clean_mature13_g1_dryrun\queue_summary.json,02128fdd9ac1d02b59bc8b972fc345ab5fbce2acd93d0039d5cdb17574cce13c,D:\gas_calibrator\_p9_20260706\h2o_6old_0620clean_mature13_g1_dryrun\queue_manifest.csv,96cbfd620282f86e579d31f85ea2744fde65bc2499139c08ec2ce8f01ad47aea,D:\gas_calibrator\_worktrees\v1_5_fixed_wait_window_gate_1aee26d_clean\logs\v1_5_next_step_full_flow_plan_com18_20260618\canonical_open_flow_points\h2o_runner_queue.csv,d95068b8285e62e4e5ac5dc56dbf9353b77a38b4f6dced658199cd22db0f9cfa,D:\gas_calibrator\_p9_20260704\pre_gas_readiness_6old_ready_for_co2_g1\v1_5_6old_co2_ready_config.json,981964d31397fe5f086015f5dc36201201e2a1823549bfe0fae8489ad1ef93d9,D:\gas_calibrator\_p9_20260706\h2o_6old_0620clean_mature13_g1_dryrun,h2o_6old_0620clean_mature13_g1_dryrun,h2o,13,0.0,0.0,True,"[""legacy_ratio_production""]",0,0,0,0,dry_run_only,False,8,"[""dry_run_not_historical_route_evidence"", ""formal_route_readiness_not_pass"", ""manifest_contains_non_ok_point"", ""point_component_qc_incomplete"", ""point_directories_incomplete"", ""point_samples_incomplete"", ""point_sidecars_incomplete"", ""queue_summary_not_finalized_clean""]",False
D:\gas_calibrator\_p9_20260706\h2o_005_bridge_repeat_20c_305070_v1\h2o_005_bridge_repeat_20c_305070_dryrun\queue_summary.json,b14b74a36dc44bcb27857d68bd0b1c0a34d015688642211d3432cede3f7f85a2,D:\gas_calibrator\_p9_20260706\h2o_005_bridge_repeat_20c_305070_v1\h2o_005_bridge_repeat_20c_305070_dryrun\queue_manifest.csv,2ff5f52efbdeba24d9cd36a960531909a1efbca42e17f27e8d77ac1b5574e651,D:\gas_calibrator\_p9_20260706\h2o_005_bridge_repeat_20c_305070_v1\h2o_005_bridge_repeat_20c_305070_queue.csv,b911281c1994293057aa1bb1f93ba74b80da760271a3c8048ca46df4e2519d6f,D:\gas_calibrator\_p9_20260704\pre_gas_readiness_6old_ready_for_co2_g1\v1_5_6old_co2_ready_config.json,981964d31397fe5f086015f5dc36201201e2a1823549bfe0fae8489ad1ef93d9,D:\gas_calibrator\_p9_20260706\h2o_005_bridge_repeat_20c_305070_v1,h2o_005_bridge_repeat_20c_305070_dryrun,h2o,3,0.0,0.0,True,[],3,3,3,0,dry_run_only,False,7,"[""dry_run_not_historical_route_evidence"", ""duplicate_queue_summary_for_output_root"", ""formal_route_readiness_not_pass"", ""manifest_contains_non_ok_point"", ""no_profile_matches_selected_point_count"", ""point_component_qc_incomplete"", ""queue_summary_not_finalized_clean""]",False
D:\gas_calibrator\_p9_20260708\h2o_4dev_post_s24_verify_notemp_25c_305070_v1\h2o4_notemp25_305070_dryrun_v1\queue_summary.json,ca10cb7dd9c11f449fb71265100c0c0d0fb5fb0b66560de122eb5960b769e3e9,D:\gas_calibrator\_p9_20260708\h2o_4dev_post_s24_verify_notemp_25c_305070_v1\h2o4_notemp25_305070_dryrun_v1\queue_manifest.csv,965f1f9612b9576e361b612ce517cb8139d9ece72fa657162d7d4b50a075c3de,D:\gas_calibrator\_p9_20260708\h2o_4dev_post_s24_verify_notemp_25c_305070_v1\h2o_4dev_post_s24_verify_notemp_25c_305070_queue.csv,d6fb30d5edc84e85b5c056f3464cbd15d20e6a39693952f53f0caf0fd420f79a,D:\gas_calibrator\_p9_20260708\h2o_4dev_post_s24_verify_notemp_25c_305070_v1\runtime_identity_bound_config_4active_001002010090_no005_no076.json,e7ad94c903ce4a13fdb1a1c168139f16d87f9a8316d0cedc3d1a86a996fd9111,D:\gas_calibrator\_p9_20260708\h2o_4dev_post_s24_verify_notemp_25c_305070_v1,h2o4_notemp25_305070_dryrun_v1,h2o,3,0.0,0.0,True,[],3,3,3,0,dry_run_only,False,7,"[""dry_run_not_historical_route_evidence"", ""duplicate_queue_summary_for_output_root"", ""formal_route_readiness_not_pass"", ""manifest_contains_non_ok_point"", ""no_profile_matches_selected_point_count"", ""point_component_qc_incomplete"", ""queue_summary_not_finalized_clean""]",False
D:\gas_calibrator\_p9_20260704\co2_6old_mature0621_entry_dryrun_T40\current6_20260704_co2_mature0621_entry_dryrun_T40\queue_summary.json,5e582b1540c464c9d809ea34b4e8ba373ebc9f5f204455f3a70f5ad34e6038cd,D:\gas_calibrator\_p9_20260704\co2_6old_mature0621_entry_dryrun_T40\current6_20260704_co2_mature0621_entry_dryrun_T40\queue_manifest.csv,51a3fa5801e834189df0909923f17a430cb044a7d201aa85328d64a84d42b976,D:\gas_calibrator\_worktrees\v1_5_fixed_wait_window_gate_1aee26d_clean\logs\v1_5_next_step_full_flow_plan_com18_20260618\canonical_open_flow_points\co2_runner_queue.csv,4c0ceb5ddaff0c01b63d488ae09480dbc49dee1532d821d2b3871225a8e99b60,D:\gas_calibrator\_p9_20260704\pre_gas_readiness_6old_ready_for_co2_g1\v1_5_6old_co2_ready_config.json,981964d31397fe5f086015f5dc36201201e2a1823549bfe0fae8489ad1ef93d9,D:\gas_calibrator\_p9_20260704\co2_6old_mature0621_entry_dryrun_T40,current6_20260704_co2_mature0621_entry_dryrun_T40,co2,3,0.0,0.0,True,[],0,0,0,0,dry_run_only,False,9,"[""dry_run_not_historical_route_evidence"", ""formal_route_readiness_not_pass"", ""manifest_contains_non_ok_point"", ""no_profile_matches_selected_point_count"", ""point_component_qc_incomplete"", ""point_directories_incomplete"", ""point_samples_incomplete"", ""point_sidecars_incomplete"", ""queue_summary_not_finalized_clean""]",False
D:\gas_calibrator\_p9_20260708\co2_002090_targeted_recollect_queue_dryrun_v1\co2_002090_targeted_tier_a_recollect_dryrun_v1\queue_summary.json,56d434a7f934038f23c0bc1d7cba7af9e5e80038943c2f4459f9214719ff3f1d,D:\gas_calibrator\_p9_20260708\co2_002090_targeted_recollect_queue_dryrun_v1\co2_002090_targeted_tier_a_recollect_dryrun_v1\queue_manifest.csv,009a420276ddde2f9a3d3375da309beca21c3c11933d18cd9d207c15575e865d,D:\gas_calibrator\_p9_20260708\co2_002090_targeted_recollect_runlist_v1\co2_002090_targeted_tier_a_queue_subset.csv,ead8ca03876be87315c38959e18916a990abf16dee42a7e7cb94ae48be27f973,D:\gas_calibrator\_p9_20260704\pre_gas_readiness_6old_ready_for_co2_g1\v1_5_6old_co2_ready_config.json,981964d31397fe5f086015f5dc36201201e2a1823549bfe0fae8489ad1ef93d9,D:\gas_calibrator\_p9_20260708\co2_002090_targeted_recollect_queue_dryrun_v1,co2_002090_targeted_tier_a_recollect_dryrun_v1,co2,8,0.0,0.0,True,[],0,0,0,0,dry_run_only,False,9,"[""dry_run_not_historical_route_evidence"", ""formal_route_readiness_not_pass"", ""manifest_contains_non_ok_point"", ""no_profile_matches_selected_point_count"", ""point_component_qc_incomplete"", ""point_directories_incomplete"", ""point_samples_incomplete"", ""point_sidecars_incomplete"", ""queue_summary_not_finalized_clean""]",False
D:\gas_calibrator\_handoff\v1_5_formal_route_real_20260625\h2o_b_review_real\current6_20260625_h2o_b_review_real\queue_summary.json,b8b1afdd6706d4b59ea5d8f6c76993d6ca5a75d284305820291fbcb7bd884773,D:\gas_calibrator\_handoff\v1_5_formal_route_real_20260625\h2o_b_review_real\current6_20260625_h2o_b_review_real\queue_manifest.csv,bd57479118bb89762f9da66b8959d1deb130e8ac1ce45928b85ce66a6048aa08,D:\gas_calibrator\_handoff\v1_5_formal_queue_migration_20260624\canonical_open_flow_points\h2o_runner_queue.csv,225194115924ab49b696d94f268d171e5441ddd7123500ff0c393337b67979bb,D:\gas_calibrator\_handoff\runtime_configs\identity_bound_route_runtime_config_current6_20260624_r6_co2_ratio_gate_explicit_draft.json,e3830bf62a8e9181c1331482199e0c92a147387aefe4563b126964f152e7c516,D:\gas_calibrator\_handoff\v1_5_formal_route_real_20260625\h2o_b_review_real,current6_20260625_h2o_b_review_real,h2o,13,1.0,0.0,False,"[""legacy_ratio_production""]",1,1,1,1,forbidden_source,False,5,"[""0624_source_forbidden"", ""formal_route_readiness_not_pass"", ""manifest_row_count_mismatch"", ""migration_source_forbidden"", ""queue_summary_not_finalized_clean""]",False
D:\gas_calibrator\_handoff\v1_5_formal_route_real_20260624\current6_20260624_r7_real_nowrite\co2\current6_20260624_r7_real_nowrite_co2_r1\queue_summary.json,6e29d53f2640bc3738cfee86e549171f1ca0099216a3f07e9efa9046161cab71,,,D:\gas_calibrator\_handoff\v1_5_formal_queue_migration_20260624\canonical_open_flow_points\co2_runner_queue.csv,4c0ceb5ddaff0c01b63d488ae09480dbc49dee1532d821d2b3871225a8e99b60,D:\gas_calibrator\_handoff\runtime_configs\identity_bound_route_runtime_config_current6_20260624_r6_co2_ratio_gate_explicit_draft.json,e3830bf62a8e9181c1331482199e0c92a147387aefe4563b126964f152e7c516,D:\gas_calibrator\_handoff\v1_5_formal_route_real_20260624\current6_20260624_r7_real_nowrite\co2,current6_20260624_r7_real_nowrite_co2_r1,co2,45,,,False,"[""legacy_ratio_production""]",0,0,0,0,forbidden_source,False,5,"[""0624_source_forbidden"", ""manifest_row_count_mismatch"", ""migration_source_forbidden"", ""queue_manifest_missing"", ""queue_summary_not_finalized_clean""]",False
D:\gas_calibrator\_handoff\v1_5_formal_route_real_20260624\current6_20260624_r9_task_continuous_nowrite\co2\current6_20260624_r9_co2_continuous_full45_task\queue_summary.json,964d0523ac11bb5528703f81cadd43164d72f5b55968261504de99cf3062a930,,,D:\gas_calibrator\_handoff\v1_5_formal_queue_migration_20260624\canonical_open_flow_points\co2_runner_queue.csv,4c0ceb5ddaff0c01b63d488ae09480dbc49dee1532d821d2b3871225a8e99b60,D:\gas_calibrator\_handoff\runtime_configs\identity_bound_route_runtime_config_current6_20260624_r6_co2_ratio_gate_explicit_draft.json,e3830bf62a8e9181c1331482199e0c92a147387aefe4563b126964f152e7c516,D:\gas_calibrator\_handoff\v1_5_formal_route_real_20260624\current6_20260624_r9_task_continuous_nowrite\co2,current6_20260624_r9_co2_continuous_full45_task,co2,45,,,False,"[""legacy_ratio_production""]",0,0,0,0,forbidden_source,False,5,"[""0624_source_forbidden"", ""manifest_row_count_mismatch"", ""migration_source_forbidden"", ""queue_manifest_missing"", ""queue_summary_not_finalized_clean""]",False
D:\gas_calibrator\_handoff\v1_5_formal_route_real_20260625\h2o_001_a_grade_real\current6_20260625_h2o_001_a_grade_real\queue_summary.json,fda61ff0ece537bbd144f9d4179432b8afbd43566471d047cae91cd092f87d1d,D:\gas_calibrator\_handoff\v1_5_formal_route_real_20260625\h2o_001_a_grade_real\current6_20260625_h2o_001_a_grade_real\queue_manifest.csv,534001bf44412c947b1ad194fac9505ac62621399e728b040a286c0eec601a58,D:\gas_calibrator\_handoff\v1_5_formal_queue_migration_20260624\canonical_open_flow_points\h2o_runner_queue.csv,225194115924ab49b696d94f268d171e5441ddd7123500ff0c393337b67979bb,D:\gas_calibrator\_handoff\runtime_configs\identity_bound_route_runtime_config_current6_20260624_r6_co2_ratio_gate_explicit_draft.json,e3830bf62a8e9181c1331482199e0c92a147387aefe4563b126964f152e7c516,D:\gas_calibrator\_handoff\v1_5_formal_route_real_20260625\h2o_001_a_grade_real,current6_20260625_h2o_001_a_grade_real,h2o,13,0.0,1.0,False,"[""legacy_ratio_production""]",1,1,1,1,forbidden_source,False,6,"[""0624_source_forbidden"", ""formal_route_readiness_not_pass"", ""manifest_contains_non_ok_point"", ""manifest_row_count_mismatch"", ""migration_source_forbidden"", ""queue_summary_not_finalized_clean""]",False
D:\gas_calibrator\_handoff\v1_5_formal_route_real_20260624\current6_20260624_r10_task_direct_continuous_nowrite\co2\current6_20260624_r10_co2_continuous_full45_task_direct\queue_summary.json,b50613711dcc84dd393ba8c676361ffe4e05753661c4d65020486d613aabea28,D:\gas_calibrator\_handoff\v1_5_formal_route_real_20260624\current6_20260624_r10_task_direct_continuous_nowrite\co2\current6_20260624_r10_co2_continuous_full45_task_direct\queue_manifest.csv,843fb5877455ab24eff1379778020465a80084097587ef48b7703e4039ce807a,D:\gas_calibrator\_handoff\v1_5_formal_queue_migration_20260624\canonical_open_flow_points\co2_runner_queue.csv,4c0ceb5ddaff0c01b63d488ae09480dbc49dee1532d821d2b3871225a8e99b60,D:\gas_calibrator\_handoff\runtime_configs\identity_bound_route_runtime_config_current6_20260624_r6_co2_ratio_gate_explicit_draft.json,e3830bf62a8e9181c1331482199e0c92a147387aefe4563b126964f152e7c516,D:\gas_calibrator\_handoff\v1_5_formal_route_real_20260624\current6_20260624_r10_task_direct_continuous_nowrite\co2,current6_20260624_r10_co2_continuous_full45_task_direct,co2,45,43.0,2.0,False,"[""legacy_ratio_production""]",45,45,43,43,forbidden_source,False,7,"[""0624_source_forbidden"", ""direct_source_forbidden"", ""manifest_contains_non_ok_point"", ""migration_source_forbidden"", ""point_component_qc_incomplete"", ""point_samples_incomplete"", ""queue_summary_not_finalized_clean""]",False
D:\gas_calibrator\_handoff\v1_5_formal_route_real_20260624\current6_20260624_r8_real_continuous_nowrite\co2\current6_20260624_r8_co2_continuous_full45\queue_summary.json,2f861d6fd75e6f40a0ff8a1255316952ed3214c439a72355bb46673608046d89,D:\gas_calibrator\_handoff\v1_5_formal_route_real_20260624\current6_20260624_r8_real_continuous_nowrite\co2\current6_20260624_r8_co2_continuous_full45\queue_manifest.csv,d9c79727a0dc7354cc02ade7d43b8c3db614cecbe915507936d70ac3530dea8d,D:\gas_calibrator\_handoff\v1_5_formal_queue_migration_20260624\canonical_open_flow_points\co2_runner_queue.csv,4c0ceb5ddaff0c01b63d488ae09480dbc49dee1532d821d2b3871225a8e99b60,D:\gas_calibrator\_handoff\runtime_configs\identity_bound_route_runtime_config_current6_20260624_r6_co2_ratio_gate_explicit_draft.json,e3830bf62a8e9181c1331482199e0c92a147387aefe4563b126964f152e7c516,D:\gas_calibrator\_handoff\v1_5_formal_route_real_20260624\current6_20260624_r8_real_continuous_nowrite\co2,current6_20260624_r8_co2_continuous_full45,co2,45,,,False,"[""legacy_ratio_production""]",2,2,1,0,forbidden_source,False,7,"[""0624_source_forbidden"", ""manifest_contains_non_ok_point"", ""manifest_row_count_mismatch"", ""migration_source_forbidden"", ""point_component_qc_incomplete"", ""point_samples_incomplete"", ""queue_summary_not_finalized_clean""]",False
D:\gas_calibrator\_handoff\v1_5_formal_route_real_20260625\h2o_purge720_real\current6_20260625_h2o_purge720_real\queue_summary.json,d90632dfd83075f0f08ce8c470a0efb8fdd689d178278a9a9df7f57a60f78cdd,D:\gas_calibrator\_handoff\v1_5_formal_route_real_20260625\h2o_purge720_real\current6_20260625_h2o_purge720_real\queue_manifest.csv,319b22803d7c4eee57e55fe9d30ba94a75e148e1cb7b81a4552ffcd93b509007,D:\gas_calibrator\_handoff\v1_5_formal_queue_migration_20260624\canonical_open_flow_points\h2o_runner_queue.csv,225194115924ab49b696d94f268d171e5441ddd7123500ff0c393337b67979bb,D:\gas_calibrator\_handoff\runtime_configs\identity_bound_route_runtime_config_current6_20260624_r6_co2_ratio_gate_explicit_draft.json,e3830bf62a8e9181c1331482199e0c92a147387aefe4563b126964f152e7c516,D:\gas_calibrator\_handoff\v1_5_formal_route_real_20260625\h2o_purge720_real,current6_20260625_h2o_purge720_real,h2o,13,0.0,1.0,False,"[""legacy_ratio_production""]",1,1,0,0,forbidden_source,False,8,"[""0624_source_forbidden"", ""formal_route_readiness_not_pass"", ""manifest_contains_non_ok_point"", ""manifest_row_count_mismatch"", ""migration_source_forbidden"", ""point_component_qc_incomplete"", ""point_samples_incomplete"", ""queue_summary_not_finalized_clean""]",False
D:\gas_calibrator\_p9_20260704\co2_6old_mature45_g1\current6_20260704_co2_mature45_g1\queue_summary.json,b3bbb2ef81f1311ea306044197eae51d0af56b96964ea6da0e6fc7705573bd30,D:\gas_calibrator\_p9_20260704\co2_6old_mature45_g1\current6_20260704_co2_mature45_g1\queue_manifest.csv,07bb9482d29588c015ffb28ef83125a031b0561636afbb8f2426c086d498eb94,D:\gas_calibrator\_handoff\v1_5_formal_queue_migration_20260624\canonical_open_flow_points\co2_runner_queue.csv,4c0ceb5ddaff0c01b63d488ae09480dbc49dee1532d821d2b3871225a8e99b60,D:\gas_calibrator\_p9_20260704\pre_gas_readiness_6old_ready_for_co2_g1\v1_5_6old_co2_ready_config.json,981964d31397fe5f086015f5dc36201201e2a1823549bfe0fae8489ad1ef93d9,D:\gas_calibrator\_p9_20260704\co2_6old_mature45_g1,current6_20260704_co2_mature45_g1,co2,45,,,False,"[""legacy_ratio_production""]",3,2,0,0,forbidden_source,False,9,"[""0624_source_forbidden"", ""formal_route_readiness_not_pass"", ""manifest_contains_non_ok_point"", ""manifest_row_count_mismatch"", ""migration_source_forbidden"", ""point_component_qc_incomplete"", ""point_samples_incomplete"", ""point_sidecars_incomplete"", ""queue_summary_not_finalized_clean""]",False
D:\gas_calibrator\_handoff\v1_5_formal_route_preflight_20260624\current6_20260624_r5_sequence_locked\co2\current6_20260624_r5_sequence_locked_co2_dry_run\queue_summary.json,1eaa7ebf7f766c9382f7b0476a87a36913d37d375e85ff6be8891dac547f2ca7,D:\gas_calibrator\_handoff\v1_5_formal_route_preflight_20260624\current6_20260624_r5_sequence_locked\co2\current6_20260624_r5_sequence_locked_co2_dry_run\queue_manifest.csv,d7968845cef096151709a9188b355973ba246dc1188f4ca668d3da630faa12c9,D:\gas_calibrator\_handoff\v1_5_formal_queue_migration_20260624\canonical_open_flow_points\co2_runner_queue.csv,4c0ceb5ddaff0c01b63d488ae09480dbc49dee1532d821d2b3871225a8e99b60,D:\gas_calibrator\_handoff\runtime_configs\identity_bound_route_runtime_config_current6_20260624_r5_sequence_locked_draft.json,d43ce41c5d13eac5e1ff9c1464d57f45f33aaa555603fbdff052dc4265d3a714,D:\gas_calibrator\_handoff\v1_5_formal_route_preflight_20260624\current6_20260624_r5_sequence_locked\co2,current6_20260624_r5_sequence_locked_co2_dry_run,co2,45,0.0,0.0,True,"[""legacy_ratio_production""]",0,0,0,0,forbidden_source,False,10,"[""0624_source_forbidden"", ""dry_run_not_historical_route_evidence"", ""formal_route_readiness_not_pass"", ""manifest_contains_non_ok_point"", ""migration_source_forbidden"", ""point_component_qc_incomplete"", ""point_directories_incomplete"", ""point_samples_incomplete"", ""point_sidecars_incomplete"", ""queue_summary_not_finalized_clean""]",False
D:\gas_calibrator\_handoff\v1_5_formal_route_preflight_20260624\current6_20260624_r5_sequence_locked\h2o\current6_20260624_r5_sequence_locked_h2o_dry_run\queue_summary.json,84d5f6edca2a3477f90f0091042b753bbb17ae1182cc89214d130758d4ebc303,D:\gas_calibrator\_handoff\v1_5_formal_route_preflight_20260624\current6_20260624_r5_sequence_locked\h2o\current6_20260624_r5_sequence_locked_h2o_dry_run\queue_manifest.csv,323672420089bd38a6870ea9508424cc14bd168c6d75466989d63ee0bb09f814,D:\gas_calibrator\_handoff\v1_5_formal_queue_migration_20260624\canonical_open_flow_points\h2o_runner_queue.csv,225194115924ab49b696d94f268d171e5441ddd7123500ff0c393337b67979bb,D:\gas_calibrator\_handoff\runtime_configs\identity_bound_route_runtime_config_current6_20260624_r5_sequence_locked_draft.json,d43ce41c5d13eac5e1ff9c1464d57f45f33aaa555603fbdff052dc4265d3a714,D:\gas_calibrator\_handoff\v1_5_formal_route_preflight_20260624\current6_20260624_r5_sequence_locked\h2o,current6_20260624_r5_sequence_locked_h2o_dry_run,h2o,13,0.0,0.0,True,"[""legacy_ratio_production""]",0,0,0,0,forbidden_source,False,10,"[""0624_source_forbidden"", ""dry_run_not_historical_route_evidence"", ""formal_route_readiness_not_pass"", ""manifest_contains_non_ok_point"", ""migration_source_forbidden"", ""point_component_qc_incomplete"", ""point_directories_incomplete"", ""point_samples_incomplete"", ""point_sidecars_incomplete"", ""queue_summary_not_finalized_clean""]",False
D:\gas_calibrator\_handoff\v1_5_formal_route_preflight_20260624\current6_20260624_r6_co2_ratio_gate_explicit\co2\current6_20260624_r6_co2_ratio_gate_explicit_co2_dry_run\queue_summary.json,6469127745385daefe5e3afabeaea38868bcdcc077fee517bd96a9e943ce4660,D:\gas_calibrator\_handoff\v1_5_formal_route_preflight_20260624\current6_20260624_r6_co2_ratio_gate_explicit\co2\current6_20260624_r6_co2_ratio_gate_explicit_co2_dry_run\queue_manifest.csv,e4fb012d73df3c1f4f4c3bc37b5083125cc175e9222afeaea22b3bb8a257e5f0,D:\gas_calibrator\_handoff\v1_5_formal_queue_migration_20260624\canonical_open_flow_points\co2_runner_queue.csv,4c0ceb5ddaff0c01b63d488ae09480dbc49dee1532d821d2b3871225a8e99b60,D:\gas_calibrator\_handoff\runtime_configs\identity_bound_route_runtime_config_current6_20260624_r6_co2_ratio_gate_explicit_draft.json,e3830bf62a8e9181c1331482199e0c92a147387aefe4563b126964f152e7c516,D:\gas_calibrator\_handoff\v1_5_formal_route_preflight_20260624\current6_20260624_r6_co2_ratio_gate_explicit\co2,current6_20260624_r6_co2_ratio_gate_explicit_co2_dry_run,co2,45,0.0,0.0,True,"[""legacy_ratio_production""]",0,0,0,0,forbidden_source,False,10,"[""0624_source_forbidden"", ""dry_run_not_historical_route_evidence"", ""formal_route_readiness_not_pass"", ""manifest_contains_non_ok_point"", ""migration_source_forbidden"", ""point_component_qc_incomplete"", ""point_directories_incomplete"", ""point_samples_incomplete"", ""point_sidecars_incomplete"", ""queue_summary_not_finalized_clean""]",False
D:\gas_calibrator\_handoff\v1_5_formal_route_preflight_20260624\current6_20260624_r6_co2_ratio_gate_explicit\h2o\current6_20260624_r6_co2_ratio_gate_explicit_h2o_dry_run\queue_summary.json,86346a37f9bbd18e087b29623fe675a89e73f8317a847c7936176376aa2e3d7e,D:\gas_calibrator\_handoff\v1_5_formal_route_preflight_20260624\current6_20260624_r6_co2_ratio_gate_explicit\h2o\current6_20260624_r6_co2_ratio_gate_explicit_h2o_dry_run\queue_manifest.csv,e46d539bd08f7f39c662f423fa7a636ecd23881565c249dfbf656167ceaff403,D:\gas_calibrator\_handoff\v1_5_formal_queue_migration_20260624\canonical_open_flow_points\h2o_runner_queue.csv,225194115924ab49b696d94f268d171e5441ddd7123500ff0c393337b67979bb,D:\gas_calibrator\_handoff\runtime_configs\identity_bound_route_runtime_config_current6_20260624_r6_co2_ratio_gate_explicit_draft.json,e3830bf62a8e9181c1331482199e0c92a147387aefe4563b126964f152e7c516,D:\gas_calibrator\_handoff\v1_5_formal_route_preflight_20260624\current6_20260624_r6_co2_ratio_gate_explicit\h2o,current6_20260624_r6_co2_ratio_gate_explicit_h2o_dry_run,h2o,13,0.0,0.0,True,"[""legacy_ratio_production""]",0,0,0,0,forbidden_source,False,10,"[""0624_source_forbidden"", ""dry_run_not_historical_route_evidence"", ""formal_route_readiness_not_pass"", ""manifest_contains_non_ok_point"", ""migration_source_forbidden"", ""point_component_qc_incomplete"", ""point_directories_incomplete"", ""point_samples_incomplete"", ""point_sidecars_incomplete"", ""queue_summary_not_finalized_clean""]",False
D:\gas_calibrator\_handoff\v1_5_formal_route_preflight_20260624\v1_5_identity_bound_route_runtime_curre_1d096f47\co2\v1_5_identity_bound_route_runtime_curre_1d096f47_co2_dry_run\queue_summary.json,af81af47a353b3c6a17d314787c139b3861c7c2e3fe7262577cbae559df7d3d9,D:\gas_calibrator\_handoff\v1_5_formal_route_preflight_20260624\v1_5_identity_bound_route_runtime_curre_1d096f47\co2\v1_5_identity_bound_route_runtime_curre_1d096f47_co2_dry_run\queue_manifest.csv,c28a57c0bbd029df41f03f08fb1912b9407d9054e28d955508b90ac40a742a90,D:\gas_calibrator\_handoff\v1_5_formal_queue_migration_20260624\canonical_open_flow_points\co2_runner_queue.csv,4c0ceb5ddaff0c01b63d488ae09480dbc49dee1532d821d2b3871225a8e99b60,D:\gas_calibrator\_handoff\runtime_configs\identity_bound_route_runtime_config_current6_20260624_r4_formal_queue_entries_draft.json,b569167583ae32c50a9d7ef3ec6def2cf3e7908b31d595e05424fb9e80d2fb9b,D:\gas_calibrator\_handoff\v1_5_formal_route_preflight_20260624\v1_5_identity_bound_route_runtime_curre_1d096f47\co2,v1_5_identity_bound_route_runtime_curre_1d096f47_co2_dry_run,co2,45,0.0,0.0,True,"[""legacy_ratio_production""]",0,0,0,0,forbidden_source,False,10,"[""0624_source_forbidden"", ""dry_run_not_historical_route_evidence"", ""formal_route_readiness_not_pass"", ""manifest_contains_non_ok_point"", ""migration_source_forbidden"", ""point_component_qc_incomplete"", ""point_directories_incomplete"", ""point_samples_incomplete"", ""point_sidecars_incomplete"", ""queue_summary_not_finalized_clean""]",False
D:\gas_calibrator\_handoff\v1_5_formal_route_preflight_20260624\v1_5_identity_bound_route_runtime_curre_1d096f47\h2o\v1_5_identity_bound_route_runtime_curre_1d096f47_h2o_dry_run\queue_summary.json,572030581b04a02ed3e6fedfdba3348e91f4d4db728a6508928db3bccab9f2b1,D:\gas_calibrator\_handoff\v1_5_formal_route_preflight_20260624\v1_5_identity_bound_route_runtime_curre_1d096f47\h2o\v1_5_identity_bound_route_runtime_curre_1d096f47_h2o_dry_run\queue_manifest.csv,9d227116a45b676b68d76cbf1ff5bf64e6fe817c2dd54136964bbfe1a827afc8,D:\gas_calibrator\_handoff\v1_5_formal_queue_migration_20260624\canonical_open_flow_points\h2o_runner_queue.csv,225194115924ab49b696d94f268d171e5441ddd7123500ff0c393337b67979bb,D:\gas_calibrator\_handoff\runtime_configs\identity_bound_route_runtime_config_current6_20260624_r4_formal_queue_entries_draft.json,b569167583ae32c50a9d7ef3ec6def2cf3e7908b31d595e05424fb9e80d2fb9b,D:\gas_calibrator\_handoff\v1_5_formal_route_preflight_20260624\v1_5_identity_bound_route_runtime_curre_1d096f47\h2o,v1_5_identity_bound_route_runtime_curre_1d096f47_h2o_dry_run,h2o,13,0.0,0.0,True,"[""legacy_ratio_production""]",0,0,0,0,forbidden_source,False,10,"[""0624_source_forbidden"", ""dry_run_not_historical_route_evidence"", ""formal_route_readiness_not_pass"", ""manifest_contains_non_ok_point"", ""migration_source_forbidden"", ""point_component_qc_incomplete"", ""point_directories_incomplete"", ""point_samples_incomplete"", ""point_sidecars_incomplete"", ""queue_summary_not_finalized_clean""]",False
D:\gas_calibrator\_handoff\v1_5_formal_route_preflight_20260625\co2_adaptive_purge_check\co2_adaptive_default_dryrun\queue_summary.json,65f22131f20771b814357ef5d16a16d8d193a362f87d96629d137457b9cd2b35,D:\gas_calibrator\_handoff\v1_5_formal_route_preflight_20260625\co2_adaptive_purge_check\co2_adaptive_default_dryrun\queue_manifest.csv,f6f5467f8053ceac94aa126ab820da44eb4d50ce105a96e797ddfec021313f0a,D:\gas_calibrator\_handoff\v1_5_formal_queue_migration_20260624\canonical_open_flow_points\co2_runner_queue.csv,4c0ceb5ddaff0c01b63d488ae09480dbc49dee1532d821d2b3871225a8e99b60,D:\gas_calibrator\_handoff\runtime_configs\identity_bound_route_runtime_config_current6_20260624_r6_co2_ratio_gate_explicit_draft.json,e3830bf62a8e9181c1331482199e0c92a147387aefe4563b126964f152e7c516,D:\gas_calibrator\_handoff\v1_5_formal_route_preflight_20260625\co2_adaptive_purge_check,co2_adaptive_default_dryrun,co2,45,0.0,0.0,True,"[""legacy_ratio_production""]",0,0,0,0,forbidden_source,False,10,"[""0624_source_forbidden"", ""dry_run_not_historical_route_evidence"", ""formal_route_readiness_not_pass"", ""manifest_contains_non_ok_point"", ""migration_source_forbidden"", ""point_component_qc_incomplete"", ""point_directories_incomplete"", ""point_samples_incomplete"", ""point_sidecars_incomplete"", ""queue_summary_not_finalized_clean""]",False
D:\gas_calibrator\_handoff\v1_5_formal_route_preflight_20260625\h2o_current_fixes_check\h2o_current_fixes_dryrun\queue_summary.json,4d8d81ec44c269c90957934b76b114a272fdc78888a23dd10ae614c19b388ad5,D:\gas_calibrator\_handoff\v1_5_formal_route_preflight_20260625\h2o_current_fixes_check\h2o_current_fixes_dryrun\queue_manifest.csv,00c9b129042b3badfd8942b8d0c0b7c05acba3854f743d8fa228b8ca36c39abf,D:\gas_calibrator\_handoff\v1_5_formal_queue_migration_20260624\canonical_open_flow_points\h2o_runner_queue.csv,225194115924ab49b696d94f268d171e5441ddd7123500ff0c393337b67979bb,D:\gas_calibrator\_handoff\runtime_configs\identity_bound_route_runtime_config_current6_20260624_r6_co2_ratio_gate_explicit_draft.json,e3830bf62a8e9181c1331482199e0c92a147387aefe4563b126964f152e7c516,D:\gas_calibrator\_handoff\v1_5_formal_route_preflight_20260625\h2o_current_fixes_check,h2o_current_fixes_dryrun,h2o,13,0.0,0.0,True,"[""legacy_ratio_production""]",0,0,0,0,forbidden_source,False,10,"[""0624_source_forbidden"", ""dry_run_not_historical_route_evidence"", ""formal_route_readiness_not_pass"", ""manifest_contains_non_ok_point"", ""migration_source_forbidden"", ""point_component_qc_incomplete"", ""point_directories_incomplete"", ""point_samples_incomplete"", ""point_sidecars_incomplete"", ""queue_summary_not_finalized_clean""]",False
D:\gas_calibrator\_handoff\v1_5_formal_route_preflight_20260625\h2o_purge720_check\h2o_purge720_dryrun\queue_summary.json,ef4d90ac588be669830c2709b455b92fc57e118fb1430df1496f1f3dbbd5e291,D:\gas_calibrator\_handoff\v1_5_formal_route_preflight_20260625\h2o_purge720_check\h2o_purge720_dryrun\queue_manifest.csv,c2f046b4cb8767e72f2c11f11a1d44614e60ab97479cff2daf5f4355a07fd390,D:\gas_calibrator\_handoff\v1_5_formal_queue_migration_20260624\canonical_open_flow_points\h2o_runner_queue.csv,225194115924ab49b696d94f268d171e5441ddd7123500ff0c393337b67979bb,D:\gas_calibrator\_handoff\runtime_configs\identity_bound_route_runtime_config_current6_20260624_r6_co2_ratio_gate_explicit_draft.json,e3830bf62a8e9181c1331482199e0c92a147387aefe4563b126964f152e7c516,D:\gas_calibrator\_handoff\v1_5_formal_route_preflight_20260625\h2o_purge720_check,h2o_purge720_dryrun,h2o,13,0.0,0.0,True,"[""legacy_ratio_production""]",0,0,0,0,forbidden_source,False,10,"[""0624_source_forbidden"", ""dry_run_not_historical_route_evidence"", ""formal_route_readiness_not_pass"", ""manifest_contains_non_ok_point"", ""migration_source_forbidden"", ""point_component_qc_incomplete"", ""point_directories_incomplete"", ""point_samples_incomplete"", ""point_sidecars_incomplete"", ""queue_summary_not_finalized_clean""]",False
D:\gas_calibrator\_p9_20260704\co2_6old_mature45_ready_g1_dryrun\current6_20260704_co2_mature45_g1_dryrun\queue_summary.json,ee446c04f7873b71e6fddce40d12e4c15e1add76982708f5310edcf95f3f1f2d,D:\gas_calibrator\_p9_20260704\co2_6old_mature45_ready_g1_dryrun\current6_20260704_co2_mature45_g1_dryrun\queue_manifest.csv,2775522d3ce2be6a188534d008853dd57f2b26714103340c7699c3a1bdb11c38,D:\gas_calibrator\_handoff\v1_5_formal_queue_migration_20260624\canonical_open_flow_points\co2_runner_queue.csv,4c0ceb5ddaff0c01b63d488ae09480dbc49dee1532d821d2b3871225a8e99b60,D:\gas_calibrator\_p9_20260704\pre_gas_readiness_6old_ready_for_co2_g1\v1_5_6old_co2_ready_config.json,981964d31397fe5f086015f5dc36201201e2a1823549bfe0fae8489ad1ef93d9,D:\gas_calibrator\_p9_20260704\co2_6old_mature45_ready_g1_dryrun,current6_20260704_co2_mature45_g1_dryrun,co2,45,0.0,0.0,True,"[""legacy_ratio_production""]",0,0,0,0,forbidden_source,False,10,"[""0624_source_forbidden"", ""dry_run_not_historical_route_evidence"", ""formal_route_readiness_not_pass"", ""manifest_contains_non_ok_point"", ""migration_source_forbidden"", ""point_component_qc_incomplete"", ""point_directories_incomplete"", ""point_samples_incomplete"", ""point_sidecars_incomplete"", ""queue_summary_not_finalized_clean""]",False
D:\gas_calibrator\_handoff\co2rv_old_0626_s13t1_r2\co2rv_old_s13t1_r2\queue_summary.json,ab13f729bfba6e8622ff9d8f81dae1bcfa73aabc43e0fb9a9c1849db7c5c3b07,D:\gas_calibrator\_handoff\co2rv_old_0626_s13t1_r2\co2rv_old_s13t1_r2\queue_manifest.csv,48eaf564fbdb192984efed9a15d4688178d35e24b1db292394f38e1ffbebbe96,D:\gas_calibrator\_handoff\co2rv_old_0626_s13t1_r2\queue.csv,9f66d763ca0824e63ecebf745ec40ee6e5982c9d88aaac0114227d5422630d66,D:\gas_calibrator\_handoff\runtime_configs\identity_bound_route_runtime_config_current6_20260624_r6_co2_ratio_gate_explicit_draft.json,e3830bf62a8e9181c1331482199e0c92a147387aefe4563b126964f152e7c516,D:\gas_calibrator\_handoff\co2rv_old_0626_s13t1_r2,co2rv_old_s13t1_r2,co2,3,3.0,0.0,False,[],3,3,3,0,forbidden_source,False,3,"[""0624_source_forbidden"", ""no_profile_matches_selected_point_count"", ""point_component_qc_incomplete""]",False
D:\gas_calibrator\_handoff\co2rv_s5_0627_after_s5_3dp\co2rv_s5_3dp_r1\queue_summary.json,f382167c29ee58cc5be56c04934dde2b621c8226010d2bfa5ba3a60a4e337704,D:\gas_calibrator\_handoff\co2rv_s5_0627_after_s5_3dp\co2rv_s5_3dp_r1\queue_manifest.csv,d85af149645b807f0c38f0e7d411441f5b4a4a31d2b1a6889d0df3f51544ac12,D:\gas_calibrator\_handoff\co2rv_s5_0626_r1\queue.csv,9f66d763ca0824e63ecebf745ec40ee6e5982c9d88aaac0114227d5422630d66,D:\gas_calibrator\_handoff\runtime_configs\identity_bound_route_runtime_config_current6_20260624_r6_co2_ratio_gate_explicit_draft.json,e3830bf62a8e9181c1331482199e0c92a147387aefe4563b126964f152e7c516,D:\gas_calibrator\_handoff\co2rv_s5_0627_after_s5_3dp,co2rv_s5_3dp_r1,co2,3,3.0,0.0,False,[],3,3,3,0,forbidden_source,False,3,"[""0624_source_forbidden"", ""no_profile_matches_selected_point_count"", ""point_component_qc_incomplete""]",False
D:\gas_calibrator\_handoff\v1_5_formal_route_real_20260625\h2o_postwrite_reverify_20260626\real\current6_20260626_h2o_postwrite_reverify_3pt_real\queue_summary.json,167f96dfe86b08f470cf10a265abe5d0515cead779031b91f4df6f1ecabccba4,D:\gas_calibrator\_handoff\v1_5_formal_route_real_20260625\h2o_postwrite_reverify_20260626\real\current6_20260626_h2o_postwrite_reverify_3pt_real\queue_manifest.csv,7c1e0080d5c5c511f3d3152ba92687b22641375aa47770864a58825c51b7897d,D:\gas_calibrator\_handoff\v1_5_formal_route_real_20260625\h2o_postwrite_reverify_20260626\h2o_postwrite_reverify_3pt_queue.csv,a7c2c625d07a5f95d106c1c78fc928662ad974c3167977403eb997576ada3b92,D:\gas_calibrator\_handoff\runtime_configs\identity_bound_route_runtime_config_current6_20260624_r6_co2_ratio_gate_explicit_draft.json,e3830bf62a8e9181c1331482199e0c92a147387aefe4563b126964f152e7c516,D:\gas_calibrator\_handoff\v1_5_formal_route_real_20260625\h2o_postwrite_reverify_20260626\real,current6_20260626_h2o_postwrite_reverify_3pt_real,h2o,3,3.0,0.0,False,[],3,3,3,3,forbidden_source,False,3,"[""0624_source_forbidden"", ""formal_route_readiness_not_pass"", ""no_profile_matches_selected_point_count""]",False
D:\gas_calibrator\_handoff\v1_5_formal_route_real_20260625\current6_20260626_temperature_senco78_neutral_restore_before_h2o_s24\mature_v15_reverify_profile_real\h2oq_31bacc4685\queue_summary.json,8611f198743556db208b61e7570ccdd7f31bf0e05b9c781094b8f4eda57130c3,D:\gas_calibrator\_handoff\v1_5_formal_route_real_20260625\current6_20260626_temperature_senco78_neutral_restore_before_h2o_s24\mature_v15_reverify_profile_real\h2oq_31bacc4685\queue_manifest.csv,6b2548884db587a0d1e3506a31d54608efedefaa8096b4e386b7548768105788,D:\gas_calibrator\_handoff\v1_5_formal_route_real_20260625\h2o_post_senco6_reverify_20260626\h2o_post_senco6_currentT_two_point_queue.csv,beebc0291d16f0d77ed2401b8996cab83ef998285a62505c3027ebf7d141d6aa,D:\gas_calibrator\_handoff\runtime_configs\identity_bound_route_runtime_config_current6_20260624_r6_co2_ratio_gate_explicit_draft.json,e3830bf62a8e9181c1331482199e0c92a147387aefe4563b126964f152e7c516,D:\gas_calibrator\_handoff\v1_5_formal_route_real_20260625\current6_20260626_temperature_senco78_neutral_restore_before_h2o_s24\mature_v15_reverify_profile_real,current6_20260626_h2o_mature_v15_2pt_reverify_real,h2o,2,2.0,0.0,False,[],2,2,2,2,forbidden_source,False,3,"[""0624_source_forbidden"", ""formal_route_readiness_not_pass"", ""no_profile_matches_selected_point_count""]",False
D:\gas_calibrator\_handoff\v1_5_formal_route_real_20260625\h2o_T30_from70_rel2pct_real\current6_20260626_h2o_T30_from70_rel2pct\queue_summary.json,da2675a71268f173c1601cb2dee041ef65a71a7d9236a3f96c5607f3be146e27,D:\gas_calibrator\_handoff\v1_5_formal_route_real_20260625\h2o_T30_from70_rel2pct_real\current6_20260626_h2o_T30_from70_rel2pct\queue_manifest.csv,8821856bdc476c73bd27b4475ff5e756d76aee1030a1c06f9b3dc05e73b2e42d,D:\gas_calibrator\_handoff\v1_5_formal_route_real_20260625\h2o_resume_20260625\h2o_runner_queue_T30_from70_rel2pct_20260626.csv,9224da0975b85bd352e7e5b1c33b8d4ae0ecb16242da808b3bc1d870ea61af50,D:\gas_calibrator\_handoff\runtime_configs\identity_bound_route_runtime_config_current6_20260624_r6_co2_ratio_gate_explicit_draft.json,e3830bf62a8e9181c1331482199e0c92a147387aefe4563b126964f152e7c516,D:\gas_calibrator\_handoff\v1_5_formal_route_real_20260625\h2o_T30_from70_rel2pct_real,current6_20260626_h2o_T30_from70_rel2pct,h2o,2,2.0,0.0,False,[],2,2,2,2,forbidden_source,False,3,"[""0624_source_forbidden"", ""formal_route_readiness_not_pass"", ""no_profile_matches_selected_point_count""]",False
D:\gas_calibrator\_handoff\v1_5_formal_route_real_20260625\h2o_T40_rel2pct_real\current6_20260626_h2o_T40_rel2pct\queue_summary.json,e9f855582242fc7044e61d5a7d4d2b313a3f2e02bbd2a84903487c6046fe818f,D:\gas_calibrator\_handoff\v1_5_formal_route_real_20260625\h2o_T40_rel2pct_real\current6_20260626_h2o_T40_rel2pct\queue_manifest.csv,676f316f7d14f0d2181375bf4c32469d9340e72d2933ce61ddd800d262285eff,D:\gas_calibrator\_handoff\v1_5_formal_route_real_20260625\h2o_resume_20260625\h2o_runner_queue_T40_rel2pct_20260626.csv,02af4138a42840a2a4e198d0cf69733ebdc6ec6d3154f3d255150616b503ece2,D:\gas_calibrator\_handoff\runtime_configs\identity_bound_route_runtime_config_current6_20260624_r6_co2_ratio_gate_explicit_draft.json,e3830bf62a8e9181c1331482199e0c92a147387aefe4563b126964f152e7c516,D:\gas_calibrator\_handoff\v1_5_formal_route_real_20260625\h2o_T40_rel2pct_real,current6_20260626_h2o_T40_rel2pct,h2o,2,2.0,0.0,False,[],2,2,2,2,forbidden_source,False,3,"[""0624_source_forbidden"", ""formal_route_readiness_not_pass"", ""no_profile_matches_selected_point_count""]",False
D:\gas_calibrator\_handoff\v1_5_formal_route_real_20260625\h2o_from_T10_resume_fit002_real\current6_20260625_h2o_T10_from50_fit002_resume1\queue_summary.json,4fe4c69b47545bd128af7af77483601f723199a6eed1681ba525dc282a21b2ff,D:\gas_calibrator\_handoff\v1_5_formal_route_real_20260625\h2o_from_T10_resume_fit002_real\current6_20260625_h2o_T10_from50_fit002_resume1\queue_manifest.csv,8d9d4056b62ebfbf5b717e7c0c8c9909de617f208114913146d9db23d57b2dc7,D:\gas_calibrator\_handoff\v1_5_formal_route_real_20260625\h2o_resume_20260625\h2o_runner_queue_T10_from50_20260625.csv,507f573a06b6e3f0f61bd3083b58a26b67bfad54c718ea91ac916e5b3ea570fe,D:\gas_calibrator\_handoff\runtime_configs\identity_bound_route_runtime_config_current6_20260624_r6_co2_ratio_gate_explicit_draft.json,e3830bf62a8e9181c1331482199e0c92a147387aefe4563b126964f152e7c516,D:\gas_calibrator\_handoff\v1_5_formal_route_real_20260625\h2o_from_T10_resume_fit002_real,current6_20260625_h2o_T10_from50_fit002_resume1,h2o,2,2.0,0.0,False,[],2,2,2,2,forbidden_source,False,3,"[""0624_source_forbidden"", ""formal_route_readiness_not_pass"", ""no_profile_matches_selected_point_count""]",False
D:\gas_calibrator\_handoff\v1_5_formal_route_real_20260625\h2o_post_senco6_reverify_20260626\real_r2_old_v15_gate\current6_20260626_h2o_post_senco6_currentT_low_old_v15_gate_real\queue_summary.json,0f5258c5d7d06bb776f1d26beda50a11e210446f4b53b4e87df92f69568052ca,D:\gas_calibrator\_handoff\v1_5_formal_route_real_20260625\h2o_post_senco6_reverify_20260626\real_r2_old_v15_gate\current6_20260626_h2o_post_senco6_currentT_low_old_v15_gate_real\queue_manifest.csv,9bbf806b01145c7324a1435badb13c68b2b6d2e70395c7baf9d73a00360ef1d1,D:\gas_calibrator\_handoff\v1_5_formal_route_real_20260625\h2o_post_senco6_reverify_20260626\h2o_post_senco6_currentT_two_point_queue.csv,beebc0291d16f0d77ed2401b8996cab83ef998285a62505c3027ebf7d141d6aa,D:\gas_calibrator\_handoff\runtime_configs\identity_bound_route_runtime_config_current6_20260624_r6_co2_ratio_gate_explicit_draft.json,e3830bf62a8e9181c1331482199e0c92a147387aefe4563b126964f152e7c516,D:\gas_calibrator\_handoff\v1_5_formal_route_real_20260625\h2o_post_senco6_reverify_20260626\real_r2_old_v15_gate,current6_20260626_h2o_post_senco6_currentT_low_old_v15_gate_real,h2o,1,1.0,0.0,False,[],1,1,1,1,forbidden_source,False,3,"[""0624_source_forbidden"", ""formal_route_readiness_not_pass"", ""no_profile_matches_selected_point_count""]",False
D:\gas_calibrator\_handoff\v1_5_formal_route_real_20260625\h2o_post_senco6_reverify_20260626\real_r3_old_v15_gate_high\current6_20260626_h2o_post_senco6_currentT_high_old_v15_gate_real\queue_summary.json,7920e0c8e5bdeececb06b5df60d22bd69a885539ebf17f834db2e29636042313,D:\gas_calibrator\_handoff\v1_5_formal_route_real_20260625\h2o_post_senco6_reverify_20260626\real_r3_old_v15_gate_high\current6_20260626_h2o_post_senco6_currentT_high_old_v15_gate_real\queue_manifest.csv,f21899b5d119a2964d047c218c81591aa7a06862dbbc491dbfd756592b2ba7f3,D:\gas_calibrator\_handoff\v1_5_formal_route_real_20260625\h2o_post_senco6_reverify_20260626\h2o_post_senco6_currentT_high_queue.csv,e7ba6b90a8978863ff6e3f4e2ee5ebc5265e4064975a4174a454436bb6fde601,D:\gas_calibrator\_handoff\runtime_configs\identity_bound_route_runtime_config_current6_20260624_r6_co2_ratio_gate_explicit_draft.json,e3830bf62a8e9181c1331482199e0c92a147387aefe4563b126964f152e7c516,D:\gas_calibrator\_handoff\v1_5_formal_route_real_20260625\h2o_post_senco6_reverify_20260626\real_r3_old_v15_gate_high,current6_20260626_h2o_post_senco6_currentT_high_old_v15_gate_real,h2o,1,1.0,0.0,False,[],1,1,1,1,forbidden_source,False,3,"[""0624_source_forbidden"", ""formal_route_readiness_not_pass"", ""no_profile_matches_selected_point_count""]",False
D:\gas_calibrator\_handoff\co2rv_s5_0626_r1\co2rv_s5_r1\queue_summary.json,1096122c359c8fd385a3da214f0765e9f6b97e506d3ad48325de7acb7e0a8453,D:\gas_calibrator\_handoff\co2rv_s5_0626_r1\co2rv_s5_r1\queue_manifest.csv,3dc76623fc0b069b2d4e9e40f1c1dde38e47f1b1cfb2eb97c026ad48f2a4da50,D:\gas_calibrator\_handoff\co2rv_s5_0626_r1\queue.csv,9f66d763ca0824e63ecebf745ec40ee6e5982c9d88aaac0114227d5422630d66,D:\gas_calibrator\_handoff\runtime_configs\identity_bound_route_runtime_config_current6_20260624_r6_co2_ratio_gate_explicit_draft.json,e3830bf62a8e9181c1331482199e0c92a147387aefe4563b126964f152e7c516,D:\gas_calibrator\_handoff\co2rv_s5_0626_r1,co2rv_s5_r1,co2,3,3.0,0.0,False,[],3,3,3,0,forbidden_source,False,4,"[""0624_source_forbidden"", ""duplicate_queue_summary_for_output_root"", ""no_profile_matches_selected_point_count"", ""point_component_qc_incomplete""]",False
D:\gas_calibrator\_handoff\v1_5_formal_route_real_20260625\h2o_short_gate_after_migration_real\queue_summary.json,6eab9059426cb8f2f2be0141bc3d588e17555be25b1158865adbeed06383abd8,D:\gas_calibrator\_handoff\v1_5_formal_route_real_20260625\h2o_short_gate_after_migration_real\queue_manifest.csv,d39481b859e8427ded1a6025f5ca5323a04ca06c0831ae040751fb1b73bd72fb,D:\gas_calibrator\_handoff\v1_5_formal_queue_migration_20260624\canonical_open_flow_points\h2o_runner_queue.csv,225194115924ab49b696d94f268d171e5441ddd7123500ff0c393337b67979bb,D:\gas_calibrator\_handoff\runtime_configs\identity_bound_route_runtime_config_current6_20260624_r6_co2_ratio_gate_explicit_draft.json,e3830bf62a8e9181c1331482199e0c92a147387aefe4563b126964f152e7c516,D:\gas_calibrator\_handoff\v1_5_formal_route_real_20260625\h2o_short_gate_after_migration_real,h2o_short_gate_after_migration_real,h2o,1,1.0,0.0,False,[],1,1,1,1,forbidden_source,False,4,"[""0624_source_forbidden"", ""formal_route_readiness_not_pass"", ""migration_source_forbidden"", ""no_profile_matches_selected_point_count""]",False
D:\gas_calibrator\_p9_20260706\h2o_state_transfer_diagnostic_25c_50rh_real_point_v1\h2o_state_transfer_diag_25c_50rh_v1\queue_summary.json,454e87ff05afee32cc1cb449fdf8f233129a4516f9a38a406f9d2df9b18396f3,D:\gas_calibrator\_p9_20260706\h2o_state_transfer_diagnostic_25c_50rh_real_point_v1\h2o_state_transfer_diag_25c_50rh_v1\queue_manifest.csv,9dc1718c109b31f73db95a68162305c8bdbe247eed19d5e77ed9ef2342e34c35,D:\gas_calibrator\_p9_20260706\h2o_state_transfer_diagnostic_25c_50rh_real_point_v1\h2o_state_transfer_diag_25c_50rh_queue.csv,80ccf88776d11db089380a80e33de92e042e9efc555561e96dd15ed1dc53f201,D:\gas_calibrator\_p9_20260704\pre_gas_readiness_6old_ready_for_co2_g1\v1_5_6old_co2_ready_config.json,981964d31397fe5f086015f5dc36201201e2a1823549bfe0fae8489ad1ef93d9,D:\gas_calibrator\_p9_20260706\h2o_state_transfer_diagnostic_25c_50rh_real_point_v1,h2o_state_transfer_diag_25c_50rh_v1,h2o,1,1.0,0.0,False,[],1,1,1,0,forbidden_source,False,4,"[""diagnostic_source_forbidden"", ""formal_route_readiness_not_pass"", ""no_profile_matches_selected_point_count"", ""point_component_qc_incomplete""]",False
D:\gas_calibrator\_handoff\v1_5_formal_route_real_20260625\current6_20260626_temperature_senco78_neutral_restore_before_h2o_s24\neutral_s678_reverify_no_temp_control_2pt_rerun\h2oq_397b9e73df\queue_summary.json,7025a9343a22063ad5c7e869568dceb275be5a75ff708f766bbb6456b1d6be4c,D:\gas_calibrator\_handoff\v1_5_formal_route_real_20260625\current6_20260626_temperature_senco78_neutral_restore_before_h2o_s24\neutral_s678_reverify_no_temp_control_2pt_rerun\h2oq_397b9e73df\queue_manifest.csv,2253fcabe7cb3b95304976198c69fac2742c3a722e2008d00e4a711900f75b0f,D:\gas_calibrator\_handoff\v1_5_formal_route_real_20260625\h2o_post_senco6_reverify_20260626\h2o_post_senco6_currentT_two_point_queue.csv,beebc0291d16f0d77ed2401b8996cab83ef998285a62505c3027ebf7d141d6aa,D:\gas_calibrator\_handoff\runtime_configs\identity_bound_route_runtime_config_current6_20260624_r6_co2_ratio_gate_explicit_draft.json,e3830bf62a8e9181c1331482199e0c92a147387aefe4563b126964f152e7c516,D:\gas_calibrator\_handoff\v1_5_formal_route_real_20260625\current6_20260626_temperature_senco78_neutral_restore_before_h2o_s24\neutral_s678_reverify_no_temp_control_2pt_rerun,current6_20260626_h2o_neutral_s678_currentT_2pt_no_temp_control_rerun_real,h2o,2,1.0,1.0,False,[],2,2,2,2,forbidden_source,False,5,"[""0624_source_forbidden"", ""formal_route_readiness_not_pass"", ""manifest_contains_non_ok_point"", ""no_profile_matches_selected_point_count"", ""queue_summary_not_finalized_clean""]",False
D:\gas_calibrator\_p9_20260706\h2o_state_transfer_diagnostic_25c_30rh_retry_v1\h2o_state_transfer_diag_25c_30rh_retry_v1\queue_summary.json,6ff03a20117fef14e0681449abcdc32999754bdad0cf922bdf079be2741b20c9,D:\gas_calibrator\_p9_20260706\h2o_state_transfer_diagnostic_25c_30rh_retry_v1\h2o_state_transfer_diag_25c_30rh_retry_v1\queue_manifest.csv,8191e710292e4c807c16e0050e6e277993c12050ad5f480b28b88087ecd7ade1,D:\gas_calibrator\_p9_20260706\h2o_state_transfer_diagnostic_25c_30rh_retry_v1\h2o_state_transfer_diag_25c_30rh_retry_queue.csv,27e9442393714a015f8761abca96862bcb5032b4d8c74cd159d823388e887512,D:\gas_calibrator\_p9_20260704\pre_gas_readiness_6old_ready_for_co2_g1\v1_5_6old_co2_ready_config.json,981964d31397fe5f086015f5dc36201201e2a1823549bfe0fae8489ad1ef93d9,D:\gas_calibrator\_p9_20260706\h2o_state_transfer_diagnostic_25c_30rh_retry_v1,h2o_state_transfer_diag_25c_30rh_retry_v1,h2o,1,1.0,0.0,False,[],1,1,1,0,forbidden_source,False,5,"[""diagnostic_source_forbidden"", ""formal_route_readiness_not_pass"", ""no_profile_matches_selected_point_count"", ""point_component_qc_incomplete"", ""retry_source_forbidden""]",False
D:\gas_calibrator\_handoff\v1_5_formal_route_real_20260624\current6_20260624_r7_real_nowrite\co2_segments\current6_20260624_r7_co2_T40_r2\queue_summary.json,1475c28429d8036ce7fb7c4d36abf2b3ef5844361334b032a39f455ef9abe125,,,D:\gas_calibrator\_handoff\v1_5_formal_queue_migration_20260624\canonical_open_flow_points\co2_runner_queue.csv,4c0ceb5ddaff0c01b63d488ae09480dbc49dee1532d821d2b3871225a8e99b60,D:\gas_calibrator\_handoff\runtime_configs\identity_bound_route_runtime_config_current6_20260624_r6_co2_ratio_gate_explicit_draft.json,e3830bf62a8e9181c1331482199e0c92a147387aefe4563b126964f152e7c516,D:\gas_calibrator\_handoff\v1_5_formal_route_real_20260624\current6_20260624_r7_real_nowrite\co2_segments,current6_20260624_r7_co2_T40_r2,co2,3,,,False,[],0,0,0,0,forbidden_source,False,6,"[""0624_source_forbidden"", ""manifest_row_count_mismatch"", ""migration_source_forbidden"", ""no_profile_matches_selected_point_count"", ""queue_manifest_missing"", ""queue_summary_not_finalized_clean""]",False
D:\gas_calibrator\_handoff\v1_5_formal_route_real_20260624\current6_20260626_co2_post_s13_t1_ready_subset_reverify_mature_v15_no_temp_control\current6_20260626_co2_post_s13_t1_ready_subset_reverify_mature_v15_no_temp_control_r1\queue_summary.json,d74604976fbf30a43ddacc6ee85e13fb937a4adaa7eb906bb0b20eef2f6ddb6d,,,D:\gas_calibrator\_handoff\v1_5_formal_route_real_20260624\current6_20260626_co2_post_s13_t1_ready_subset_reverify_mature_v15_no_temp_control\co2_s13_t1_ready_subset_postwrite_reverify_queue.csv,9f66d763ca0824e63ecebf745ec40ee6e5982c9d88aaac0114227d5422630d66,D:\gas_calibrator\_handoff\runtime_configs\identity_bound_route_runtime_config_current6_20260624_r6_co2_ratio_gate_explicit_draft.json,e3830bf62a8e9181c1331482199e0c92a147387aefe4563b126964f152e7c516,D:\gas_calibrator\_handoff\v1_5_formal_route_real_20260624\current6_20260626_co2_post_s13_t1_ready_subset_reverify_mature_v15_no_temp_control,current6_20260626_co2_post_s13_t1_ready_subset_reverify_mature_v15_no_temp_control_r1,co2,3,,,False,[],0,0,0,0,forbidden_source,False,6,"[""0624_source_forbidden"", ""formal_route_readiness_not_pass"", ""manifest_row_count_mismatch"", ""no_profile_matches_selected_point_count"", ""queue_manifest_missing"", ""queue_summary_not_finalized_clean""]",False
D:\gas_calibrator\_handoff\v1_5_formal_route_real_20260625\h2o_post_senco6_reverify_20260626\real\current6_20260626_h2o_post_senco6_currentT_2pt_real\queue_summary.json,003fce80459e59c97543b14fedcd23675b3b8aacebbeb5f33e9c41c1e76a2ec8,D:\gas_calibrator\_handoff\v1_5_formal_route_real_20260625\h2o_post_senco6_reverify_20260626\real\current6_20260626_h2o_post_senco6_currentT_2pt_real\queue_manifest.csv,f47ab629cb91b42105f935cfc1ffe52b191d27bb51e3d7310663c2e34993699a,D:\gas_calibrator\_handoff\v1_5_formal_route_real_20260625\h2o_post_senco6_reverify_20260626\h2o_post_senco6_currentT_two_point_queue.csv,beebc0291d16f0d77ed2401b8996cab83ef998285a62505c3027ebf7d141d6aa,D:\gas_calibrator\_handoff\runtime_configs\identity_bound_route_runtime_config_current6_20260624_r6_co2_ratio_gate_explicit_draft.json,e3830bf62a8e9181c1331482199e0c92a147387aefe4563b126964f152e7c516,D:\gas_calibrator\_handoff\v1_5_formal_route_real_20260625\h2o_post_senco6_reverify_20260626\real,current6_20260626_h2o_post_senco6_currentT_2pt_real,h2o,2,0.0,2.0,False,[],2,2,1,1,forbidden_source,False,7,"[""0624_source_forbidden"", ""formal_route_readiness_not_pass"", ""manifest_contains_non_ok_point"", ""no_profile_matches_selected_point_count"", ""point_component_qc_incomplete"", ""point_samples_incomplete"", ""queue_summary_not_finalized_clean""]",False
D:\gas_calibrator\_handoff\co2rv_0626_s13t1_r1\co2rv_s13t1_r1\queue_summary.json,039c8d4f7324190a81e862fbdbb81a3d69d9386125492b775f6484857ac03be3,D:\gas_calibrator\_handoff\co2rv_0626_s13t1_r1\co2rv_s13t1_r1\queue_manifest.csv,17dd3c001a9009a49c2f8064942b1ddff243528968e9f6d8957a44041b237f27,D:\gas_calibrator\_handoff\co2rv_0626_s13t1_r1\queue.csv,9f66d763ca0824e63ecebf745ec40ee6e5982c9d88aaac0114227d5422630d66,D:\gas_calibrator\_handoff\runtime_configs\identity_bound_route_runtime_config_current6_20260624_r6_co2_ratio_gate_explicit_draft.json,e3830bf62a8e9181c1331482199e0c92a147387aefe4563b126964f152e7c516,D:\gas_calibrator\_handoff\co2rv_0626_s13t1_r1,co2rv_s13t1_r1,co2,3,,,False,[],1,1,0,0,forbidden_source,False,7,"[""0624_source_forbidden"", ""manifest_contains_non_ok_point"", ""manifest_row_count_mismatch"", ""no_profile_matches_selected_point_count"", ""point_component_qc_incomplete"", ""point_samples_incomplete"", ""queue_summary_not_finalized_clean""]",False
D:\gas_calibrator\_handoff\v1_5_formal_route_real_20260625\h2o_T20_to_T40_fit002_real\current6_20260626_h2o_T20_to_T40_fit002\queue_summary.json,984b0aff69100b799adf239d55f33ffee60d2c8c9dc8c5d9424bb6e7136bf219,D:\gas_calibrator\_handoff\v1_5_formal_route_real_20260625\h2o_T20_to_T40_fit002_real\current6_20260626_h2o_T20_to_T40_fit002\queue_manifest.csv,e48be9ffb4cb553fd92f50f6e8c3a99219ee5a0e8383302f5d3d73537783be2e,D:\gas_calibrator\_handoff\v1_5_formal_route_real_20260625\h2o_resume_20260625\h2o_runner_queue_T20_to_T40_20260626.csv,c558177a3155ffb519e81fa4ffb9d20fc0cef63d33a63c90092545696fa529d4,D:\gas_calibrator\_handoff\runtime_configs\identity_bound_route_runtime_config_current6_20260624_r6_co2_ratio_gate_explicit_draft.json,e3830bf62a8e9181c1331482199e0c92a147387aefe4563b126964f152e7c516,D:\gas_calibrator\_handoff\v1_5_formal_route_real_20260625\h2o_T20_to_T40_fit002_real,current6_20260626_h2o_T20_to_T40_fit002,h2o,9,,,False,[],6,6,5,5,forbidden_source,False,8,"[""0624_source_forbidden"", ""formal_route_readiness_not_pass"", ""manifest_contains_non_ok_point"", ""manifest_row_count_mismatch"", ""no_profile_matches_selected_point_count"", ""point_component_qc_incomplete"", ""point_samples_incomplete"", ""queue_summary_not_finalized_clean""]",False
D:\gas_calibrator\_handoff\co2rv_s5_0626_r1\dryrun\queue_summary.json,5c918c08a16c6fb2cf03a588aa9271dc5f69ff9f20742de912affde4a1e125fb,D:\gas_calibrator\_handoff\co2rv_s5_0626_r1\dryrun\queue_manifest.csv,016d7846a40ce3cc18bb275030bbfde8df8b8bf5dd57505102d821b887c87471,D:\gas_calibrator\_handoff\co2rv_s5_0626_r1\queue.csv,9f66d763ca0824e63ecebf745ec40ee6e5982c9d88aaac0114227d5422630d66,D:\gas_calibrator\_handoff\runtime_configs\identity_bound_route_runtime_config_current6_20260624_r6_co2_ratio_gate_explicit_draft.json,e3830bf62a8e9181c1331482199e0c92a147387aefe4563b126964f152e7c516,D:\gas_calibrator\_handoff\co2rv_s5_0626_r1,dryrun,co2,3,0.0,0.0,True,[],3,3,3,0,forbidden_source,False,8,"[""0624_source_forbidden"", ""dry_run_not_historical_route_evidence"", ""duplicate_queue_summary_for_output_root"", ""formal_route_readiness_not_pass"", ""manifest_contains_non_ok_point"", ""no_profile_matches_selected_point_count"", ""point_component_qc_incomplete"", ""queue_summary_not_finalized_clean""]",False
D:\gas_calibrator\_handoff\v1_5_formal_route_real_20260625\current6_20260626_h2o_senco6_neutral_restore_after_failed_post_s6\neutral_s6_reverify_real_old_v15_gate_2pt\h2oq_bc57ece8d3\queue_summary.json,b86d1a1e46503be693b72fd854b5725aff98c051facd724e31dc4151aab17f7f,D:\gas_calibrator\_handoff\v1_5_formal_route_real_20260625\current6_20260626_h2o_senco6_neutral_restore_after_failed_post_s6\neutral_s6_reverify_real_old_v15_gate_2pt\h2oq_bc57ece8d3\queue_manifest.csv,9de11306ec27b9bad393becccc2625b4ae3a5eed4f348692e96a83c75443fa7c,D:\gas_calibrator\_handoff\v1_5_formal_route_real_20260625\h2o_post_senco6_reverify_20260626\h2o_post_senco6_currentT_two_point_queue.csv,beebc0291d16f0d77ed2401b8996cab83ef998285a62505c3027ebf7d141d6aa,D:\gas_calibrator\_handoff\runtime_configs\identity_bound_route_runtime_config_current6_20260624_r6_co2_ratio_gate_explicit_draft.json,e3830bf62a8e9181c1331482199e0c92a147387aefe4563b126964f152e7c516,D:\gas_calibrator\_handoff\v1_5_formal_route_real_20260625\current6_20260626_h2o_senco6_neutral_restore_after_failed_post_s6\neutral_s6_reverify_real_old_v15_gate_2pt,current6_20260626_h2o_neutral_s6_currentT_2pt_old_v15_gate_real,h2o,2,1.0,1.0,False,[],2,1,1,1,forbidden_source,False,8,"[""0624_source_forbidden"", ""formal_route_readiness_not_pass"", ""manifest_contains_non_ok_point"", ""no_profile_matches_selected_point_count"", ""point_component_qc_incomplete"", ""point_samples_incomplete"", ""point_sidecars_incomplete"", ""queue_summary_not_finalized_clean""]",False
D:\gas_calibrator\_handoff\v1_5_formal_route_real_20260625\h2o_from_T10_strict_v15_mature_real\current6_20260625_h2o_from_T10_strict_v15_mature_retry1\queue_summary.json,0a6e0a662955b7e44d602fbf8a4fd91e8ab4f12b13f34319ceb97db58bd570db,D:\gas_calibrator\_handoff\v1_5_formal_route_real_20260625\h2o_from_T10_strict_v15_mature_real\current6_20260625_h2o_from_T10_strict_v15_mature_retry1\queue_manifest.csv,355761f90007d1b8f20eb95119c0fb52056b5d7f23c21cfb78aa7881cc953299,D:\gas_calibrator\_handoff\v1_5_formal_queue_migration_20260624\canonical_open_flow_points\h2o_runner_queue.csv,225194115924ab49b696d94f268d171e5441ddd7123500ff0c393337b67979bb,D:\gas_calibrator\_handoff\runtime_configs\identity_bound_route_runtime_config_current6_20260624_r6_co2_ratio_gate_explicit_draft.json,e3830bf62a8e9181c1331482199e0c92a147387aefe4563b126964f152e7c516,D:\gas_calibrator\_handoff\v1_5_formal_route_real_20260625\h2o_from_T10_strict_v15_mature_real,current6_20260625_h2o_from_T10_strict_v15_mature_retry1,h2o,12,,,False,[],2,2,1,1,forbidden_source,False,9,"[""0624_source_forbidden"", ""formal_route_readiness_not_pass"", ""manifest_contains_non_ok_point"", ""manifest_row_count_mismatch"", ""migration_source_forbidden"", ""no_profile_matches_selected_point_count"", ""point_component_qc_incomplete"", ""point_samples_incomplete"", ""queue_summary_not_finalized_clean""]",False
D:\gas_calibrator\_handoff\v1_5_formal_route_real_20260625\current6_20260626_temperature_senco78_neutral_restore_before_h2o_s24\neutral_s678_reverify_no_temp_control_2pt\h2oq_227ac20bea\queue_summary.json,461b81ed106a63587d8f2e692ebda6f0e84f53b292708ce7cad9a18b8092b3f3,D:\gas_calibrator\_handoff\v1_5_formal_route_real_20260625\current6_20260626_temperature_senco78_neutral_restore_before_h2o_s24\neutral_s678_reverify_no_temp_control_2pt\h2oq_227ac20bea\queue_manifest.csv,8217354e019ad74589bc507e5673ee2ffa1357ef05957d034429255e9e6e721c,D:\gas_calibrator\_handoff\v1_5_formal_route_real_20260625\h2o_post_senco6_reverify_20260626\h2o_post_senco6_currentT_two_point_queue.csv,beebc0291d16f0d77ed2401b8996cab83ef998285a62505c3027ebf7d141d6aa,D:\gas_calibrator\_handoff\runtime_configs\identity_bound_route_runtime_config_current6_20260624_r6_co2_ratio_gate_explicit_draft.json,e3830bf62a8e9181c1331482199e0c92a147387aefe4563b126964f152e7c516,D:\gas_calibrator\_handoff\v1_5_formal_route_real_20260625\current6_20260626_temperature_senco78_neutral_restore_before_h2o_s24\neutral_s678_reverify_no_temp_control_2pt,current6_20260626_h2o_neutral_s678_currentT_2pt_no_temp_control_real,h2o,2,,,False,[],1,0,0,0,forbidden_source,False,9,"[""0624_source_forbidden"", ""formal_route_readiness_not_pass"", ""manifest_contains_non_ok_point"", ""manifest_row_count_mismatch"", ""no_profile_matches_selected_point_count"", ""point_component_qc_incomplete"", ""point_samples_incomplete"", ""point_sidecars_incomplete"", ""queue_summary_not_finalized_clean""]",False
D:\gas_calibrator\_handoff\v1_5_formal_route_real_20260625\current6_20260626_temperature_senco78_neutral_restore_before_h2o_s24\neutral_s678_reverify_no_temp_control_low_retry\h2oq_a537f79737\queue_summary.json,f76d09f15940a4b551fcc1caddb74fc2c5e5705113309b9a36e1adc05e319f2a,D:\gas_calibrator\_handoff\v1_5_formal_route_real_20260625\current6_20260626_temperature_senco78_neutral_restore_before_h2o_s24\neutral_s678_reverify_no_temp_control_low_retry\h2oq_a537f79737\queue_manifest.csv,b345334b54c270fe437e3ea54057594e5963d458c396bcad2e509615319e69e0,D:\gas_calibrator\_handoff\v1_5_formal_route_real_20260625\h2o_post_senco6_reverify_20260626\h2o_post_senco6_currentT_two_point_queue.csv,beebc0291d16f0d77ed2401b8996cab83ef998285a62505c3027ebf7d141d6aa,D:\gas_calibrator\_handoff\runtime_configs\identity_bound_route_runtime_config_current6_20260624_r6_co2_ratio_gate_explicit_draft.json,e3830bf62a8e9181c1331482199e0c92a147387aefe4563b126964f152e7c516,D:\gas_calibrator\_handoff\v1_5_formal_route_real_20260625\current6_20260626_temperature_senco78_neutral_restore_before_h2o_s24\neutral_s678_reverify_no_temp_control_low_retry,current6_20260626_h2o_neutral_s678_currentT_low_no_temp_control_retry_real,h2o,1,,,False,[],1,0,0,0,forbidden_source,False,9,"[""0624_source_forbidden"", ""formal_route_readiness_not_pass"", ""manifest_contains_non_ok_point"", ""no_profile_matches_selected_point_count"", ""point_component_qc_incomplete"", ""point_samples_incomplete"", ""point_sidecars_incomplete"", ""queue_summary_not_finalized_clean"", ""retry_source_forbidden""]",False
D:\gas_calibrator\_handoff\v1_5_formal_route_real_20260625\h2o_post_senco6_reverify_20260626\dry_run\current6_20260626_h2o_post_senco6_currentT_2pt_dry_run\queue_summary.json,a3f859b4f34af1b13d8a30ad9ecd3c926fb3992c6742913a6af79ccf73f7494e,D:\gas_calibrator\_handoff\v1_5_formal_route_real_20260625\h2o_post_senco6_reverify_20260626\dry_run\current6_20260626_h2o_post_senco6_currentT_2pt_dry_run\queue_manifest.csv,203d061e3496aff68f8b66b8393b0526d01fb4c93b1dec2a3d308c21a9c7447f,D:\gas_calibrator\_handoff\v1_5_formal_route_real_20260625\h2o_post_senco6_reverify_20260626\h2o_post_senco6_currentT_two_point_queue.csv,beebc0291d16f0d77ed2401b8996cab83ef998285a62505c3027ebf7d141d6aa,D:\gas_calibrator\_handoff\runtime_configs\identity_bound_route_runtime_config_current6_20260624_r6_co2_ratio_gate_explicit_draft.json,e3830bf62a8e9181c1331482199e0c92a147387aefe4563b126964f152e7c516,D:\gas_calibrator\_handoff\v1_5_formal_route_real_20260625\h2o_post_senco6_reverify_20260626\dry_run,current6_20260626_h2o_post_senco6_currentT_2pt_dry_run,h2o,2,0.0,0.0,True,[],0,0,0,0,forbidden_source,False,10,"[""0624_source_forbidden"", ""dry_run_not_historical_route_evidence"", ""formal_route_readiness_not_pass"", ""manifest_contains_non_ok_point"", ""no_profile_matches_selected_point_count"", ""point_component_qc_incomplete"", ""point_directories_incomplete"", ""point_samples_incomplete"", ""point_sidecars_incomplete"", ""queue_summary_not_finalized_clean""]",False
D:\gas_calibrator\_handoff\v1_5_formal_route_real_20260625\h2o_postwrite_reverify_20260626\dry_run\current6_20260626_h2o_postwrite_reverify_3pt_dry_run\queue_summary.json,24073b2d6b24adcfefbc89c80eafb7dc5821e0a967a33e7bed23e5f2a0916f6a,D:\gas_calibrator\_handoff\v1_5_formal_route_real_20260625\h2o_postwrite_reverify_20260626\dry_run\current6_20260626_h2o_postwrite_reverify_3pt_dry_run\queue_manifest.csv,3afffffe2a5b52fd991513786418ac4640762f4167bf307ab7140285fe6670a6,D:\gas_calibrator\_handoff\v1_5_formal_route_real_20260625\h2o_postwrite_reverify_20260626\h2o_postwrite_reverify_3pt_queue.csv,a7c2c625d07a5f95d106c1c78fc928662ad974c3167977403eb997576ada3b92,D:\gas_calibrator\_handoff\runtime_configs\identity_bound_route_runtime_config_current6_20260624_r6_co2_ratio_gate_explicit_draft.json,e3830bf62a8e9181c1331482199e0c92a147387aefe4563b126964f152e7c516,D:\gas_calibrator\_handoff\v1_5_formal_route_real_20260625\h2o_postwrite_reverify_20260626\dry_run,current6_20260626_h2o_postwrite_reverify_3pt_dry_run,h2o,3,0.0,0.0,True,[],0,0,0,0,forbidden_source,False,10,"[""0624_source_forbidden"", ""dry_run_not_historical_route_evidence"", ""formal_route_readiness_not_pass"", ""manifest_contains_non_ok_point"", ""no_profile_matches_selected_point_count"", ""point_component_qc_incomplete"", ""point_directories_incomplete"", ""point_samples_incomplete"", ""point_sidecars_incomplete"", ""queue_summary_not_finalized_clean""]",False
D:\gas_calibrator\_handoff\v1_5_formal_route_preflight_20260625\h2o_001_a_grade_check\h2o_001_a_grade_dryrun\queue_summary.json,d8416ea9ec233dde60a0ceede1f1e34d43b3d2f69d93c7e1472f58ec0640eb9e,D:\gas_calibrator\_handoff\v1_5_formal_route_preflight_20260625\h2o_001_a_grade_check\h2o_001_a_grade_dryrun\queue_manifest.csv,6325d607159c7fc90dbabb4fdae9453f251c391b2de4e3d03649999ddc51b271,D:\gas_calibrator\_handoff\v1_5_formal_queue_migration_20260624\canonical_open_flow_points\h2o_runner_queue.csv,225194115924ab49b696d94f268d171e5441ddd7123500ff0c393337b67979bb,D:\gas_calibrator\_handoff\runtime_configs\identity_bound_route_runtime_config_current6_20260624_r6_co2_ratio_gate_explicit_draft.json,e3830bf62a8e9181c1331482199e0c92a147387aefe4563b126964f152e7c516,D:\gas_calibrator\_handoff\v1_5_formal_route_preflight_20260625\h2o_001_a_grade_check,h2o_001_a_grade_dryrun,h2o,1,0.0,0.0,True,[],0,0,0,0,forbidden_source,False,11,"[""0624_source_forbidden"", ""dry_run_not_historical_route_evidence"", ""formal_route_readiness_not_pass"", ""manifest_contains_non_ok_point"", ""migration_source_forbidden"", ""no_profile_matches_selected_point_count"", ""point_component_qc_incomplete"", ""point_directories_incomplete"", ""point_samples_incomplete"", ""point_sidecars_incomplete"", ""queue_summary_not_finalized_clean""]",False
D:\gas_calibrator\_handoff\v1_5_formal_route_preflight_20260625\h2o_b_review_check\h2o_b_review_dryrun\queue_summary.json,c10a559be8ca9347c03449bc56ab5c83f06d3c82dcb330d791a5e7b2b2addea8,D:\gas_calibrator\_handoff\v1_5_formal_route_preflight_20260625\h2o_b_review_check\h2o_b_review_dryrun\queue_manifest.csv,011837f47502fa6c20692e69e3688b181f4320aeaaa44dd68f6758e6866a3382,D:\gas_calibrator\_handoff\v1_5_formal_queue_migration_20260624\canonical_open_flow_points\h2o_runner_queue.csv,225194115924ab49b696d94f268d171e5441ddd7123500ff0c393337b67979bb,D:\gas_calibrator\_handoff\runtime_configs\identity_bound_route_runtime_config_current6_20260624_r6_co2_ratio_gate_explicit_draft.json,e3830bf62a8e9181c1331482199e0c92a147387aefe4563b126964f152e7c516,D:\gas_calibrator\_handoff\v1_5_formal_route_preflight_20260625\h2o_b_review_check,h2o_b_review_dryrun,h2o,1,0.0,0.0,True,[],0,0,0,0,forbidden_source,False,11,"[""0624_source_forbidden"", ""dry_run_not_historical_route_evidence"", ""formal_route_readiness_not_pass"", ""manifest_contains_non_ok_point"", ""migration_source_forbidden"", ""no_profile_matches_selected_point_count"", ""point_component_qc_incomplete"", ""point_directories_incomplete"", ""point_samples_incomplete"", ""point_sidecars_incomplete"", ""queue_summary_not_finalized_clean""]",False
D:\gas_calibrator\_handoff\v1_5_formal_route_preflight_20260625\h2o_frame_audit_after_near_target\h2o_frame_audit_dryrun\queue_summary.json,37bf8607af68245205d161a1d9106b55d440c4570b65fe9f291b44cf43ac3223,D:\gas_calibrator\_handoff\v1_5_formal_route_preflight_20260625\h2o_frame_audit_after_near_target\h2o_frame_audit_dryrun\queue_manifest.csv,b0b46ac64fb6b10447995e1675bce9b5b8f9908900eb7664bb99a02e6bc6d128,D:\gas_calibrator\_handoff\v1_5_formal_queue_migration_20260624\canonical_open_flow_points\h2o_runner_queue.csv,225194115924ab49b696d94f268d171e5441ddd7123500ff0c393337b67979bb,D:\gas_calibrator\_handoff\runtime_configs\identity_bound_route_runtime_config_current6_20260624_r6_co2_ratio_gate_explicit_draft.json,e3830bf62a8e9181c1331482199e0c92a147387aefe4563b126964f152e7c516,D:\gas_calibrator\_handoff\v1_5_formal_route_preflight_20260625\h2o_frame_audit_after_near_target,h2o_frame_audit_dryrun,h2o,3,0.0,0.0,True,[],0,0,0,0,forbidden_source,False,11,"[""0624_source_forbidden"", ""dry_run_not_historical_route_evidence"", ""formal_route_readiness_not_pass"", ""manifest_contains_non_ok_point"", ""migration_source_forbidden"", ""no_profile_matches_selected_point_count"", ""point_component_qc_incomplete"", ""point_directories_incomplete"", ""point_samples_incomplete"", ""point_sidecars_incomplete"", ""queue_summary_not_finalized_clean""]",False
D:\gas_calibrator\_handoff\v1_5_formal_route_preflight_20260625\h2o_short_gate_after_migration\h2o_short_gate_after_migration_dryrun\queue_summary.json,adc6d9ec11882cbb77b4a1bff15f28c4603f613d08df8c7d01222d061db8e252,D:\gas_calibrator\_handoff\v1_5_formal_route_preflight_20260625\h2o_short_gate_after_migration\h2o_short_gate_after_migration_dryrun\queue_manifest.csv,fec0dc6a884fdb7cedf360c47f31d3383e60cec6c0ff5edfb31ee79a010a4fbf,D:\gas_calibrator\_handoff\v1_5_formal_queue_migration_20260624\canonical_open_flow_points\h2o_runner_queue.csv,225194115924ab49b696d94f268d171e5441ddd7123500ff0c393337b67979bb,D:\gas_calibrator\_handoff\runtime_configs\identity_bound_route_runtime_config_current6_20260624_r6_co2_ratio_gate_explicit_draft.json,e3830bf62a8e9181c1331482199e0c92a147387aefe4563b126964f152e7c516,D:\gas_calibrator\_handoff\v1_5_formal_route_preflight_20260625\h2o_short_gate_after_migration,h2o_short_gate_after_migration_dryrun,h2o,3,0.0,0.0,True,[],0,0,0,0,forbidden_source,False,11,"[""0624_source_forbidden"", ""dry_run_not_historical_route_evidence"", ""formal_route_readiness_not_pass"", ""manifest_contains_non_ok_point"", ""migration_source_forbidden"", ""no_profile_matches_selected_point_count"", ""point_component_qc_incomplete"", ""point_directories_incomplete"", ""point_samples_incomplete"", ""point_sidecars_incomplete"", ""queue_summary_not_finalized_clean""]",False
D:\gas_calibrator\_handoff\v1_5_formal_route_real_20260625\current6_20260626_temperature_senco78_neutral_restore_before_h2o_s24\mature_v15_reverify_profile_dry_run\current6_20260626_h2o_mature_v15_profile_dry_run\queue_summary.json,461bc09c2a8a82ec9821dec4a43dbba49d6f57d512a919872d8a9dde301ea95d,D:\gas_calibrator\_handoff\v1_5_formal_route_real_20260625\current6_20260626_temperature_senco78_neutral_restore_before_h2o_s24\mature_v15_reverify_profile_dry_run\current6_20260626_h2o_mature_v15_profile_dry_run\queue_manifest.csv,675bdb4db428ac26234006259e0ae5273d46d28f5461a74b8fd3568d13c7e397,D:\gas_calibrator\_handoff\v1_5_formal_route_real_20260625\h2o_post_senco6_reverify_20260626\h2o_post_senco6_currentT_two_point_queue.csv,beebc0291d16f0d77ed2401b8996cab83ef998285a62505c3027ebf7d141d6aa,D:\gas_calibrator\_handoff\runtime_configs\identity_bound_route_runtime_config_current6_20260624_r6_co2_ratio_gate_explicit_draft.json,e3830bf62a8e9181c1331482199e0c92a147387aefe4563b126964f152e7c516,D:\gas_calibrator\_handoff\v1_5_formal_route_real_20260625\current6_20260626_temperature_senco78_neutral_restore_before_h2o_s24\mature_v15_reverify_profile_dry_run,current6_20260626_h2o_mature_v15_profile_dry_run,h2o,2,0.0,0.0,True,[],0,0,0,0,forbidden_source,False,11,"[""0624_source_forbidden"", ""dry_run_not_historical_route_evidence"", ""duplicate_queue_summary_for_output_root"", ""formal_route_readiness_not_pass"", ""manifest_contains_non_ok_point"", ""no_profile_matches_selected_point_count"", ""point_component_qc_incomplete"", ""point_directories_incomplete"", ""point_samples_incomplete"", ""point_sidecars_incomplete"", ""queue_summary_not_finalized_clean""]",False
D:\gas_calibrator\_handoff\v1_5_formal_route_real_20260625\current6_20260626_temperature_senco78_neutral_restore_before_h2o_s24\mature_v15_reverify_profile_dry_run\h2oq_cc1ee4285d\queue_summary.json,1337fa41f0449ca381bd303bb82333c364d33c37b081d6f4cd7eaddea80fb4cb,D:\gas_calibrator\_handoff\v1_5_formal_route_real_20260625\current6_20260626_temperature_senco78_neutral_restore_before_h2o_s24\mature_v15_reverify_profile_dry_run\h2oq_cc1ee4285d\queue_manifest.csv,fb78b75d851b30119a80b8e41c7dad2c1d7ce0939a25ea522ffb492649670093,D:\gas_calibrator\_handoff\v1_5_formal_route_real_20260625\h2o_post_senco6_reverify_20260626\h2o_post_senco6_currentT_two_point_queue.csv,beebc0291d16f0d77ed2401b8996cab83ef998285a62505c3027ebf7d141d6aa,D:\gas_calibrator\_handoff\runtime_configs\identity_bound_route_runtime_config_current6_20260624_r6_co2_ratio_gate_explicit_draft.json,e3830bf62a8e9181c1331482199e0c92a147387aefe4563b126964f152e7c516,D:\gas_calibrator\_handoff\v1_5_formal_route_real_20260625\current6_20260626_temperature_senco78_neutral_restore_before_h2o_s24\mature_v15_reverify_profile_dry_run,current6_20260626_h2o_mature_v15_profile_dry_run,h2o,2,0.0,0.0,True,[],0,0,0,0,forbidden_source,False,11,"[""0624_source_forbidden"", ""dry_run_not_historical_route_evidence"", ""duplicate_queue_summary_for_output_root"", ""formal_route_readiness_not_pass"", ""manifest_contains_non_ok_point"", ""no_profile_matches_selected_point_count"", ""point_component_qc_incomplete"", ""point_directories_incomplete"", ""point_samples_incomplete"", ""point_sidecars_incomplete"", ""queue_summary_not_finalized_clean""]",False
