point_dir,route_kind,artifact_role,artifact_path,expected_size_bytes,actual_size_bytes,expected_sha256,actual_sha256,integrity_status
D:\gas_calibrator\_handoff\v1_5_formal_route_real_20260624\current6_20260624_r10_task_direct_continuous_nowrite\co2\p001_T40_0ppm_fit,co2,formal_open_flow_data_quality_by_analyzer.csv,D:\gas_calibrator\_handoff\v1_5_formal_route_real_20260624\current6_20260624_r10_task_direct_continuous_nowrite\co2\p001_T40_0ppm_fit\formal_open_flow_data_quality_by_analyzer.csv,891,891,912d563ad4d55b9ae6f7a1fd281bd08e91a539fd12d356036055938b62ad49ed,912d563ad4d55b9ae6f7a1fd281bd08e91a539fd12d356036055938b62ad49ed,match
D:\gas_calibrator\_handoff\v1_5_formal_route_real_20260624\current6_20260624_r10_task_direct_continuous_nowrite\co2\p001_T40_0ppm_fit,co2,formal_open_flow_route_timing.json,D:\gas_calibrator\_handoff\v1_5_formal_route_real_20260624\current6_20260624_r10_task_direct_continuous_nowrite\co2\p001_T40_0ppm_fit\formal_open_flow_route_timing.json,566,566,2adf219922f8f0677f7347e5af9330ecfb9c623215a76460facd3945cac39787,2adf219922f8f0677f7347e5af9330ecfb9c623215a76460facd3945cac39787,match
D:\gas_calibrator\_handoff\v1_5_formal_route_real_20260624\current6_20260624_r10_task_direct_continuous_nowrite\co2\p001_T40_0ppm_fit,co2,formal_open_flow_sidecar_metadata.json,D:\gas_calibrator\_handoff\v1_5_formal_route_real_20260624\current6_20260624_r10_task_direct_continuous_nowrite\co2\p001_T40_0ppm_fit\formal_open_flow_sidecar_metadata.json,1200,1200,ed2c5221f108aadf8ab56c1b5c07510a1aab26dae1723cec6d6a90e8373a1fc4,ed2c5221f108aadf8ab56c1b5c07510a1aab26dae1723cec6d6a90e8373a1fc4,match
D:\gas_calibrator\_handoff\v1_5_formal_route_real_20260624\current6_20260624_r10_task_direct_continuous_nowrite\co2\p001_T40_0ppm_fit,co2,frame_quality_summary.csv,D:\gas_calibrator\_handoff\v1_5_formal_route_real_20260624\current6_20260624_r10_task_direct_continuous_nowrite\co2\p001_T40_0ppm_fit\frame_quality_summary.csv,484,484,06554fea1aa002e0b9f84768a6cd2d4d99ddc773167bb5fe5d564d5117fc85fd,06554fea1aa002e0b9f84768a6cd2d4d99ddc773167bb5fe5d564d5117fc85fd,match
D:\gas_calibrator\_handoff\v1_5_formal_route_real_20260624\current6_20260624_r10_task_direct_continuous_nowrite\co2\p001_T40_0ppm_fit,co2,runtime_config_snapshot.json,D:\gas_calibrator\_handoff\v1_5_formal_route_real_20260624\current6_20260624_r10_task_direct_continuous_nowrite\co2\p001_T40_0ppm_fit\runtime_config_snapshot.json,50343,50343,afdf7fa4ab01fe68bdc4c20a29b48eddc668ba3ebb7bb80935d699387c3a3000,afdf7fa4ab01fe68bdc4c20a29b48eddc668ba3ebb7bb80935d699387c3a3000,match
D:\gas_calibrator\_handoff\v1_5_formal_route_real_20260624\current6_20260624_r10_task_direct_continuous_nowrite\co2\p001_T40_0ppm_fit,co2,samples_machine_readable.csv,D:\gas_calibrator\_handoff\v1_5_formal_route_real_20260624\current6_20260624_r10_task_direct_continuous_nowrite\co2\p001_T40_0ppm_fit\samples_machine_readable.csv,49680,49680,0d348ff41c6c8b6f06d40affe118a90969ff23745fbfc93c653e57e29d0c62d7,0d348ff41c6c8b6f06d40affe118a90969ff23745fbfc93c653e57e29d0c62d7,match
D:\gas_calibrator\_handoff\v1_5_formal_route_real_20260624\current6_20260624_r10_task_direct_continuous_nowrite\co2\p002_T40_400ppm_fit,co2,formal_open_flow_data_quality_by_analyzer.csv,D:\gas_calibrator\_handoff\v1_5_formal_route_real_20260624\current6_20260624_r10_task_direct_continuous_nowrite\co2\p002_T40_400ppm_fit\formal_open_flow_data_quality_by_analyzer.csv,854,854,d194db980dad9c051e343d2c7974da9c865537578a97c5a1eda485507eef73d0,d194db980dad9c051e343d2c7974da9c865537578a97c5a1eda485507eef73d0,match
D:\gas_calibrator\_handoff\v1_5_formal_route_real_20260624\current6_20260624_r10_task_direct_continuous_nowrite\co2\p002_T40_400ppm_fit,co2,formal_open_flow_route_timing.json,D:\gas_calibrator\_handoff\v1_5_formal_route_real_20260624\current6_20260624_r10_task_direct_continuous_nowrite\co2\p002_T40_400ppm_fit\formal_open_flow_route_timing.json,570,570,899a96c0966be6f3f1b54ba6d57e6199410975e453e6db71306cf97a1dc62967,899a96c0966be6f3f1b54ba6d57e6199410975e453e6db71306cf97a1dc62967,match
D:\gas_calibrator\_handoff\v1_5_formal_route_real_20260624\current6_20260624_r10_task_direct_continuous_nowrite\co2\p002_T40_400ppm_fit,co2,formal_open_flow_sidecar_metadata.json,D:\gas_calibrator\_handoff\v1_5_formal_route_real_20260624\current6_20260624_r10_task_direct_continuous_nowrite\co2\p002_T40_400ppm_fit\formal_open_flow_sidecar_metadata.json,1204,1204,6381162dd9e05cb53c1f08394b983e4eb0ff8e99a2056a352a4e35447b096032,6381162dd9e05cb53c1f08394b983e4eb0ff8e99a2056a352a4e35447b096032,match
D:\gas_calibrator\_handoff\v1_5_formal_route_real_20260624\current6_20260624_r10_task_direct_continuous_nowrite\co2\p002_T40_400ppm_fit,co2,frame_quality_summary.csv,D:\gas_calibrator\_handoff\v1_5_formal_route_real_20260624\current6_20260624_r10_task_direct_continuous_nowrite\co2\p002_T40_400ppm_fit\frame_quality_summary.csv,496,496,b2d6a75d3d5a8c329017d63140b0d5e91f14b08b4f3e43a129c75552fd42e6ab,b2d6a75d3d5a8c329017d63140b0d5e91f14b08b4f3e43a129c75552fd42e6ab,match
D:\gas_calibrator\_handoff\v1_5_formal_route_real_20260624\current6_20260624_r10_task_direct_continuous_nowrite\co2\p002_T40_400ppm_fit,co2,runtime_config_snapshot.json,D:\gas_calibrator\_handoff\v1_5_formal_route_real_20260624\current6_20260624_r10_task_direct_continuous_nowrite\co2\p002_T40_400ppm_fit\runtime_config_snapshot.json,50343,50343,afdf7fa4ab01fe68bdc4c20a29b48eddc668ba3ebb7bb80935d699387c3a3000,afdf7fa4ab01fe68bdc4c20a29b48eddc668ba3ebb7bb80935d699387c3a3000,match
D:\gas_calibrator\_handoff\v1_5_formal_route_real_20260624\current6_20260624_r10_task_direct_continuous_nowrite\co2\p002_T40_400ppm_fit,co2,samples_machine_readable.csv,D:\gas_calibrator\_handoff\v1_5_formal_route_real_20260624\current6_20260624_r10_task_direct_continuous_nowrite\co2\p002_T40_400ppm_fit\samples_machine_readable.csv,49901,49901,5ac9275d7fa6860daefb18065d33fd13a51c8b501f787907348462b52c344a48,5ac9275d7fa6860daefb18065d33fd13a51c8b501f787907348462b52c344a48,match
D:\gas_calibrator\_handoff\v1_5_formal_route_real_20260624\current6_20260624_r10_task_direct_continuous_nowrite\co2\p003_T40_1000ppm_fit,co2,formal_open_flow_data_quality_by_analyzer.csv,D:\gas_calibrator\_handoff\v1_5_formal_route_real_20260624\current6_20260624_r10_task_direct_continuous_nowrite\co2\p003_T40_1000ppm_fit\formal_open_flow_data_quality_by_analyzer.csv,891,891,498a624c39035b0348848339642360a7ce2b2f3fa9917418fa4686863d4fbe5b,498a624c39035b0348848339642360a7ce2b2f3fa9917418fa4686863d4fbe5b,match
D:\gas_calibrator\_handoff\v1_5_formal_route_real_20260624\current6_20260624_r10_task_direct_continuous_nowrite\co2\p003_T40_1000ppm_fit,co2,formal_open_flow_route_timing.json,D:\gas_calibrator\_handoff\v1_5_formal_route_real_20260624\current6_20260624_r10_task_direct_continuous_nowrite\co2\p003_T40_1000ppm_fit\formal_open_flow_route_timing.json,572,572,3245347b7e05496a7250cc969b5fd4eddd79accd17acd08b8c7f6cc6b1b53838,3245347b7e05496a7250cc969b5fd4eddd79accd17acd08b8c7f6cc6b1b53838,match
D:\gas_calibrator\_handoff\v1_5_formal_route_real_20260624\current6_20260624_r10_task_direct_continuous_nowrite\co2\p003_T40_1000ppm_fit,co2,formal_open_flow_sidecar_metadata.json,D:\gas_calibrator\_handoff\v1_5_formal_route_real_20260624\current6_20260624_r10_task_direct_continuous_nowrite\co2\p003_T40_1000ppm_fit\formal_open_flow_sidecar_metadata.json,1206,1206,bc2b03ea08e4aee88a92da187a24c7085334d2c7dde3f6bbc59e73418fb1cff4,bc2b03ea08e4aee88a92da187a24c7085334d2c7dde3f6bbc59e73418fb1cff4,match
D:\gas_calibrator\_handoff\v1_5_formal_route_real_20260624\current6_20260624_r10_task_direct_continuous_nowrite\co2\p003_T40_1000ppm_fit,co2,frame_quality_summary.csv,D:\gas_calibrator\_handoff\v1_5_formal_route_real_20260624\current6_20260624_r10_task_direct_continuous_nowrite\co2\p003_T40_1000ppm_fit\frame_quality_summary.csv,502,502,9b787f6de917d3508b8511e9eea38419ab6224df08d7772b531f1bd9ad36227c,9b787f6de917d3508b8511e9eea38419ab6224df08d7772b531f1bd9ad36227c,match
D:\gas_calibrator\_handoff\v1_5_formal_route_real_20260624\current6_20260624_r10_task_direct_continuous_nowrite\co2\p003_T40_1000ppm_fit,co2,runtime_config_snapshot.json,D:\gas_calibrator\_handoff\v1_5_formal_route_real_20260624\current6_20260624_r10_task_direct_continuous_nowrite\co2\p003_T40_1000ppm_fit\runtime_config_snapshot.json,50343,50343,afdf7fa4ab01fe68bdc4c20a29b48eddc668ba3ebb7bb80935d699387c3a3000,afdf7fa4ab01fe68bdc4c20a29b48eddc668ba3ebb7bb80935d699387c3a3000,match
D:\gas_calibrator\_handoff\v1_5_formal_route_real_20260624\current6_20260624_r10_task_direct_continuous_nowrite\co2\p003_T40_1000ppm_fit,co2,samples_machine_readable.csv,D:\gas_calibrator\_handoff\v1_5_formal_route_real_20260624\current6_20260624_r10_task_direct_continuous_nowrite\co2\p003_T40_1000ppm_fit\samples_machine_readable.csv,50010,50010,b4098a72382c00f25b2689df09a385169d190ae2a261ab9f9a39d5eeb0187d5a,b4098a72382c00f25b2689df09a385169d190ae2a261ab9f9a39d5eeb0187d5a,match
D:\gas_calibrator\_handoff\v1_5_formal_route_real_20260624\current6_20260624_r10_task_direct_continuous_nowrite\co2\p004_T30_0ppm_fit,co2,formal_open_flow_data_quality_by_analyzer.csv,D:\gas_calibrator\_handoff\v1_5_formal_route_real_20260624\current6_20260624_r10_task_direct_continuous_nowrite\co2\p004_T30_0ppm_fit\formal_open_flow_data_quality_by_analyzer.csv,815,815,2b0c9992f2d03ccef194fe047bbac15aa9f84aa507725f72d59c213fa47876eb,2b0c9992f2d03ccef194fe047bbac15aa9f84aa507725f72d59c213fa47876eb,match
D:\gas_calibrator\_handoff\v1_5_formal_route_real_20260624\current6_20260624_r10_task_direct_continuous_nowrite\co2\p004_T30_0ppm_fit,co2,formal_open_flow_route_timing.json,D:\gas_calibrator\_handoff\v1_5_formal_route_real_20260624\current6_20260624_r10_task_direct_continuous_nowrite\co2\p004_T30_0ppm_fit\formal_open_flow_route_timing.json,566,566,b3f0a7f7216b0bb327c89edabba0112dae0f53e4f7e066bef4bb71bef8b1c41f,b3f0a7f7216b0bb327c89edabba0112dae0f53e4f7e066bef4bb71bef8b1c41f,match
D:\gas_calibrator\_handoff\v1_5_formal_route_real_20260624\current6_20260624_r10_task_direct_continuous_nowrite\co2\p004_T30_0ppm_fit,co2,formal_open_flow_sidecar_metadata.json,D:\gas_calibrator\_handoff\v1_5_formal_route_real_20260624\current6_20260624_r10_task_direct_continuous_nowrite\co2\p004_T30_0ppm_fit\formal_open_flow_sidecar_metadata.json,1200,1200,6fb1a3a92f1a482ad8060e4f0c5993e32fc437bcb27a8122e397a3eea9ca5cf4,6fb1a3a92f1a482ad8060e4f0c5993e32fc437bcb27a8122e397a3eea9ca5cf4,match
D:\gas_calibrator\_handoff\v1_5_formal_route_real_20260624\current6_20260624_r10_task_direct_continuous_nowrite\co2\p004_T30_0ppm_fit,co2,frame_quality_summary.csv,D:\gas_calibrator\_handoff\v1_5_formal_route_real_20260624\current6_20260624_r10_task_direct_continuous_nowrite\co2\p004_T30_0ppm_fit\frame_quality_summary.csv,484,484,06554fea1aa002e0b9f84768a6cd2d4d99ddc773167bb5fe5d564d5117fc85fd,06554fea1aa002e0b9f84768a6cd2d4d99ddc773167bb5fe5d564d5117fc85fd,match
D:\gas_calibrator\_handoff\v1_5_formal_route_real_20260624\current6_20260624_r10_task_direct_continuous_nowrite\co2\p004_T30_0ppm_fit,co2,runtime_config_snapshot.json,D:\gas_calibrator\_handoff\v1_5_formal_route_real_20260624\current6_20260624_r10_task_direct_continuous_nowrite\co2\p004_T30_0ppm_fit\runtime_config_snapshot.json,50343,50343,afdf7fa4ab01fe68bdc4c20a29b48eddc668ba3ebb7bb80935d699387c3a3000,afdf7fa4ab01fe68bdc4c20a29b48eddc668ba3ebb7bb80935d699387c3a3000,match
D:\gas_calibrator\_handoff\v1_5_formal_route_real_20260624\current6_20260624_r10_task_direct_continuous_nowrite\co2\p004_T30_0ppm_fit,co2,samples_machine_readable.csv,D:\gas_calibrator\_handoff\v1_5_formal_route_real_20260624\current6_20260624_r10_task_direct_continuous_nowrite\co2\p004_T30_0ppm_fit\samples_machine_readable.csv,49662,49662,d61baa3c7a7cc3a66c0dfbfaf71ca0b4a899fe1f96b908d3fa3f79a9ec77bcc8,d61baa3c7a7cc3a66c0dfbfaf71ca0b4a899fe1f96b908d3fa3f79a9ec77bcc8,match
D:\gas_calibrator\_handoff\v1_5_formal_route_real_20260624\current6_20260624_r10_task_direct_continuous_nowrite\co2\p005_T30_100ppm_fit,co2,formal_open_flow_data_quality_by_analyzer.csv,D:\gas_calibrator\_handoff\v1_5_formal_route_real_20260624\current6_20260624_r10_task_direct_continuous_nowrite\co2\p005_T30_100ppm_fit\formal_open_flow_data_quality_by_analyzer.csv,891,891,38d235f489ec20c6912a1aacdf946e456e833c7e36294997ec04e7c30bcfb5e4,38d235f489ec20c6912a1aacdf946e456e833c7e36294997ec04e7c30bcfb5e4,match
D:\gas_calibrator\_handoff\v1_5_formal_route_real_20260624\current6_20260624_r10_task_direct_continuous_nowrite\co2\p005_T30_100ppm_fit,co2,formal_open_flow_route_timing.json,D:\gas_calibrator\_handoff\v1_5_formal_route_real_20260624\current6_20260624_r10_task_direct_continuous_nowrite\co2\p005_T30_100ppm_fit\formal_open_flow_route_timing.json,570,570,488664e60342ccbf5c7c260fc6df09b74274bda80091b002db69c52f6bfdebce,488664e60342ccbf5c7c260fc6df09b74274bda80091b002db69c52f6bfdebce,match
D:\gas_calibrator\_handoff\v1_5_formal_route_real_20260624\current6_20260624_r10_task_direct_continuous_nowrite\co2\p005_T30_100ppm_fit,co2,formal_open_flow_sidecar_metadata.json,D:\gas_calibrator\_handoff\v1_5_formal_route_real_20260624\current6_20260624_r10_task_direct_continuous_nowrite\co2\p005_T30_100ppm_fit\formal_open_flow_sidecar_metadata.json,1206,1206,08809af34cbb5e021919f7ac66a6964fd210261c898550612d0e7ac9b5a34a8a,08809af34cbb5e021919f7ac66a6964fd210261c898550612d0e7ac9b5a34a8a,match
D:\gas_calibrator\_handoff\v1_5_formal_route_real_20260624\current6_20260624_r10_task_direct_continuous_nowrite\co2\p005_T30_100ppm_fit,co2,frame_quality_summary.csv,D:\gas_calibrator\_handoff\v1_5_formal_route_real_20260624\current6_20260624_r10_task_direct_continuous_nowrite\co2\p005_T30_100ppm_fit\frame_quality_summary.csv,496,496,0f3e036d0150b9bf0a0c1b40e1d07f93d9b46589628899594d9ddb041a8f4b20,0f3e036d0150b9bf0a0c1b40e1d07f93d9b46589628899594d9ddb041a8f4b20,match
D:\gas_calibrator\_handoff\v1_5_formal_route_real_20260624\current6_20260624_r10_task_direct_continuous_nowrite\co2\p005_T30_100ppm_fit,co2,runtime_config_snapshot.json,D:\gas_calibrator\_handoff\v1_5_formal_route_real_20260624\current6_20260624_r10_task_direct_continuous_nowrite\co2\p005_T30_100ppm_fit\runtime_config_snapshot.json,50343,50343,afdf7fa4ab01fe68bdc4c20a29b48eddc668ba3ebb7bb80935d699387c3a3000,afdf7fa4ab01fe68bdc4c20a29b48eddc668ba3ebb7bb80935d699387c3a3000,match
D:\gas_calibrator\_handoff\v1_5_formal_route_real_20260624\current6_20260624_r10_task_direct_continuous_nowrite\co2\p005_T30_100ppm_fit,co2,samples_machine_readable.csv,D:\gas_calibrator\_handoff\v1_5_formal_route_real_20260624\current6_20260624_r10_task_direct_continuous_nowrite\co2\p005_T30_100ppm_fit\samples_machine_readable.csv,49885,49885,634e0a87c80eef0b3dd7e80cd07e463ab67f6a4595569fe618c89901a3767194,634e0a87c80eef0b3dd7e80cd07e463ab67f6a4595569fe618c89901a3767194,match
D:\gas_calibrator\_handoff\v1_5_formal_route_real_20260624\current6_20260624_r10_task_direct_continuous_nowrite\co2\p006_T30_200ppm_fit,co2,formal_open_flow_data_quality_by_analyzer.csv,D:\gas_calibrator\_handoff\v1_5_formal_route_real_20260624\current6_20260624_r10_task_direct_continuous_nowrite\co2\p006_T30_200ppm_fit\formal_open_flow_data_quality_by_analyzer.csv,906,906,aeb97f2067f34353f875e93e29523ab48d8b410105b27181e23d2e52c938143c,aeb97f2067f34353f875e93e29523ab48d8b410105b27181e23d2e52c938143c,match
D:\gas_calibrator\_handoff\v1_5_formal_route_real_20260624\current6_20260624_r10_task_direct_continuous_nowrite\co2\p006_T30_200ppm_fit,co2,formal_open_flow_route_timing.json,D:\gas_calibrator\_handoff\v1_5_formal_route_real_20260624\current6_20260624_r10_task_direct_continuous_nowrite\co2\p006_T30_200ppm_fit\formal_open_flow_route_timing.json,570,570,7fe242c657cc72d35b13464c4b6500d4644ac678a9c85986f1690fef037cec48,7fe242c657cc72d35b13464c4b6500d4644ac678a9c85986f1690fef037cec48,match
D:\gas_calibrator\_handoff\v1_5_formal_route_real_20260624\current6_20260624_r10_task_direct_continuous_nowrite\co2\p006_T30_200ppm_fit,co2,formal_open_flow_sidecar_metadata.json,D:\gas_calibrator\_handoff\v1_5_formal_route_real_20260624\current6_20260624_r10_task_direct_continuous_nowrite\co2\p006_T30_200ppm_fit\formal_open_flow_sidecar_metadata.json,1204,1204,06548ff800794e8db21fae5f20dd99904734e176c7f327236b6e7b8ca8519500,06548ff800794e8db21fae5f20dd99904734e176c7f327236b6e7b8ca8519500,match
D:\gas_calibrator\_handoff\v1_5_formal_route_real_20260624\current6_20260624_r10_task_direct_continuous_nowrite\co2\p006_T30_200ppm_fit,co2,frame_quality_summary.csv,D:\gas_calibrator\_handoff\v1_5_formal_route_real_20260624\current6_20260624_r10_task_direct_continuous_nowrite\co2\p006_T30_200ppm_fit\frame_quality_summary.csv,496,496,95cca7ba24f76f2696d2b9d37bae3ab8ee119db188c104a79cf51bdc426f8427,95cca7ba24f76f2696d2b9d37bae3ab8ee119db188c104a79cf51bdc426f8427,match
D:\gas_calibrator\_handoff\v1_5_formal_route_real_20260624\current6_20260624_r10_task_direct_continuous_nowrite\co2\p006_T30_200ppm_fit,co2,runtime_config_snapshot.json,D:\gas_calibrator\_handoff\v1_5_formal_route_real_20260624\current6_20260624_r10_task_direct_continuous_nowrite\co2\p006_T30_200ppm_fit\runtime_config_snapshot.json,50343,50343,afdf7fa4ab01fe68bdc4c20a29b48eddc668ba3ebb7bb80935d699387c3a3000,afdf7fa4ab01fe68bdc4c20a29b48eddc668ba3ebb7bb80935d699387c3a3000,match
D:\gas_calibrator\_handoff\v1_5_formal_route_real_20260624\current6_20260624_r10_task_direct_continuous_nowrite\co2\p006_T30_200ppm_fit,co2,samples_machine_readable.csv,D:\gas_calibrator\_handoff\v1_5_formal_route_real_20260624\current6_20260624_r10_task_direct_continuous_nowrite\co2\p006_T30_200ppm_fit\samples_machine_readable.csv,49887,49887,60bc8e7467407e985eec9595feef3af3c99b42793825dff0d4cc007c6a0eac3d,60bc8e7467407e985eec9595feef3af3c99b42793825dff0d4cc007c6a0eac3d,match
D:\gas_calibrator\_handoff\v1_5_formal_route_real_20260624\current6_20260624_r10_task_direct_continuous_nowrite\co2\p007_T30_300ppm_fit,co2,formal_open_flow_data_quality_by_analyzer.csv,D:\gas_calibrator\_handoff\v1_5_formal_route_real_20260624\current6_20260624_r10_task_direct_continuous_nowrite\co2\p007_T30_300ppm_fit\formal_open_flow_data_quality_by_analyzer.csv,881,881,606669bdae6eaf0999ffa27628cf6a396e73d3b23cc4b8814dc8c570ca59c19e,606669bdae6eaf0999ffa27628cf6a396e73d3b23cc4b8814dc8c570ca59c19e,match
D:\gas_calibrator\_handoff\v1_5_formal_route_real_20260624\current6_20260624_r10_task_direct_continuous_nowrite\co2\p007_T30_300ppm_fit,co2,formal_open_flow_route_timing.json,D:\gas_calibrator\_handoff\v1_5_formal_route_real_20260624\current6_20260624_r10_task_direct_continuous_nowrite\co2\p007_T30_300ppm_fit\formal_open_flow_route_timing.json,570,570,b70a5144190743c920ff19f78e20b997698fb0c4f31e7c214c807adc58ed4cd8,b70a5144190743c920ff19f78e20b997698fb0c4f31e7c214c807adc58ed4cd8,match
D:\gas_calibrator\_handoff\v1_5_formal_route_real_20260624\current6_20260624_r10_task_direct_continuous_nowrite\co2\p007_T30_300ppm_fit,co2,formal_open_flow_sidecar_metadata.json,D:\gas_calibrator\_handoff\v1_5_formal_route_real_20260624\current6_20260624_r10_task_direct_continuous_nowrite\co2\p007_T30_300ppm_fit\formal_open_flow_sidecar_metadata.json,1206,1206,a1f99039d8dab4db43b06da671dd21c905738a47882039b6fcdff26aa1565a9c,a1f99039d8dab4db43b06da671dd21c905738a47882039b6fcdff26aa1565a9c,match
D:\gas_calibrator\_handoff\v1_5_formal_route_real_20260624\current6_20260624_r10_task_direct_continuous_nowrite\co2\p007_T30_300ppm_fit,co2,frame_quality_summary.csv,D:\gas_calibrator\_handoff\v1_5_formal_route_real_20260624\current6_20260624_r10_task_direct_continuous_nowrite\co2\p007_T30_300ppm_fit\frame_quality_summary.csv,496,496,1657d7acc936a98bce8643ea7598551673b3f9cd8b765601036dd1f57cbf673b,1657d7acc936a98bce8643ea7598551673b3f9cd8b765601036dd1f57cbf673b,match
D:\gas_calibrator\_handoff\v1_5_formal_route_real_20260624\current6_20260624_r10_task_direct_continuous_nowrite\co2\p007_T30_300ppm_fit,co2,runtime_config_snapshot.json,D:\gas_calibrator\_handoff\v1_5_formal_route_real_20260624\current6_20260624_r10_task_direct_continuous_nowrite\co2\p007_T30_300ppm_fit\runtime_config_snapshot.json,50343,50343,afdf7fa4ab01fe68bdc4c20a29b48eddc668ba3ebb7bb80935d699387c3a3000,afdf7fa4ab01fe68bdc4c20a29b48eddc668ba3ebb7bb80935d699387c3a3000,match
D:\gas_calibrator\_handoff\v1_5_formal_route_real_20260624\current6_20260624_r10_task_direct_continuous_nowrite\co2\p007_T30_300ppm_fit,co2,samples_machine_readable.csv,D:\gas_calibrator\_handoff\v1_5_formal_route_real_20260624\current6_20260624_r10_task_direct_continuous_nowrite\co2\p007_T30_300ppm_fit\samples_machine_readable.csv,49904,49904,0ff6cbb38ba40a8f25b3427dfbf2d2d479c2884a78b919ebd462ce33f44e82b6,0ff6cbb38ba40a8f25b3427dfbf2d2d479c2884a78b919ebd462ce33f44e82b6,match
D:\gas_calibrator\_handoff\v1_5_formal_route_real_20260624\current6_20260624_r10_task_direct_continuous_nowrite\co2\p008_T30_400ppm_fit,co2,formal_open_flow_data_quality_by_analyzer.csv,D:\gas_calibrator\_handoff\v1_5_formal_route_real_20260624\current6_20260624_r10_task_direct_continuous_nowrite\co2\p008_T30_400ppm_fit\formal_open_flow_data_quality_by_analyzer.csv,907,907,e264d0f43845f4cb34bedfd94a6222b6036062cedeac403794c1ae8328718c8d,e264d0f43845f4cb34bedfd94a6222b6036062cedeac403794c1ae8328718c8d,match
D:\gas_calibrator\_handoff\v1_5_formal_route_real_20260624\current6_20260624_r10_task_direct_continuous_nowrite\co2\p008_T30_400ppm_fit,co2,formal_open_flow_route_timing.json,D:\gas_calibrator\_handoff\v1_5_formal_route_real_20260624\current6_20260624_r10_task_direct_continuous_nowrite\co2\p008_T30_400ppm_fit\formal_open_flow_route_timing.json,570,570,f3c34a6d15b93ac78b24da0edff36b38d106b0c96c6b42ab661a28820e02b41d,f3c34a6d15b93ac78b24da0edff36b38d106b0c96c6b42ab661a28820e02b41d,match
D:\gas_calibrator\_handoff\v1_5_formal_route_real_20260624\current6_20260624_r10_task_direct_continuous_nowrite\co2\p008_T30_400ppm_fit,co2,formal_open_flow_sidecar_metadata.json,D:\gas_calibrator\_handoff\v1_5_formal_route_real_20260624\current6_20260624_r10_task_direct_continuous_nowrite\co2\p008_T30_400ppm_fit\formal_open_flow_sidecar_metadata.json,1204,1204,17179eab00b2732310934e288a82d518e36ad9ad716f8e4d924ed064c83b630f,17179eab00b2732310934e288a82d518e36ad9ad716f8e4d924ed064c83b630f,match
D:\gas_calibrator\_handoff\v1_5_formal_route_real_20260624\current6_20260624_r10_task_direct_continuous_nowrite\co2\p008_T30_400ppm_fit,co2,frame_quality_summary.csv,D:\gas_calibrator\_handoff\v1_5_formal_route_real_20260624\current6_20260624_r10_task_direct_continuous_nowrite\co2\p008_T30_400ppm_fit\frame_quality_summary.csv,496,496,b2d6a75d3d5a8c329017d63140b0d5e91f14b08b4f3e43a129c75552fd42e6ab,b2d6a75d3d5a8c329017d63140b0d5e91f14b08b4f3e43a129c75552fd42e6ab,match
D:\gas_calibrator\_handoff\v1_5_formal_route_real_20260624\current6_20260624_r10_task_direct_continuous_nowrite\co2\p008_T30_400ppm_fit,co2,runtime_config_snapshot.json,D:\gas_calibrator\_handoff\v1_5_formal_route_real_20260624\current6_20260624_r10_task_direct_continuous_nowrite\co2\p008_T30_400ppm_fit\runtime_config_snapshot.json,50343,50343,afdf7fa4ab01fe68bdc4c20a29b48eddc668ba3ebb7bb80935d699387c3a3000,afdf7fa4ab01fe68bdc4c20a29b48eddc668ba3ebb7bb80935d699387c3a3000,match
D:\gas_calibrator\_handoff\v1_5_formal_route_real_20260624\current6_20260624_r10_task_direct_continuous_nowrite\co2\p008_T30_400ppm_fit,co2,samples_machine_readable.csv,D:\gas_calibrator\_handoff\v1_5_formal_route_real_20260624\current6_20260624_r10_task_direct_continuous_nowrite\co2\p008_T30_400ppm_fit\samples_machine_readable.csv,49931,49931,c347d8c604410c4b5db184b439e42a0942c13cf812bf182a3e564469a814b778,c347d8c604410c4b5db184b439e42a0942c13cf812bf182a3e564469a814b778,match
D:\gas_calibrator\_handoff\v1_5_formal_route_real_20260624\current6_20260624_r10_task_direct_continuous_nowrite\co2\p009_T30_500ppm_fit,co2,formal_open_flow_data_quality_by_analyzer.csv,D:\gas_calibrator\_handoff\v1_5_formal_route_real_20260624\current6_20260624_r10_task_direct_continuous_nowrite\co2\p009_T30_500ppm_fit\formal_open_flow_data_quality_by_analyzer.csv,873,873,412bdd63eb99f5aaa4a11d055047a5533c5481da6325e49eb5469792177aa451,412bdd63eb99f5aaa4a11d055047a5533c5481da6325e49eb5469792177aa451,match
D:\gas_calibrator\_handoff\v1_5_formal_route_real_20260624\current6_20260624_r10_task_direct_continuous_nowrite\co2\p009_T30_500ppm_fit,co2,formal_open_flow_route_timing.json,D:\gas_calibrator\_handoff\v1_5_formal_route_real_20260624\current6_20260624_r10_task_direct_continuous_nowrite\co2\p009_T30_500ppm_fit\formal_open_flow_route_timing.json,570,570,724d0ec1c21180c21f734b63ba1f4978ab8121ac190d5061bc2eaadc8db79457,724d0ec1c21180c21f734b63ba1f4978ab8121ac190d5061bc2eaadc8db79457,match
D:\gas_calibrator\_handoff\v1_5_formal_route_real_20260624\current6_20260624_r10_task_direct_continuous_nowrite\co2\p009_T30_500ppm_fit,co2,formal_open_flow_sidecar_metadata.json,D:\gas_calibrator\_handoff\v1_5_formal_route_real_20260624\current6_20260624_r10_task_direct_continuous_nowrite\co2\p009_T30_500ppm_fit\formal_open_flow_sidecar_metadata.json,1206,1206,ab50d853930fa2be783a40d8effc8e75224b7323441d2f1dd727f57aedda2538,ab50d853930fa2be783a40d8effc8e75224b7323441d2f1dd727f57aedda2538,match
D:\gas_calibrator\_handoff\v1_5_formal_route_real_20260624\current6_20260624_r10_task_direct_continuous_nowrite\co2\p009_T30_500ppm_fit,co2,frame_quality_summary.csv,D:\gas_calibrator\_handoff\v1_5_formal_route_real_20260624\current6_20260624_r10_task_direct_continuous_nowrite\co2\p009_T30_500ppm_fit\frame_quality_summary.csv,496,496,3d6cc48a2136684baeab58782b97381e7ec7997577fc412ff7b50c15982b4a44,3d6cc48a2136684baeab58782b97381e7ec7997577fc412ff7b50c15982b4a44,match
D:\gas_calibrator\_handoff\v1_5_formal_route_real_20260624\current6_20260624_r10_task_direct_continuous_nowrite\co2\p009_T30_500ppm_fit,co2,runtime_config_snapshot.json,D:\gas_calibrator\_handoff\v1_5_formal_route_real_20260624\current6_20260624_r10_task_direct_continuous_nowrite\co2\p009_T30_500ppm_fit\runtime_config_snapshot.json,50343,50343,afdf7fa4ab01fe68bdc4c20a29b48eddc668ba3ebb7bb80935d699387c3a3000,afdf7fa4ab01fe68bdc4c20a29b48eddc668ba3ebb7bb80935d699387c3a3000,match
D:\gas_calibrator\_handoff\v1_5_formal_route_real_20260624\current6_20260624_r10_task_direct_continuous_nowrite\co2\p009_T30_500ppm_fit,co2,samples_machine_readable.csv,D:\gas_calibrator\_handoff\v1_5_formal_route_real_20260624\current6_20260624_r10_task_direct_continuous_nowrite\co2\p009_T30_500ppm_fit\samples_machine_readable.csv,49938,49938,4a880a0d4269f3d67f771a73910bb9a7914840129fd890543bbf5bdd80d14fff,4a880a0d4269f3d67f771a73910bb9a7914840129fd890543bbf5bdd80d14fff,match
D:\gas_calibrator\_handoff\v1_5_formal_route_real_20260624\current6_20260624_r10_task_direct_continuous_nowrite\co2\p010_T30_600ppm_fit,co2,formal_open_flow_data_quality_by_analyzer.csv,D:\gas_calibrator\_handoff\v1_5_formal_route_real_20260624\current6_20260624_r10_task_direct_continuous_nowrite\co2\p010_T30_600ppm_fit\formal_open_flow_data_quality_by_analyzer.csv,908,908,a0564fb6e7eb76c7c58676fc044fd7923d08a0b17d3701ec100d430def9dd958,a0564fb6e7eb76c7c58676fc044fd7923d08a0b17d3701ec100d430def9dd958,match
D:\gas_calibrator\_handoff\v1_5_formal_route_real_20260624\current6_20260624_r10_task_direct_continuous_nowrite\co2\p010_T30_600ppm_fit,co2,formal_open_flow_route_timing.json,D:\gas_calibrator\_handoff\v1_5_formal_route_real_20260624\current6_20260624_r10_task_direct_continuous_nowrite\co2\p010_T30_600ppm_fit\formal_open_flow_route_timing.json,570,570,b30a8dc9633ab1b38ea8384afd0c0f07d20311ec06ae304f365225ca4ec713b0,b30a8dc9633ab1b38ea8384afd0c0f07d20311ec06ae304f365225ca4ec713b0,match
D:\gas_calibrator\_handoff\v1_5_formal_route_real_20260624\current6_20260624_r10_task_direct_continuous_nowrite\co2\p010_T30_600ppm_fit,co2,formal_open_flow_sidecar_metadata.json,D:\gas_calibrator\_handoff\v1_5_formal_route_real_20260624\current6_20260624_r10_task_direct_continuous_nowrite\co2\p010_T30_600ppm_fit\formal_open_flow_sidecar_metadata.json,1204,1204,271fde6662821bf219e5009e3e72a0314057867e167d328af19cf0f8bd1b0f18,271fde6662821bf219e5009e3e72a0314057867e167d328af19cf0f8bd1b0f18,match
D:\gas_calibrator\_handoff\v1_5_formal_route_real_20260624\current6_20260624_r10_task_direct_continuous_nowrite\co2\p010_T30_600ppm_fit,co2,frame_quality_summary.csv,D:\gas_calibrator\_handoff\v1_5_formal_route_real_20260624\current6_20260624_r10_task_direct_continuous_nowrite\co2\p010_T30_600ppm_fit\frame_quality_summary.csv,496,496,3c53606d724a0267c87ea865ced6feacd6c0c8a90956c623e79e4ccdff1bb699,3c53606d724a0267c87ea865ced6feacd6c0c8a90956c623e79e4ccdff1bb699,match
D:\gas_calibrator\_handoff\v1_5_formal_route_real_20260624\current6_20260624_r10_task_direct_continuous_nowrite\co2\p010_T30_600ppm_fit,co2,runtime_config_snapshot.json,D:\gas_calibrator\_handoff\v1_5_formal_route_real_20260624\current6_20260624_r10_task_direct_continuous_nowrite\co2\p010_T30_600ppm_fit\runtime_config_snapshot.json,50343,50343,afdf7fa4ab01fe68bdc4c20a29b48eddc668ba3ebb7bb80935d699387c3a3000,afdf7fa4ab01fe68bdc4c20a29b48eddc668ba3ebb7bb80935d699387c3a3000,match
D:\gas_calibrator\_handoff\v1_5_formal_route_real_20260624\current6_20260624_r10_task_direct_continuous_nowrite\co2\p010_T30_600ppm_fit,co2,samples_machine_readable.csv,D:\gas_calibrator\_handoff\v1_5_formal_route_real_20260624\current6_20260624_r10_task_direct_continuous_nowrite\co2\p010_T30_600ppm_fit\samples_machine_readable.csv,49894,49894,6b12390612d3294297103800dbf517af92695e15024f7eca723ec8ec04db042a,6b12390612d3294297103800dbf517af92695e15024f7eca723ec8ec04db042a,match
D:\gas_calibrator\_handoff\v1_5_formal_route_real_20260624\current6_20260624_r10_task_direct_continuous_nowrite\co2\p011_T30_700ppm_fit,co2,formal_open_flow_data_quality_by_analyzer.csv,D:\gas_calibrator\_handoff\v1_5_formal_route_real_20260624\current6_20260624_r10_task_direct_continuous_nowrite\co2\p011_T30_700ppm_fit\formal_open_flow_data_quality_by_analyzer.csv,907,907,3f629131889058716225d41837567958997d8f00a852e7e3a8cb0c9fd680cb2d,3f629131889058716225d41837567958997d8f00a852e7e3a8cb0c9fd680cb2d,match
D:\gas_calibrator\_handoff\v1_5_formal_route_real_20260624\current6_20260624_r10_task_direct_continuous_nowrite\co2\p011_T30_700ppm_fit,co2,formal_open_flow_route_timing.json,D:\gas_calibrator\_handoff\v1_5_formal_route_real_20260624\current6_20260624_r10_task_direct_continuous_nowrite\co2\p011_T30_700ppm_fit\formal_open_flow_route_timing.json,570,570,c67d8e2d319d81b6781bb0a1c3d3b9664143851ee2b207224b4eab95d0a4ec11,c67d8e2d319d81b6781bb0a1c3d3b9664143851ee2b207224b4eab95d0a4ec11,match
D:\gas_calibrator\_handoff\v1_5_formal_route_real_20260624\current6_20260624_r10_task_direct_continuous_nowrite\co2\p011_T30_700ppm_fit,co2,formal_open_flow_sidecar_metadata.json,D:\gas_calibrator\_handoff\v1_5_formal_route_real_20260624\current6_20260624_r10_task_direct_continuous_nowrite\co2\p011_T30_700ppm_fit\formal_open_flow_sidecar_metadata.json,1206,1206,05b13faa1ff6cd0ee8f2789ec8e1e3c31090da50819fa7de7ab58f279250de98,05b13faa1ff6cd0ee8f2789ec8e1e3c31090da50819fa7de7ab58f279250de98,match
D:\gas_calibrator\_handoff\v1_5_formal_route_real_20260624\current6_20260624_r10_task_direct_continuous_nowrite\co2\p011_T30_700ppm_fit,co2,frame_quality_summary.csv,D:\gas_calibrator\_handoff\v1_5_formal_route_real_20260624\current6_20260624_r10_task_direct_continuous_nowrite\co2\p011_T30_700ppm_fit\frame_quality_summary.csv,496,496,c60f36a2615ba738698e5fbc1441c61522a28d6dbd40d433fcc76d249272d65c,c60f36a2615ba738698e5fbc1441c61522a28d6dbd40d433fcc76d249272d65c,match
D:\gas_calibrator\_handoff\v1_5_formal_route_real_20260624\current6_20260624_r10_task_direct_continuous_nowrite\co2\p011_T30_700ppm_fit,co2,runtime_config_snapshot.json,D:\gas_calibrator\_handoff\v1_5_formal_route_real_20260624\current6_20260624_r10_task_direct_continuous_nowrite\co2\p011_T30_700ppm_fit\runtime_config_snapshot.json,50343,50343,afdf7fa4ab01fe68bdc4c20a29b48eddc668ba3ebb7bb80935d699387c3a3000,afdf7fa4ab01fe68bdc4c20a29b48eddc668ba3ebb7bb80935d699387c3a3000,match
D:\gas_calibrator\_handoff\v1_5_formal_route_real_20260624\current6_20260624_r10_task_direct_continuous_nowrite\co2\p011_T30_700ppm_fit,co2,samples_machine_readable.csv,D:\gas_calibrator\_handoff\v1_5_formal_route_real_20260624\current6_20260624_r10_task_direct_continuous_nowrite\co2\p011_T30_700ppm_fit\samples_machine_readable.csv,49928,49928,74df18b6c79754de8f9bfea183886b7d0bc79203315b4061911d1d1f929f5cde,74df18b6c79754de8f9bfea183886b7d0bc79203315b4061911d1d1f929f5cde,match
D:\gas_calibrator\_handoff\v1_5_formal_route_real_20260624\current6_20260624_r10_task_direct_continuous_nowrite\co2\p012_T30_800ppm_fit,co2,formal_open_flow_data_quality_by_analyzer.csv,D:\gas_calibrator\_handoff\v1_5_formal_route_real_20260624\current6_20260624_r10_task_direct_continuous_nowrite\co2\p012_T30_800ppm_fit\formal_open_flow_data_quality_by_analyzer.csv,870,870,0890a2e8b146e9381c0d63c41c1aaa6b3722acc8d97ab5993ebf18aca97dcd7c,0890a2e8b146e9381c0d63c41c1aaa6b3722acc8d97ab5993ebf18aca97dcd7c,match
D:\gas_calibrator\_handoff\v1_5_formal_route_real_20260624\current6_20260624_r10_task_direct_continuous_nowrite\co2\p012_T30_800ppm_fit,co2,formal_open_flow_route_timing.json,D:\gas_calibrator\_handoff\v1_5_formal_route_real_20260624\current6_20260624_r10_task_direct_continuous_nowrite\co2\p012_T30_800ppm_fit\formal_open_flow_route_timing.json,570,570,e2f525d88ce192c9133bd8e834535242c10fe426929bf10cf556086f830c1145,e2f525d88ce192c9133bd8e834535242c10fe426929bf10cf556086f830c1145,match
D:\gas_calibrator\_handoff\v1_5_formal_route_real_20260624\current6_20260624_r10_task_direct_continuous_nowrite\co2\p012_T30_800ppm_fit,co2,formal_open_flow_sidecar_metadata.json,D:\gas_calibrator\_handoff\v1_5_formal_route_real_20260624\current6_20260624_r10_task_direct_continuous_nowrite\co2\p012_T30_800ppm_fit\formal_open_flow_sidecar_metadata.json,1204,1204,826e5a8baf91b5cbea4b9a57b30f93416904023b961aaa1adb08ecc166f2789f,826e5a8baf91b5cbea4b9a57b30f93416904023b961aaa1adb08ecc166f2789f,match
D:\gas_calibrator\_handoff\v1_5_formal_route_real_20260624\current6_20260624_r10_task_direct_continuous_nowrite\co2\p012_T30_800ppm_fit,co2,frame_quality_summary.csv,D:\gas_calibrator\_handoff\v1_5_formal_route_real_20260624\current6_20260624_r10_task_direct_continuous_nowrite\co2\p012_T30_800ppm_fit\frame_quality_summary.csv,496,496,dc2ef38fe636c30fcdb63e1b35a710399e0a47c705261267521df5e388307a2c,dc2ef38fe636c30fcdb63e1b35a710399e0a47c705261267521df5e388307a2c,match
D:\gas_calibrator\_handoff\v1_5_formal_route_real_20260624\current6_20260624_r10_task_direct_continuous_nowrite\co2\p012_T30_800ppm_fit,co2,runtime_config_snapshot.json,D:\gas_calibrator\_handoff\v1_5_formal_route_real_20260624\current6_20260624_r10_task_direct_continuous_nowrite\co2\p012_T30_800ppm_fit\runtime_config_snapshot.json,50343,50343,afdf7fa4ab01fe68bdc4c20a29b48eddc668ba3ebb7bb80935d699387c3a3000,afdf7fa4ab01fe68bdc4c20a29b48eddc668ba3ebb7bb80935d699387c3a3000,match
D:\gas_calibrator\_handoff\v1_5_formal_route_real_20260624\current6_20260624_r10_task_direct_continuous_nowrite\co2\p012_T30_800ppm_fit,co2,samples_machine_readable.csv,D:\gas_calibrator\_handoff\v1_5_formal_route_real_20260624\current6_20260624_r10_task_direct_continuous_nowrite\co2\p012_T30_800ppm_fit\samples_machine_readable.csv,49922,49922,6232eab76c56688d6d17c65553cea7b8b80de231705fee311c3924f037dc0155,6232eab76c56688d6d17c65553cea7b8b80de231705fee311c3924f037dc0155,match
D:\gas_calibrator\_handoff\v1_5_formal_route_real_20260624\current6_20260624_r10_task_direct_continuous_nowrite\co2\p013_T30_900ppm_fit,co2,formal_open_flow_data_quality_by_analyzer.csv,D:\gas_calibrator\_handoff\v1_5_formal_route_real_20260624\current6_20260624_r10_task_direct_continuous_nowrite\co2\p013_T30_900ppm_fit\formal_open_flow_data_quality_by_analyzer.csv,944,944,658785dfac125a89f23e898ce239a66a3f03820fa46b2a830658577b952d5f6c,658785dfac125a89f23e898ce239a66a3f03820fa46b2a830658577b952d5f6c,match
D:\gas_calibrator\_handoff\v1_5_formal_route_real_20260624\current6_20260624_r10_task_direct_continuous_nowrite\co2\p013_T30_900ppm_fit,co2,formal_open_flow_route_timing.json,D:\gas_calibrator\_handoff\v1_5_formal_route_real_20260624\current6_20260624_r10_task_direct_continuous_nowrite\co2\p013_T30_900ppm_fit\formal_open_flow_route_timing.json,570,570,cad9c7613021bc8656f55d12e6628420a8af665c4c2454e38e62d06c44b99595,cad9c7613021bc8656f55d12e6628420a8af665c4c2454e38e62d06c44b99595,match
D:\gas_calibrator\_handoff\v1_5_formal_route_real_20260624\current6_20260624_r10_task_direct_continuous_nowrite\co2\p013_T30_900ppm_fit,co2,formal_open_flow_sidecar_metadata.json,D:\gas_calibrator\_handoff\v1_5_formal_route_real_20260624\current6_20260624_r10_task_direct_continuous_nowrite\co2\p013_T30_900ppm_fit\formal_open_flow_sidecar_metadata.json,1206,1206,c7981d091bc789fa87531f52d1702efc6884d823caaf0e5707e2d0cbf186ee1c,c7981d091bc789fa87531f52d1702efc6884d823caaf0e5707e2d0cbf186ee1c,match
D:\gas_calibrator\_handoff\v1_5_formal_route_real_20260624\current6_20260624_r10_task_direct_continuous_nowrite\co2\p013_T30_900ppm_fit,co2,frame_quality_summary.csv,D:\gas_calibrator\_handoff\v1_5_formal_route_real_20260624\current6_20260624_r10_task_direct_continuous_nowrite\co2\p013_T30_900ppm_fit\frame_quality_summary.csv,496,496,73d2c30fba303cceba4da408aef1b95a006a3c950db8b8d0d23fa93cb22e4c8a,73d2c30fba303cceba4da408aef1b95a006a3c950db8b8d0d23fa93cb22e4c8a,match
D:\gas_calibrator\_handoff\v1_5_formal_route_real_20260624\current6_20260624_r10_task_direct_continuous_nowrite\co2\p013_T30_900ppm_fit,co2,runtime_config_snapshot.json,D:\gas_calibrator\_handoff\v1_5_formal_route_real_20260624\current6_20260624_r10_task_direct_continuous_nowrite\co2\p013_T30_900ppm_fit\runtime_config_snapshot.json,50343,50343,afdf7fa4ab01fe68bdc4c20a29b48eddc668ba3ebb7bb80935d699387c3a3000,afdf7fa4ab01fe68bdc4c20a29b48eddc668ba3ebb7bb80935d699387c3a3000,match
D:\gas_calibrator\_handoff\v1_5_formal_route_real_20260624\current6_20260624_r10_task_direct_continuous_nowrite\co2\p013_T30_900ppm_fit,co2,samples_machine_readable.csv,D:\gas_calibrator\_handoff\v1_5_formal_route_real_20260624\current6_20260624_r10_task_direct_continuous_nowrite\co2\p013_T30_900ppm_fit\samples_machine_readable.csv,49978,49978,377f382c73fa49c88612875c53fe3606622bdb23e1de843bf4fe10986c81c14e,377f382c73fa49c88612875c53fe3606622bdb23e1de843bf4fe10986c81c14e,match
D:\gas_calibrator\_handoff\v1_5_formal_route_real_20260624\current6_20260624_r10_task_direct_continuous_nowrite\co2\p014_T30_1000ppm_fit,co2,formal_open_flow_data_quality_by_analyzer.csv,D:\gas_calibrator\_handoff\v1_5_formal_route_real_20260624\current6_20260624_r10_task_direct_continuous_nowrite\co2\p014_T30_1000ppm_fit\formal_open_flow_data_quality_by_analyzer.csv,869,869,c4f8a74e8063a292b2bb4fada4cbc84afc6706478d6ac418450d1da543caacc4,c4f8a74e8063a292b2bb4fada4cbc84afc6706478d6ac418450d1da543caacc4,match
D:\gas_calibrator\_handoff\v1_5_formal_route_real_20260624\current6_20260624_r10_task_direct_continuous_nowrite\co2\p014_T30_1000ppm_fit,co2,formal_open_flow_route_timing.json,D:\gas_calibrator\_handoff\v1_5_formal_route_real_20260624\current6_20260624_r10_task_direct_continuous_nowrite\co2\p014_T30_1000ppm_fit\formal_open_flow_route_timing.json,572,572,994846749a64967b887f97bed96ad663bd63983b858a891172e86dd24b17ab44,994846749a64967b887f97bed96ad663bd63983b858a891172e86dd24b17ab44,match
D:\gas_calibrator\_handoff\v1_5_formal_route_real_20260624\current6_20260624_r10_task_direct_continuous_nowrite\co2\p014_T30_1000ppm_fit,co2,formal_open_flow_sidecar_metadata.json,D:\gas_calibrator\_handoff\v1_5_formal_route_real_20260624\current6_20260624_r10_task_direct_continuous_nowrite\co2\p014_T30_1000ppm_fit\formal_open_flow_sidecar_metadata.json,1206,1206,344b41a2c6de67eb306c23351204ad7c1d6c2996233ce9ee40553528c78b9b89,344b41a2c6de67eb306c23351204ad7c1d6c2996233ce9ee40553528c78b9b89,match
D:\gas_calibrator\_handoff\v1_5_formal_route_real_20260624\current6_20260624_r10_task_direct_continuous_nowrite\co2\p014_T30_1000ppm_fit,co2,frame_quality_summary.csv,D:\gas_calibrator\_handoff\v1_5_formal_route_real_20260624\current6_20260624_r10_task_direct_continuous_nowrite\co2\p014_T30_1000ppm_fit\frame_quality_summary.csv,502,502,9b787f6de917d3508b8511e9eea38419ab6224df08d7772b531f1bd9ad36227c,9b787f6de917d3508b8511e9eea38419ab6224df08d7772b531f1bd9ad36227c,match
D:\gas_calibrator\_handoff\v1_5_formal_route_real_20260624\current6_20260624_r10_task_direct_continuous_nowrite\co2\p014_T30_1000ppm_fit,co2,runtime_config_snapshot.json,D:\gas_calibrator\_handoff\v1_5_formal_route_real_20260624\current6_20260624_r10_task_direct_continuous_nowrite\co2\p014_T30_1000ppm_fit\runtime_config_snapshot.json,50343,50343,afdf7fa4ab01fe68bdc4c20a29b48eddc668ba3ebb7bb80935d699387c3a3000,afdf7fa4ab01fe68bdc4c20a29b48eddc668ba3ebb7bb80935d699387c3a3000,match
D:\gas_calibrator\_handoff\v1_5_formal_route_real_20260624\current6_20260624_r10_task_direct_continuous_nowrite\co2\p014_T30_1000ppm_fit,co2,samples_machine_readable.csv,D:\gas_calibrator\_handoff\v1_5_formal_route_real_20260624\current6_20260624_r10_task_direct_continuous_nowrite\co2\p014_T30_1000ppm_fit\samples_machine_readable.csv,50009,50009,22843efa3dd09289bfb6a8faf35101611d402a9a0535b200e9c756f9b1c8ef20,22843efa3dd09289bfb6a8faf35101611d402a9a0535b200e9c756f9b1c8ef20,match
D:\gas_calibrator\_handoff\v1_5_formal_route_real_20260624\current6_20260624_r10_task_direct_continuous_nowrite\co2\p015_T20_0ppm_fit,co2,formal_open_flow_data_quality_by_analyzer.csv,D:\gas_calibrator\_handoff\v1_5_formal_route_real_20260624\current6_20260624_r10_task_direct_continuous_nowrite\co2\p015_T20_0ppm_fit\formal_open_flow_data_quality_by_analyzer.csv,928,928,9fb6bfb02f3330d135eba06a8b4cf6395caf355fe65d90c70ae1d15d0ee20265,9fb6bfb02f3330d135eba06a8b4cf6395caf355fe65d90c70ae1d15d0ee20265,match
D:\gas_calibrator\_handoff\v1_5_formal_route_real_20260624\current6_20260624_r10_task_direct_continuous_nowrite\co2\p015_T20_0ppm_fit,co2,formal_open_flow_route_timing.json,D:\gas_calibrator\_handoff\v1_5_formal_route_real_20260624\current6_20260624_r10_task_direct_continuous_nowrite\co2\p015_T20_0ppm_fit\formal_open_flow_route_timing.json,566,566,e0c28edeb27a8c01a7b5eca3e0fd43a1f289d9ac6081f45a31d6650e3fc8e996,e0c28edeb27a8c01a7b5eca3e0fd43a1f289d9ac6081f45a31d6650e3fc8e996,match
D:\gas_calibrator\_handoff\v1_5_formal_route_real_20260624\current6_20260624_r10_task_direct_continuous_nowrite\co2\p015_T20_0ppm_fit,co2,formal_open_flow_sidecar_metadata.json,D:\gas_calibrator\_handoff\v1_5_formal_route_real_20260624\current6_20260624_r10_task_direct_continuous_nowrite\co2\p015_T20_0ppm_fit\formal_open_flow_sidecar_metadata.json,1200,1200,7415ebff754d0a2b7bcddbeb112ecc18ef7fef2fe4e5204b389846e1f7ac73d0,7415ebff754d0a2b7bcddbeb112ecc18ef7fef2fe4e5204b389846e1f7ac73d0,match
D:\gas_calibrator\_handoff\v1_5_formal_route_real_20260624\current6_20260624_r10_task_direct_continuous_nowrite\co2\p015_T20_0ppm_fit,co2,frame_quality_summary.csv,D:\gas_calibrator\_handoff\v1_5_formal_route_real_20260624\current6_20260624_r10_task_direct_continuous_nowrite\co2\p015_T20_0ppm_fit\frame_quality_summary.csv,484,484,06554fea1aa002e0b9f84768a6cd2d4d99ddc773167bb5fe5d564d5117fc85fd,06554fea1aa002e0b9f84768a6cd2d4d99ddc773167bb5fe5d564d5117fc85fd,match
D:\gas_calibrator\_handoff\v1_5_formal_route_real_20260624\current6_20260624_r10_task_direct_continuous_nowrite\co2\p015_T20_0ppm_fit,co2,runtime_config_snapshot.json,D:\gas_calibrator\_handoff\v1_5_formal_route_real_20260624\current6_20260624_r10_task_direct_continuous_nowrite\co2\p015_T20_0ppm_fit\runtime_config_snapshot.json,50343,50343,afdf7fa4ab01fe68bdc4c20a29b48eddc668ba3ebb7bb80935d699387c3a3000,afdf7fa4ab01fe68bdc4c20a29b48eddc668ba3ebb7bb80935d699387c3a3000,match
D:\gas_calibrator\_handoff\v1_5_formal_route_real_20260624\current6_20260624_r10_task_direct_continuous_nowrite\co2\p015_T20_0ppm_fit,co2,samples_machine_readable.csv,D:\gas_calibrator\_handoff\v1_5_formal_route_real_20260624\current6_20260624_r10_task_direct_continuous_nowrite\co2\p015_T20_0ppm_fit\samples_machine_readable.csv,49722,49722,a26fe95a9b5e30aa6d53ce301a66fd3dd9e193e4f8d60782d4716129307a9516,a26fe95a9b5e30aa6d53ce301a66fd3dd9e193e4f8d60782d4716129307a9516,match
D:\gas_calibrator\_handoff\v1_5_formal_route_real_20260624\current6_20260624_r10_task_direct_continuous_nowrite\co2\p016_T20_100ppm_fit,co2,formal_open_flow_data_quality_by_analyzer.csv,D:\gas_calibrator\_handoff\v1_5_formal_route_real_20260624\current6_20260624_r10_task_direct_continuous_nowrite\co2\p016_T20_100ppm_fit\formal_open_flow_data_quality_by_analyzer.csv,906,906,996bc387998518081b4abe773a49ab3654d43916200dab093c6512e19734d337,996bc387998518081b4abe773a49ab3654d43916200dab093c6512e19734d337,match
D:\gas_calibrator\_handoff\v1_5_formal_route_real_20260624\current6_20260624_r10_task_direct_continuous_nowrite\co2\p016_T20_100ppm_fit,co2,formal_open_flow_route_timing.json,D:\gas_calibrator\_handoff\v1_5_formal_route_real_20260624\current6_20260624_r10_task_direct_continuous_nowrite\co2\p016_T20_100ppm_fit\formal_open_flow_route_timing.json,570,570,3554c58269b52d41c1b8c348c4177fc6674f434f22a5c547fdb0615a602e010e,3554c58269b52d41c1b8c348c4177fc6674f434f22a5c547fdb0615a602e010e,match
D:\gas_calibrator\_handoff\v1_5_formal_route_real_20260624\current6_20260624_r10_task_direct_continuous_nowrite\co2\p016_T20_100ppm_fit,co2,formal_open_flow_sidecar_metadata.json,D:\gas_calibrator\_handoff\v1_5_formal_route_real_20260624\current6_20260624_r10_task_direct_continuous_nowrite\co2\p016_T20_100ppm_fit\formal_open_flow_sidecar_metadata.json,1206,1206,78810c1e3bda84ea195032022327ff6cc0f47b05574735074e81f170d52e011f,78810c1e3bda84ea195032022327ff6cc0f47b05574735074e81f170d52e011f,match
D:\gas_calibrator\_handoff\v1_5_formal_route_real_20260624\current6_20260624_r10_task_direct_continuous_nowrite\co2\p016_T20_100ppm_fit,co2,frame_quality_summary.csv,D:\gas_calibrator\_handoff\v1_5_formal_route_real_20260624\current6_20260624_r10_task_direct_continuous_nowrite\co2\p016_T20_100ppm_fit\frame_quality_summary.csv,496,496,0f3e036d0150b9bf0a0c1b40e1d07f93d9b46589628899594d9ddb041a8f4b20,0f3e036d0150b9bf0a0c1b40e1d07f93d9b46589628899594d9ddb041a8f4b20,match
D:\gas_calibrator\_handoff\v1_5_formal_route_real_20260624\current6_20260624_r10_task_direct_continuous_nowrite\co2\p016_T20_100ppm_fit,co2,runtime_config_snapshot.json,D:\gas_calibrator\_handoff\v1_5_formal_route_real_20260624\current6_20260624_r10_task_direct_continuous_nowrite\co2\p016_T20_100ppm_fit\runtime_config_snapshot.json,50343,50343,afdf7fa4ab01fe68bdc4c20a29b48eddc668ba3ebb7bb80935d699387c3a3000,afdf7fa4ab01fe68bdc4c20a29b48eddc668ba3ebb7bb80935d699387c3a3000,match
D:\gas_calibrator\_handoff\v1_5_formal_route_real_20260624\current6_20260624_r10_task_direct_continuous_nowrite\co2\p016_T20_100ppm_fit,co2,samples_machine_readable.csv,D:\gas_calibrator\_handoff\v1_5_formal_route_real_20260624\current6_20260624_r10_task_direct_continuous_nowrite\co2\p016_T20_100ppm_fit\samples_machine_readable.csv,49908,49908,317170dd825631747b1846b4608f3bb1a0efa0bc830d02533703b6983802266a,317170dd825631747b1846b4608f3bb1a0efa0bc830d02533703b6983802266a,match
D:\gas_calibrator\_handoff\v1_5_formal_route_real_20260624\current6_20260624_r10_task_direct_continuous_nowrite\co2\p017_T20_200ppm_fit,co2,formal_open_flow_data_quality_by_analyzer.csv,D:\gas_calibrator\_handoff\v1_5_formal_route_real_20260624\current6_20260624_r10_task_direct_continuous_nowrite\co2\p017_T20_200ppm_fit\formal_open_flow_data_quality_by_analyzer.csv,907,907,bfc49a806e3d3d42b7e77d367d5dbffa36e8916b5dd1d900696757f77b722296,bfc49a806e3d3d42b7e77d367d5dbffa36e8916b5dd1d900696757f77b722296,match
D:\gas_calibrator\_handoff\v1_5_formal_route_real_20260624\current6_20260624_r10_task_direct_continuous_nowrite\co2\p017_T20_200ppm_fit,co2,formal_open_flow_route_timing.json,D:\gas_calibrator\_handoff\v1_5_formal_route_real_20260624\current6_20260624_r10_task_direct_continuous_nowrite\co2\p017_T20_200ppm_fit\formal_open_flow_route_timing.json,570,570,f86f79903c2e36986e8b9e60bf43beeea3994e8a2750a38c02ff3e93bd85f702,f86f79903c2e36986e8b9e60bf43beeea3994e8a2750a38c02ff3e93bd85f702,match
D:\gas_calibrator\_handoff\v1_5_formal_route_real_20260624\current6_20260624_r10_task_direct_continuous_nowrite\co2\p017_T20_200ppm_fit,co2,formal_open_flow_sidecar_metadata.json,D:\gas_calibrator\_handoff\v1_5_formal_route_real_20260624\current6_20260624_r10_task_direct_continuous_nowrite\co2\p017_T20_200ppm_fit\formal_open_flow_sidecar_metadata.json,1204,1204,fc5be651750678203101bd7a0dd6ade9d05a3e094d487ac7dfb0a0fbeb736f2a,fc5be651750678203101bd7a0dd6ade9d05a3e094d487ac7dfb0a0fbeb736f2a,match
D:\gas_calibrator\_handoff\v1_5_formal_route_real_20260624\current6_20260624_r10_task_direct_continuous_nowrite\co2\p017_T20_200ppm_fit,co2,frame_quality_summary.csv,D:\gas_calibrator\_handoff\v1_5_formal_route_real_20260624\current6_20260624_r10_task_direct_continuous_nowrite\co2\p017_T20_200ppm_fit\frame_quality_summary.csv,496,496,95cca7ba24f76f2696d2b9d37bae3ab8ee119db188c104a79cf51bdc426f8427,95cca7ba24f76f2696d2b9d37bae3ab8ee119db188c104a79cf51bdc426f8427,match
D:\gas_calibrator\_handoff\v1_5_formal_route_real_20260624\current6_20260624_r10_task_direct_continuous_nowrite\co2\p017_T20_200ppm_fit,co2,runtime_config_snapshot.json,D:\gas_calibrator\_handoff\v1_5_formal_route_real_20260624\current6_20260624_r10_task_direct_continuous_nowrite\co2\p017_T20_200ppm_fit\runtime_config_snapshot.json,50343,50343,afdf7fa4ab01fe68bdc4c20a29b48eddc668ba3ebb7bb80935d699387c3a3000,afdf7fa4ab01fe68bdc4c20a29b48eddc668ba3ebb7bb80935d699387c3a3000,match
D:\gas_calibrator\_handoff\v1_5_formal_route_real_20260624\current6_20260624_r10_task_direct_continuous_nowrite\co2\p017_T20_200ppm_fit,co2,samples_machine_readable.csv,D:\gas_calibrator\_handoff\v1_5_formal_route_real_20260624\current6_20260624_r10_task_direct_continuous_nowrite\co2\p017_T20_200ppm_fit\samples_machine_readable.csv,49923,49923,04a7789de16eb0d3f19ec84b4cb4ba8fe8326bb5cbce375c968f0d16e8e89e25,04a7789de16eb0d3f19ec84b4cb4ba8fe8326bb5cbce375c968f0d16e8e89e25,match
D:\gas_calibrator\_handoff\v1_5_formal_route_real_20260624\current6_20260624_r10_task_direct_continuous_nowrite\co2\p018_T20_300ppm_fit,co2,formal_open_flow_data_quality_by_analyzer.csv,D:\gas_calibrator\_handoff\v1_5_formal_route_real_20260624\current6_20260624_r10_task_direct_continuous_nowrite\co2\p018_T20_300ppm_fit\formal_open_flow_data_quality_by_analyzer.csv,881,881,69c9c5be13153d52c527f98d4fea759055f037215282cf91336e250797fa5350,69c9c5be13153d52c527f98d4fea759055f037215282cf91336e250797fa5350,match
D:\gas_calibrator\_handoff\v1_5_formal_route_real_20260624\current6_20260624_r10_task_direct_continuous_nowrite\co2\p018_T20_300ppm_fit,co2,formal_open_flow_route_timing.json,D:\gas_calibrator\_handoff\v1_5_formal_route_real_20260624\current6_20260624_r10_task_direct_continuous_nowrite\co2\p018_T20_300ppm_fit\formal_open_flow_route_timing.json,570,570,dab7c587b88250d8f58bc02aa641938bb3c4de493dd84255b82493ebb351e703,dab7c587b88250d8f58bc02aa641938bb3c4de493dd84255b82493ebb351e703,match
D:\gas_calibrator\_handoff\v1_5_formal_route_real_20260624\current6_20260624_r10_task_direct_continuous_nowrite\co2\p018_T20_300ppm_fit,co2,formal_open_flow_sidecar_metadata.json,D:\gas_calibrator\_handoff\v1_5_formal_route_real_20260624\current6_20260624_r10_task_direct_continuous_nowrite\co2\p018_T20_300ppm_fit\formal_open_flow_sidecar_metadata.json,1206,1206,45f92f96213065c97d21133a2a932fd331f2d93cfc6f2f06a96f337e5cca7db4,45f92f96213065c97d21133a2a932fd331f2d93cfc6f2f06a96f337e5cca7db4,match
D:\gas_calibrator\_handoff\v1_5_formal_route_real_20260624\current6_20260624_r10_task_direct_continuous_nowrite\co2\p018_T20_300ppm_fit,co2,frame_quality_summary.csv,D:\gas_calibrator\_handoff\v1_5_formal_route_real_20260624\current6_20260624_r10_task_direct_continuous_nowrite\co2\p018_T20_300ppm_fit\frame_quality_summary.csv,496,496,1657d7acc936a98bce8643ea7598551673b3f9cd8b765601036dd1f57cbf673b,1657d7acc936a98bce8643ea7598551673b3f9cd8b765601036dd1f57cbf673b,match
D:\gas_calibrator\_handoff\v1_5_formal_route_real_20260624\current6_20260624_r10_task_direct_continuous_nowrite\co2\p018_T20_300ppm_fit,co2,runtime_config_snapshot.json,D:\gas_calibrator\_handoff\v1_5_formal_route_real_20260624\current6_20260624_r10_task_direct_continuous_nowrite\co2\p018_T20_300ppm_fit\runtime_config_snapshot.json,50343,50343,afdf7fa4ab01fe68bdc4c20a29b48eddc668ba3ebb7bb80935d699387c3a3000,afdf7fa4ab01fe68bdc4c20a29b48eddc668ba3ebb7bb80935d699387c3a3000,match
D:\gas_calibrator\_handoff\v1_5_formal_route_real_20260624\current6_20260624_r10_task_direct_continuous_nowrite\co2\p018_T20_300ppm_fit,co2,samples_machine_readable.csv,D:\gas_calibrator\_handoff\v1_5_formal_route_real_20260624\current6_20260624_r10_task_direct_continuous_nowrite\co2\p018_T20_300ppm_fit\samples_machine_readable.csv,49876,49876,b89a6c23bacd98931586b98e0a4e962d645531302933b13ad9f622f6bfa7c546,b89a6c23bacd98931586b98e0a4e962d645531302933b13ad9f622f6bfa7c546,match
D:\gas_calibrator\_handoff\v1_5_formal_route_real_20260624\current6_20260624_r10_task_direct_continuous_nowrite\co2\p019_T20_400ppm_fit,co2,formal_open_flow_data_quality_by_analyzer.csv,D:\gas_calibrator\_handoff\v1_5_formal_route_real_20260624\current6_20260624_r10_task_direct_continuous_nowrite\co2\p019_T20_400ppm_fit\formal_open_flow_data_quality_by_analyzer.csv,892,892,165e87fcbab9250488dfd39fc2a6cb9b86aadd2218a99143ca6aa5b745282686,165e87fcbab9250488dfd39fc2a6cb9b86aadd2218a99143ca6aa5b745282686,match
D:\gas_calibrator\_handoff\v1_5_formal_route_real_20260624\current6_20260624_r10_task_direct_continuous_nowrite\co2\p019_T20_400ppm_fit,co2,formal_open_flow_route_timing.json,D:\gas_calibrator\_handoff\v1_5_formal_route_real_20260624\current6_20260624_r10_task_direct_continuous_nowrite\co2\p019_T20_400ppm_fit\formal_open_flow_route_timing.json,570,570,1e5d4d3c5105d1ae12984705e13950c44497d8af7d7006d98f7003e78bc5a1eb,1e5d4d3c5105d1ae12984705e13950c44497d8af7d7006d98f7003e78bc5a1eb,match
D:\gas_calibrator\_handoff\v1_5_formal_route_real_20260624\current6_20260624_r10_task_direct_continuous_nowrite\co2\p019_T20_400ppm_fit,co2,formal_open_flow_sidecar_metadata.json,D:\gas_calibrator\_handoff\v1_5_formal_route_real_20260624\current6_20260624_r10_task_direct_continuous_nowrite\co2\p019_T20_400ppm_fit\formal_open_flow_sidecar_metadata.json,1204,1204,502d93adaca05ed063d4831a43c8d989ad94edd16f7d3def7d0e1dafc16bd5f0,502d93adaca05ed063d4831a43c8d989ad94edd16f7d3def7d0e1dafc16bd5f0,match
D:\gas_calibrator\_handoff\v1_5_formal_route_real_20260624\current6_20260624_r10_task_direct_continuous_nowrite\co2\p019_T20_400ppm_fit,co2,frame_quality_summary.csv,D:\gas_calibrator\_handoff\v1_5_formal_route_real_20260624\current6_20260624_r10_task_direct_continuous_nowrite\co2\p019_T20_400ppm_fit\frame_quality_summary.csv,496,496,b2d6a75d3d5a8c329017d63140b0d5e91f14b08b4f3e43a129c75552fd42e6ab,b2d6a75d3d5a8c329017d63140b0d5e91f14b08b4f3e43a129c75552fd42e6ab,match
D:\gas_calibrator\_handoff\v1_5_formal_route_real_20260624\current6_20260624_r10_task_direct_continuous_nowrite\co2\p019_T20_400ppm_fit,co2,runtime_config_snapshot.json,D:\gas_calibrator\_handoff\v1_5_formal_route_real_20260624\current6_20260624_r10_task_direct_continuous_nowrite\co2\p019_T20_400ppm_fit\runtime_config_snapshot.json,50343,50343,afdf7fa4ab01fe68bdc4c20a29b48eddc668ba3ebb7bb80935d699387c3a3000,afdf7fa4ab01fe68bdc4c20a29b48eddc668ba3ebb7bb80935d699387c3a3000,match
D:\gas_calibrator\_handoff\v1_5_formal_route_real_20260624\current6_20260624_r10_task_direct_continuous_nowrite\co2\p019_T20_400ppm_fit,co2,samples_machine_readable.csv,D:\gas_calibrator\_handoff\v1_5_formal_route_real_20260624\current6_20260624_r10_task_direct_continuous_nowrite\co2\p019_T20_400ppm_fit\samples_machine_readable.csv,49910,49910,f59c3b9b618d96e8bf57c49fa10895a23d31b9f881241fc67bc57d2fba9ff81b,f59c3b9b618d96e8bf57c49fa10895a23d31b9f881241fc67bc57d2fba9ff81b,match
D:\gas_calibrator\_handoff\v1_5_formal_route_real_20260624\current6_20260624_r10_task_direct_continuous_nowrite\co2\p020_T20_500ppm_fit,co2,formal_open_flow_data_quality_by_analyzer.csv,D:\gas_calibrator\_handoff\v1_5_formal_route_real_20260624\current6_20260624_r10_task_direct_continuous_nowrite\co2\p020_T20_500ppm_fit\formal_open_flow_data_quality_by_analyzer.csv,871,871,ef1fecf5d77566c44edc435013f86950a257876eed90c0927ebd838b0bd6ee97,ef1fecf5d77566c44edc435013f86950a257876eed90c0927ebd838b0bd6ee97,match
D:\gas_calibrator\_handoff\v1_5_formal_route_real_20260624\current6_20260624_r10_task_direct_continuous_nowrite\co2\p020_T20_500ppm_fit,co2,formal_open_flow_route_timing.json,D:\gas_calibrator\_handoff\v1_5_formal_route_real_20260624\current6_20260624_r10_task_direct_continuous_nowrite\co2\p020_T20_500ppm_fit\formal_open_flow_route_timing.json,570,570,2e4f83162a32431d41a4c992b73c8970105c74ec32eaa3dd5d56004c5c83989c,2e4f83162a32431d41a4c992b73c8970105c74ec32eaa3dd5d56004c5c83989c,match
D:\gas_calibrator\_handoff\v1_5_formal_route_real_20260624\current6_20260624_r10_task_direct_continuous_nowrite\co2\p020_T20_500ppm_fit,co2,formal_open_flow_sidecar_metadata.json,D:\gas_calibrator\_handoff\v1_5_formal_route_real_20260624\current6_20260624_r10_task_direct_continuous_nowrite\co2\p020_T20_500ppm_fit\formal_open_flow_sidecar_metadata.json,1206,1206,e3469575a21cdee3ad35bcd432392b0d7168742768fdcba6aa7dd90338d80447,e3469575a21cdee3ad35bcd432392b0d7168742768fdcba6aa7dd90338d80447,match
D:\gas_calibrator\_handoff\v1_5_formal_route_real_20260624\current6_20260624_r10_task_direct_continuous_nowrite\co2\p020_T20_500ppm_fit,co2,frame_quality_summary.csv,D:\gas_calibrator\_handoff\v1_5_formal_route_real_20260624\current6_20260624_r10_task_direct_continuous_nowrite\co2\p020_T20_500ppm_fit\frame_quality_summary.csv,496,496,3d6cc48a2136684baeab58782b97381e7ec7997577fc412ff7b50c15982b4a44,3d6cc48a2136684baeab58782b97381e7ec7997577fc412ff7b50c15982b4a44,match
D:\gas_calibrator\_handoff\v1_5_formal_route_real_20260624\current6_20260624_r10_task_direct_continuous_nowrite\co2\p020_T20_500ppm_fit,co2,runtime_config_snapshot.json,D:\gas_calibrator\_handoff\v1_5_formal_route_real_20260624\current6_20260624_r10_task_direct_continuous_nowrite\co2\p020_T20_500ppm_fit\runtime_config_snapshot.json,50343,50343,afdf7fa4ab01fe68bdc4c20a29b48eddc668ba3ebb7bb80935d699387c3a3000,afdf7fa4ab01fe68bdc4c20a29b48eddc668ba3ebb7bb80935d699387c3a3000,match
D:\gas_calibrator\_handoff\v1_5_formal_route_real_20260624\current6_20260624_r10_task_direct_continuous_nowrite\co2\p020_T20_500ppm_fit,co2,samples_machine_readable.csv,D:\gas_calibrator\_handoff\v1_5_formal_route_real_20260624\current6_20260624_r10_task_direct_continuous_nowrite\co2\p020_T20_500ppm_fit\samples_machine_readable.csv,49930,49930,2d7a520f0531c7548343a78cb09c0dc88409b8f7ef48eeff3e0c09c29d98639c,2d7a520f0531c7548343a78cb09c0dc88409b8f7ef48eeff3e0c09c29d98639c,match
D:\gas_calibrator\_handoff\v1_5_formal_route_real_20260624\current6_20260624_r10_task_direct_continuous_nowrite\co2\p021_T20_600ppm_fit,co2,formal_open_flow_data_quality_by_analyzer.csv,D:\gas_calibrator\_handoff\v1_5_formal_route_real_20260624\current6_20260624_r10_task_direct_continuous_nowrite\co2\p021_T20_600ppm_fit\formal_open_flow_data_quality_by_analyzer.csv,944,944,a3ff04b59f542d12a09179896cbc8918760748d20b6f081be9177d6c9fd7d2ed,a3ff04b59f542d12a09179896cbc8918760748d20b6f081be9177d6c9fd7d2ed,match
D:\gas_calibrator\_handoff\v1_5_formal_route_real_20260624\current6_20260624_r10_task_direct_continuous_nowrite\co2\p021_T20_600ppm_fit,co2,formal_open_flow_route_timing.json,D:\gas_calibrator\_handoff\v1_5_formal_route_real_20260624\current6_20260624_r10_task_direct_continuous_nowrite\co2\p021_T20_600ppm_fit\formal_open_flow_route_timing.json,570,570,39e820f73e418f809952911d132353ed8dc535aef0dfed1aee47f7044c3553d0,39e820f73e418f809952911d132353ed8dc535aef0dfed1aee47f7044c3553d0,match
D:\gas_calibrator\_handoff\v1_5_formal_route_real_20260624\current6_20260624_r10_task_direct_continuous_nowrite\co2\p021_T20_600ppm_fit,co2,formal_open_flow_sidecar_metadata.json,D:\gas_calibrator\_handoff\v1_5_formal_route_real_20260624\current6_20260624_r10_task_direct_continuous_nowrite\co2\p021_T20_600ppm_fit\formal_open_flow_sidecar_metadata.json,1204,1204,72e521b505db553f7c30ea13f069b1449119479b9fc318cc9986ff9755757463,72e521b505db553f7c30ea13f069b1449119479b9fc318cc9986ff9755757463,match
D:\gas_calibrator\_handoff\v1_5_formal_route_real_20260624\current6_20260624_r10_task_direct_continuous_nowrite\co2\p021_T20_600ppm_fit,co2,frame_quality_summary.csv,D:\gas_calibrator\_handoff\v1_5_formal_route_real_20260624\current6_20260624_r10_task_direct_continuous_nowrite\co2\p021_T20_600ppm_fit\frame_quality_summary.csv,496,496,3c53606d724a0267c87ea865ced6feacd6c0c8a90956c623e79e4ccdff1bb699,3c53606d724a0267c87ea865ced6feacd6c0c8a90956c623e79e4ccdff1bb699,match
D:\gas_calibrator\_handoff\v1_5_formal_route_real_20260624\current6_20260624_r10_task_direct_continuous_nowrite\co2\p021_T20_600ppm_fit,co2,runtime_config_snapshot.json,D:\gas_calibrator\_handoff\v1_5_formal_route_real_20260624\current6_20260624_r10_task_direct_continuous_nowrite\co2\p021_T20_600ppm_fit\runtime_config_snapshot.json,50343,50343,afdf7fa4ab01fe68bdc4c20a29b48eddc668ba3ebb7bb80935d699387c3a3000,afdf7fa4ab01fe68bdc4c20a29b48eddc668ba3ebb7bb80935d699387c3a3000,match
D:\gas_calibrator\_handoff\v1_5_formal_route_real_20260624\current6_20260624_r10_task_direct_continuous_nowrite\co2\p021_T20_600ppm_fit,co2,samples_machine_readable.csv,D:\gas_calibrator\_handoff\v1_5_formal_route_real_20260624\current6_20260624_r10_task_direct_continuous_nowrite\co2\p021_T20_600ppm_fit\samples_machine_readable.csv,49950,49950,81e00cfe6978d6a63ac05e257cb06e0ed0521e2142c4c7750d783c6dc1a16261,81e00cfe6978d6a63ac05e257cb06e0ed0521e2142c4c7750d783c6dc1a16261,match
D:\gas_calibrator\_handoff\v1_5_formal_route_real_20260624\current6_20260624_r10_task_direct_continuous_nowrite\co2\p022_T20_700ppm_fit,co2,formal_open_flow_data_quality_by_analyzer.csv,D:\gas_calibrator\_handoff\v1_5_formal_route_real_20260624\current6_20260624_r10_task_direct_continuous_nowrite\co2\p022_T20_700ppm_fit\formal_open_flow_data_quality_by_analyzer.csv,853,853,3a2c66cad7cdb83b63422c9aa442456ef4f03deb7152f9e3946a604bbe6da47f,3a2c66cad7cdb83b63422c9aa442456ef4f03deb7152f9e3946a604bbe6da47f,match
D:\gas_calibrator\_handoff\v1_5_formal_route_real_20260624\current6_20260624_r10_task_direct_continuous_nowrite\co2\p022_T20_700ppm_fit,co2,formal_open_flow_route_timing.json,D:\gas_calibrator\_handoff\v1_5_formal_route_real_20260624\current6_20260624_r10_task_direct_continuous_nowrite\co2\p022_T20_700ppm_fit\formal_open_flow_route_timing.json,570,570,a24756c5e0e62691e1f55af17b7767f062c269d95c1e950e4c1ede8cc45f9ba1,a24756c5e0e62691e1f55af17b7767f062c269d95c1e950e4c1ede8cc45f9ba1,match
D:\gas_calibrator\_handoff\v1_5_formal_route_real_20260624\current6_20260624_r10_task_direct_continuous_nowrite\co2\p022_T20_700ppm_fit,co2,formal_open_flow_sidecar_metadata.json,D:\gas_calibrator\_handoff\v1_5_formal_route_real_20260624\current6_20260624_r10_task_direct_continuous_nowrite\co2\p022_T20_700ppm_fit\formal_open_flow_sidecar_metadata.json,1206,1206,cf9e3a1fcb820b00a2bb18e3287e8d20794dd9bc35fe471959bb92f1cd065f8a,cf9e3a1fcb820b00a2bb18e3287e8d20794dd9bc35fe471959bb92f1cd065f8a,match
D:\gas_calibrator\_handoff\v1_5_formal_route_real_20260624\current6_20260624_r10_task_direct_continuous_nowrite\co2\p022_T20_700ppm_fit,co2,frame_quality_summary.csv,D:\gas_calibrator\_handoff\v1_5_formal_route_real_20260624\current6_20260624_r10_task_direct_continuous_nowrite\co2\p022_T20_700ppm_fit\frame_quality_summary.csv,496,496,c60f36a2615ba738698e5fbc1441c61522a28d6dbd40d433fcc76d249272d65c,c60f36a2615ba738698e5fbc1441c61522a28d6dbd40d433fcc76d249272d65c,match
D:\gas_calibrator\_handoff\v1_5_formal_route_real_20260624\current6_20260624_r10_task_direct_continuous_nowrite\co2\p022_T20_700ppm_fit,co2,runtime_config_snapshot.json,D:\gas_calibrator\_handoff\v1_5_formal_route_real_20260624\current6_20260624_r10_task_direct_continuous_nowrite\co2\p022_T20_700ppm_fit\runtime_config_snapshot.json,50343,50343,afdf7fa4ab01fe68bdc4c20a29b48eddc668ba3ebb7bb80935d699387c3a3000,afdf7fa4ab01fe68bdc4c20a29b48eddc668ba3ebb7bb80935d699387c3a3000,match
D:\gas_calibrator\_handoff\v1_5_formal_route_real_20260624\current6_20260624_r10_task_direct_continuous_nowrite\co2\p022_T20_700ppm_fit,co2,samples_machine_readable.csv,D:\gas_calibrator\_handoff\v1_5_formal_route_real_20260624\current6_20260624_r10_task_direct_continuous_nowrite\co2\p022_T20_700ppm_fit\samples_machine_readable.csv,49918,49918,e2098437b894347cc92c99fe2ceebc9b52bc564aee7e87e3321f36be98656a55,e2098437b894347cc92c99fe2ceebc9b52bc564aee7e87e3321f36be98656a55,match
D:\gas_calibrator\_handoff\v1_5_formal_route_real_20260624\current6_20260624_r10_task_direct_continuous_nowrite\co2\p023_T20_800ppm_fit,co2,formal_open_flow_data_quality_by_analyzer.csv,D:\gas_calibrator\_handoff\v1_5_formal_route_real_20260624\current6_20260624_r10_task_direct_continuous_nowrite\co2\p023_T20_800ppm_fit\formal_open_flow_data_quality_by_analyzer.csv,905,905,5892f34e991c9326ff835ef2b35784cbb78dbc7c03211e9915330070c334ec9c,5892f34e991c9326ff835ef2b35784cbb78dbc7c03211e9915330070c334ec9c,match
D:\gas_calibrator\_handoff\v1_5_formal_route_real_20260624\current6_20260624_r10_task_direct_continuous_nowrite\co2\p023_T20_800ppm_fit,co2,formal_open_flow_route_timing.json,D:\gas_calibrator\_handoff\v1_5_formal_route_real_20260624\current6_20260624_r10_task_direct_continuous_nowrite\co2\p023_T20_800ppm_fit\formal_open_flow_route_timing.json,570,570,214fa0561ea7d2866508997482f1cd21417e1438679593e5e2656d697eec22dc,214fa0561ea7d2866508997482f1cd21417e1438679593e5e2656d697eec22dc,match
D:\gas_calibrator\_handoff\v1_5_formal_route_real_20260624\current6_20260624_r10_task_direct_continuous_nowrite\co2\p023_T20_800ppm_fit,co2,formal_open_flow_sidecar_metadata.json,D:\gas_calibrator\_handoff\v1_5_formal_route_real_20260624\current6_20260624_r10_task_direct_continuous_nowrite\co2\p023_T20_800ppm_fit\formal_open_flow_sidecar_metadata.json,1204,1204,3424f48023f0680db55c5171ccc03b52410e68d64d310fcfd32c7b77a7fd774e,3424f48023f0680db55c5171ccc03b52410e68d64d310fcfd32c7b77a7fd774e,match
D:\gas_calibrator\_handoff\v1_5_formal_route_real_20260624\current6_20260624_r10_task_direct_continuous_nowrite\co2\p023_T20_800ppm_fit,co2,frame_quality_summary.csv,D:\gas_calibrator\_handoff\v1_5_formal_route_real_20260624\current6_20260624_r10_task_direct_continuous_nowrite\co2\p023_T20_800ppm_fit\frame_quality_summary.csv,496,496,dc2ef38fe636c30fcdb63e1b35a710399e0a47c705261267521df5e388307a2c,dc2ef38fe636c30fcdb63e1b35a710399e0a47c705261267521df5e388307a2c,match
D:\gas_calibrator\_handoff\v1_5_formal_route_real_20260624\current6_20260624_r10_task_direct_continuous_nowrite\co2\p023_T20_800ppm_fit,co2,runtime_config_snapshot.json,D:\gas_calibrator\_handoff\v1_5_formal_route_real_20260624\current6_20260624_r10_task_direct_continuous_nowrite\co2\p023_T20_800ppm_fit\runtime_config_snapshot.json,50343,50343,afdf7fa4ab01fe68bdc4c20a29b48eddc668ba3ebb7bb80935d699387c3a3000,afdf7fa4ab01fe68bdc4c20a29b48eddc668ba3ebb7bb80935d699387c3a3000,match
D:\gas_calibrator\_handoff\v1_5_formal_route_real_20260624\current6_20260624_r10_task_direct_continuous_nowrite\co2\p023_T20_800ppm_fit,co2,samples_machine_readable.csv,D:\gas_calibrator\_handoff\v1_5_formal_route_real_20260624\current6_20260624_r10_task_direct_continuous_nowrite\co2\p023_T20_800ppm_fit\samples_machine_readable.csv,49921,49921,993e03c10f1af92caa437d52848c0ea2243cfdec0bf6ddf5de67620459382628,993e03c10f1af92caa437d52848c0ea2243cfdec0bf6ddf5de67620459382628,match
D:\gas_calibrator\_handoff\v1_5_formal_route_real_20260624\current6_20260624_r10_task_direct_continuous_nowrite\co2\p024_T20_900ppm_fit,co2,formal_open_flow_data_quality_by_analyzer.csv,D:\gas_calibrator\_handoff\v1_5_formal_route_real_20260624\current6_20260624_r10_task_direct_continuous_nowrite\co2\p024_T20_900ppm_fit\formal_open_flow_data_quality_by_analyzer.csv,854,854,56c1ca3cca2a920780a814c194c177f2568a13a98c8a4b52a234309aca9a555a,56c1ca3cca2a920780a814c194c177f2568a13a98c8a4b52a234309aca9a555a,match
D:\gas_calibrator\_handoff\v1_5_formal_route_real_20260624\current6_20260624_r10_task_direct_continuous_nowrite\co2\p024_T20_900ppm_fit,co2,formal_open_flow_route_timing.json,D:\gas_calibrator\_handoff\v1_5_formal_route_real_20260624\current6_20260624_r10_task_direct_continuous_nowrite\co2\p024_T20_900ppm_fit\formal_open_flow_route_timing.json,570,570,02adf0f75bad30c486e36571831e880d61f409db7711a7ec099cbe8e09c5932a,02adf0f75bad30c486e36571831e880d61f409db7711a7ec099cbe8e09c5932a,match
D:\gas_calibrator\_handoff\v1_5_formal_route_real_20260624\current6_20260624_r10_task_direct_continuous_nowrite\co2\p024_T20_900ppm_fit,co2,formal_open_flow_sidecar_metadata.json,D:\gas_calibrator\_handoff\v1_5_formal_route_real_20260624\current6_20260624_r10_task_direct_continuous_nowrite\co2\p024_T20_900ppm_fit\formal_open_flow_sidecar_metadata.json,1206,1206,5833eea8b301898e9feae3a7e49129d6e13d58f0d1ed97e3acea31ccf96bacd7,5833eea8b301898e9feae3a7e49129d6e13d58f0d1ed97e3acea31ccf96bacd7,match
D:\gas_calibrator\_handoff\v1_5_formal_route_real_20260624\current6_20260624_r10_task_direct_continuous_nowrite\co2\p024_T20_900ppm_fit,co2,frame_quality_summary.csv,D:\gas_calibrator\_handoff\v1_5_formal_route_real_20260624\current6_20260624_r10_task_direct_continuous_nowrite\co2\p024_T20_900ppm_fit\frame_quality_summary.csv,496,496,73d2c30fba303cceba4da408aef1b95a006a3c950db8b8d0d23fa93cb22e4c8a,73d2c30fba303cceba4da408aef1b95a006a3c950db8b8d0d23fa93cb22e4c8a,match
D:\gas_calibrator\_handoff\v1_5_formal_route_real_20260624\current6_20260624_r10_task_direct_continuous_nowrite\co2\p024_T20_900ppm_fit,co2,runtime_config_snapshot.json,D:\gas_calibrator\_handoff\v1_5_formal_route_real_20260624\current6_20260624_r10_task_direct_continuous_nowrite\co2\p024_T20_900ppm_fit\runtime_config_snapshot.json,50343,50343,afdf7fa4ab01fe68bdc4c20a29b48eddc668ba3ebb7bb80935d699387c3a3000,afdf7fa4ab01fe68bdc4c20a29b48eddc668ba3ebb7bb80935d699387c3a3000,match
D:\gas_calibrator\_handoff\v1_5_formal_route_real_20260624\current6_20260624_r10_task_direct_continuous_nowrite\co2\p024_T20_900ppm_fit,co2,samples_machine_readable.csv,D:\gas_calibrator\_handoff\v1_5_formal_route_real_20260624\current6_20260624_r10_task_direct_continuous_nowrite\co2\p024_T20_900ppm_fit\samples_machine_readable.csv,49931,49931,cb8103f86b9bf398b0b77835538a5cec810c5c2436700cf91c467623f69b1fc4,cb8103f86b9bf398b0b77835538a5cec810c5c2436700cf91c467623f69b1fc4,match
D:\gas_calibrator\_handoff\v1_5_formal_route_real_20260624\current6_20260624_r10_task_direct_continuous_nowrite\co2\p025_T20_1000ppm_fit,co2,formal_open_flow_data_quality_by_analyzer.csv,D:\gas_calibrator\_handoff\v1_5_formal_route_real_20260624\current6_20260624_r10_task_direct_continuous_nowrite\co2\p025_T20_1000ppm_fit\formal_open_flow_data_quality_by_analyzer.csv,908,908,a8285b2ecba2ed1299c9873cab61f685b4aead4dc92b938e5fe0f013c5e71f82,a8285b2ecba2ed1299c9873cab61f685b4aead4dc92b938e5fe0f013c5e71f82,match
D:\gas_calibrator\_handoff\v1_5_formal_route_real_20260624\current6_20260624_r10_task_direct_continuous_nowrite\co2\p025_T20_1000ppm_fit,co2,formal_open_flow_route_timing.json,D:\gas_calibrator\_handoff\v1_5_formal_route_real_20260624\current6_20260624_r10_task_direct_continuous_nowrite\co2\p025_T20_1000ppm_fit\formal_open_flow_route_timing.json,572,572,f55609f7939f1b82c98151538183f4768eb2217a73e7657a1efc6b0ab49f4628,f55609f7939f1b82c98151538183f4768eb2217a73e7657a1efc6b0ab49f4628,match
D:\gas_calibrator\_handoff\v1_5_formal_route_real_20260624\current6_20260624_r10_task_direct_continuous_nowrite\co2\p025_T20_1000ppm_fit,co2,formal_open_flow_sidecar_metadata.json,D:\gas_calibrator\_handoff\v1_5_formal_route_real_20260624\current6_20260624_r10_task_direct_continuous_nowrite\co2\p025_T20_1000ppm_fit\formal_open_flow_sidecar_metadata.json,1206,1206,cd6cfe1e017237976e7766512110585d5c690fad000b3c2a07bf3952354890c6,cd6cfe1e017237976e7766512110585d5c690fad000b3c2a07bf3952354890c6,match
D:\gas_calibrator\_handoff\v1_5_formal_route_real_20260624\current6_20260624_r10_task_direct_continuous_nowrite\co2\p025_T20_1000ppm_fit,co2,frame_quality_summary.csv,D:\gas_calibrator\_handoff\v1_5_formal_route_real_20260624\current6_20260624_r10_task_direct_continuous_nowrite\co2\p025_T20_1000ppm_fit\frame_quality_summary.csv,502,502,9b787f6de917d3508b8511e9eea38419ab6224df08d7772b531f1bd9ad36227c,9b787f6de917d3508b8511e9eea38419ab6224df08d7772b531f1bd9ad36227c,match
D:\gas_calibrator\_handoff\v1_5_formal_route_real_20260624\current6_20260624_r10_task_direct_continuous_nowrite\co2\p025_T20_1000ppm_fit,co2,runtime_config_snapshot.json,D:\gas_calibrator\_handoff\v1_5_formal_route_real_20260624\current6_20260624_r10_task_direct_continuous_nowrite\co2\p025_T20_1000ppm_fit\runtime_config_snapshot.json,50343,50343,afdf7fa4ab01fe68bdc4c20a29b48eddc668ba3ebb7bb80935d699387c3a3000,afdf7fa4ab01fe68bdc4c20a29b48eddc668ba3ebb7bb80935d699387c3a3000,match
D:\gas_calibrator\_handoff\v1_5_formal_route_real_20260624\current6_20260624_r10_task_direct_continuous_nowrite\co2\p025_T20_1000ppm_fit,co2,samples_machine_readable.csv,D:\gas_calibrator\_handoff\v1_5_formal_route_real_20260624\current6_20260624_r10_task_direct_continuous_nowrite\co2\p025_T20_1000ppm_fit\samples_machine_readable.csv,49900,49900,97fc7d0bbb8920aa4b5b0ab26bf4621ed08b9d57799331d8f0fd085b588b3397,97fc7d0bbb8920aa4b5b0ab26bf4621ed08b9d57799331d8f0fd085b588b3397,match
D:\gas_calibrator\_handoff\v1_5_formal_route_real_20260624\current6_20260624_r10_task_direct_continuous_nowrite\co2\p026_T10_0ppm_fit,co2,formal_open_flow_data_quality_by_analyzer.csv,D:\gas_calibrator\_handoff\v1_5_formal_route_real_20260624\current6_20260624_r10_task_direct_continuous_nowrite\co2\p026_T10_0ppm_fit\formal_open_flow_data_quality_by_analyzer.csv,961,961,6c4d4849d2d5c63cbd504ad8da4da3c43bfed655c75ac82db1a72ffe953ea1a6,6c4d4849d2d5c63cbd504ad8da4da3c43bfed655c75ac82db1a72ffe953ea1a6,match
D:\gas_calibrator\_handoff\v1_5_formal_route_real_20260624\current6_20260624_r10_task_direct_continuous_nowrite\co2\p026_T10_0ppm_fit,co2,formal_open_flow_route_timing.json,D:\gas_calibrator\_handoff\v1_5_formal_route_real_20260624\current6_20260624_r10_task_direct_continuous_nowrite\co2\p026_T10_0ppm_fit\formal_open_flow_route_timing.json,566,566,6a74a631da54b04f36221a68578c319d3cd2b8030a1d7186d61ceef0560ae2d3,6a74a631da54b04f36221a68578c319d3cd2b8030a1d7186d61ceef0560ae2d3,match
D:\gas_calibrator\_handoff\v1_5_formal_route_real_20260624\current6_20260624_r10_task_direct_continuous_nowrite\co2\p026_T10_0ppm_fit,co2,formal_open_flow_sidecar_metadata.json,D:\gas_calibrator\_handoff\v1_5_formal_route_real_20260624\current6_20260624_r10_task_direct_continuous_nowrite\co2\p026_T10_0ppm_fit\formal_open_flow_sidecar_metadata.json,1200,1200,201f08d306e848193c246ed68ce6933479a5999bc444214efb67d21b2c1d2d32,201f08d306e848193c246ed68ce6933479a5999bc444214efb67d21b2c1d2d32,match
D:\gas_calibrator\_handoff\v1_5_formal_route_real_20260624\current6_20260624_r10_task_direct_continuous_nowrite\co2\p026_T10_0ppm_fit,co2,frame_quality_summary.csv,D:\gas_calibrator\_handoff\v1_5_formal_route_real_20260624\current6_20260624_r10_task_direct_continuous_nowrite\co2\p026_T10_0ppm_fit\frame_quality_summary.csv,484,484,06554fea1aa002e0b9f84768a6cd2d4d99ddc773167bb5fe5d564d5117fc85fd,06554fea1aa002e0b9f84768a6cd2d4d99ddc773167bb5fe5d564d5117fc85fd,match
D:\gas_calibrator\_handoff\v1_5_formal_route_real_20260624\current6_20260624_r10_task_direct_continuous_nowrite\co2\p026_T10_0ppm_fit,co2,runtime_config_snapshot.json,D:\gas_calibrator\_handoff\v1_5_formal_route_real_20260624\current6_20260624_r10_task_direct_continuous_nowrite\co2\p026_T10_0ppm_fit\runtime_config_snapshot.json,50343,50343,afdf7fa4ab01fe68bdc4c20a29b48eddc668ba3ebb7bb80935d699387c3a3000,afdf7fa4ab01fe68bdc4c20a29b48eddc668ba3ebb7bb80935d699387c3a3000,match
D:\gas_calibrator\_handoff\v1_5_formal_route_real_20260624\current6_20260624_r10_task_direct_continuous_nowrite\co2\p026_T10_0ppm_fit,co2,samples_machine_readable.csv,D:\gas_calibrator\_handoff\v1_5_formal_route_real_20260624\current6_20260624_r10_task_direct_continuous_nowrite\co2\p026_T10_0ppm_fit\samples_machine_readable.csv,49677,49677,fd2eab20271ad81ae5a75ff8be68158ba8dc7dff288db2ca9abe40ac62176ec6,fd2eab20271ad81ae5a75ff8be68158ba8dc7dff288db2ca9abe40ac62176ec6,match
D:\gas_calibrator\_handoff\v1_5_formal_route_real_20260624\current6_20260624_r10_task_direct_continuous_nowrite\co2\p027_T10_100ppm_fit,co2,formal_open_flow_data_quality_by_analyzer.csv,D:\gas_calibrator\_handoff\v1_5_formal_route_real_20260624\current6_20260624_r10_task_direct_continuous_nowrite\co2\p027_T10_100ppm_fit\formal_open_flow_data_quality_by_analyzer.csv,873,873,6e010d660e06ab00b3109a4875695d746a8fd7a6227d1ab6710e3ab7da85827c,6e010d660e06ab00b3109a4875695d746a8fd7a6227d1ab6710e3ab7da85827c,match
D:\gas_calibrator\_handoff\v1_5_formal_route_real_20260624\current6_20260624_r10_task_direct_continuous_nowrite\co2\p027_T10_100ppm_fit,co2,formal_open_flow_route_timing.json,D:\gas_calibrator\_handoff\v1_5_formal_route_real_20260624\current6_20260624_r10_task_direct_continuous_nowrite\co2\p027_T10_100ppm_fit\formal_open_flow_route_timing.json,570,570,d3292c0fce8d21cc5c022126449b7e2a25efe8b36e7af0447908a417ecdcc694,d3292c0fce8d21cc5c022126449b7e2a25efe8b36e7af0447908a417ecdcc694,match
D:\gas_calibrator\_handoff\v1_5_formal_route_real_20260624\current6_20260624_r10_task_direct_continuous_nowrite\co2\p027_T10_100ppm_fit,co2,formal_open_flow_sidecar_metadata.json,D:\gas_calibrator\_handoff\v1_5_formal_route_real_20260624\current6_20260624_r10_task_direct_continuous_nowrite\co2\p027_T10_100ppm_fit\formal_open_flow_sidecar_metadata.json,1206,1206,1fd93febf14485e4cc98d5f91e9d2341733162d9cf4e097f7d56e89340561f0d,1fd93febf14485e4cc98d5f91e9d2341733162d9cf4e097f7d56e89340561f0d,match
D:\gas_calibrator\_handoff\v1_5_formal_route_real_20260624\current6_20260624_r10_task_direct_continuous_nowrite\co2\p027_T10_100ppm_fit,co2,frame_quality_summary.csv,D:\gas_calibrator\_handoff\v1_5_formal_route_real_20260624\current6_20260624_r10_task_direct_continuous_nowrite\co2\p027_T10_100ppm_fit\frame_quality_summary.csv,496,496,0f3e036d0150b9bf0a0c1b40e1d07f93d9b46589628899594d9ddb041a8f4b20,0f3e036d0150b9bf0a0c1b40e1d07f93d9b46589628899594d9ddb041a8f4b20,match
D:\gas_calibrator\_handoff\v1_5_formal_route_real_20260624\current6_20260624_r10_task_direct_continuous_nowrite\co2\p027_T10_100ppm_fit,co2,runtime_config_snapshot.json,D:\gas_calibrator\_handoff\v1_5_formal_route_real_20260624\current6_20260624_r10_task_direct_continuous_nowrite\co2\p027_T10_100ppm_fit\runtime_config_snapshot.json,50343,50343,afdf7fa4ab01fe68bdc4c20a29b48eddc668ba3ebb7bb80935d699387c3a3000,afdf7fa4ab01fe68bdc4c20a29b48eddc668ba3ebb7bb80935d699387c3a3000,match
D:\gas_calibrator\_handoff\v1_5_formal_route_real_20260624\current6_20260624_r10_task_direct_continuous_nowrite\co2\p027_T10_100ppm_fit,co2,samples_machine_readable.csv,D:\gas_calibrator\_handoff\v1_5_formal_route_real_20260624\current6_20260624_r10_task_direct_continuous_nowrite\co2\p027_T10_100ppm_fit\samples_machine_readable.csv,49836,49836,2eb3739c9e7f877ccc91f0c9092c95c83837637bf7a9d4a100dce6db6f479428,2eb3739c9e7f877ccc91f0c9092c95c83837637bf7a9d4a100dce6db6f479428,match
D:\gas_calibrator\_handoff\v1_5_formal_route_real_20260624\current6_20260624_r10_task_direct_continuous_nowrite\co2\p028_T10_200ppm_fit,co2,formal_open_flow_data_quality_by_analyzer.csv,D:\gas_calibrator\_handoff\v1_5_formal_route_real_20260624\current6_20260624_r10_task_direct_continuous_nowrite\co2\p028_T10_200ppm_fit\formal_open_flow_data_quality_by_analyzer.csv,890,890,e970d0a3d9345854e38b41d454cf38077922cddee78d9c21a6a2d3de64c5b1da,e970d0a3d9345854e38b41d454cf38077922cddee78d9c21a6a2d3de64c5b1da,match
D:\gas_calibrator\_handoff\v1_5_formal_route_real_20260624\current6_20260624_r10_task_direct_continuous_nowrite\co2\p028_T10_200ppm_fit,co2,formal_open_flow_route_timing.json,D:\gas_calibrator\_handoff\v1_5_formal_route_real_20260624\current6_20260624_r10_task_direct_continuous_nowrite\co2\p028_T10_200ppm_fit\formal_open_flow_route_timing.json,570,570,a35045b85ea03b191f9d4ea75136ec2ab239650417f42f77d6de1949c7f1f7d1,a35045b85ea03b191f9d4ea75136ec2ab239650417f42f77d6de1949c7f1f7d1,match
D:\gas_calibrator\_handoff\v1_5_formal_route_real_20260624\current6_20260624_r10_task_direct_continuous_nowrite\co2\p028_T10_200ppm_fit,co2,formal_open_flow_sidecar_metadata.json,D:\gas_calibrator\_handoff\v1_5_formal_route_real_20260624\current6_20260624_r10_task_direct_continuous_nowrite\co2\p028_T10_200ppm_fit\formal_open_flow_sidecar_metadata.json,1204,1204,70e9f956040bbc7c3434305f0f343076f9d4e88c27e1d4b819b30cdb44339102,70e9f956040bbc7c3434305f0f343076f9d4e88c27e1d4b819b30cdb44339102,match
D:\gas_calibrator\_handoff\v1_5_formal_route_real_20260624\current6_20260624_r10_task_direct_continuous_nowrite\co2\p028_T10_200ppm_fit,co2,frame_quality_summary.csv,D:\gas_calibrator\_handoff\v1_5_formal_route_real_20260624\current6_20260624_r10_task_direct_continuous_nowrite\co2\p028_T10_200ppm_fit\frame_quality_summary.csv,496,496,95cca7ba24f76f2696d2b9d37bae3ab8ee119db188c104a79cf51bdc426f8427,95cca7ba24f76f2696d2b9d37bae3ab8ee119db188c104a79cf51bdc426f8427,match
D:\gas_calibrator\_handoff\v1_5_formal_route_real_20260624\current6_20260624_r10_task_direct_continuous_nowrite\co2\p028_T10_200ppm_fit,co2,runtime_config_snapshot.json,D:\gas_calibrator\_handoff\v1_5_formal_route_real_20260624\current6_20260624_r10_task_direct_continuous_nowrite\co2\p028_T10_200ppm_fit\runtime_config_snapshot.json,50343,50343,afdf7fa4ab01fe68bdc4c20a29b48eddc668ba3ebb7bb80935d699387c3a3000,afdf7fa4ab01fe68bdc4c20a29b48eddc668ba3ebb7bb80935d699387c3a3000,match
D:\gas_calibrator\_handoff\v1_5_formal_route_real_20260624\current6_20260624_r10_task_direct_continuous_nowrite\co2\p028_T10_200ppm_fit,co2,samples_machine_readable.csv,D:\gas_calibrator\_handoff\v1_5_formal_route_real_20260624\current6_20260624_r10_task_direct_continuous_nowrite\co2\p028_T10_200ppm_fit\samples_machine_readable.csv,49886,49886,b2ae2992b93c70e6e71f7199756bb96c437244db480951ebd987b6272201d5d8,b2ae2992b93c70e6e71f7199756bb96c437244db480951ebd987b6272201d5d8,match
D:\gas_calibrator\_handoff\v1_5_formal_route_real_20260624\current6_20260624_r10_task_direct_continuous_nowrite\co2\p029_T10_300ppm_fit,co2,formal_open_flow_data_quality_by_analyzer.csv,D:\gas_calibrator\_handoff\v1_5_formal_route_real_20260624\current6_20260624_r10_task_direct_continuous_nowrite\co2\p029_T10_300ppm_fit\formal_open_flow_data_quality_by_analyzer.csv,945,945,bfc8c7d56b8b6833705106dfc3d06c0fc59b633b838ef877facfb1e226033250,bfc8c7d56b8b6833705106dfc3d06c0fc59b633b838ef877facfb1e226033250,match
D:\gas_calibrator\_handoff\v1_5_formal_route_real_20260624\current6_20260624_r10_task_direct_continuous_nowrite\co2\p029_T10_300ppm_fit,co2,formal_open_flow_route_timing.json,D:\gas_calibrator\_handoff\v1_5_formal_route_real_20260624\current6_20260624_r10_task_direct_continuous_nowrite\co2\p029_T10_300ppm_fit\formal_open_flow_route_timing.json,570,570,46b1d71c163ffa15dc8eaf455e5b02e5c31fa35aafde4fe1bc82ead6026a1e7b,46b1d71c163ffa15dc8eaf455e5b02e5c31fa35aafde4fe1bc82ead6026a1e7b,match
D:\gas_calibrator\_handoff\v1_5_formal_route_real_20260624\current6_20260624_r10_task_direct_continuous_nowrite\co2\p029_T10_300ppm_fit,co2,formal_open_flow_sidecar_metadata.json,D:\gas_calibrator\_handoff\v1_5_formal_route_real_20260624\current6_20260624_r10_task_direct_continuous_nowrite\co2\p029_T10_300ppm_fit\formal_open_flow_sidecar_metadata.json,1206,1206,cb84930b0658db34803f08e23ad6937e6969358a717994b6e68cd105accf6c18,cb84930b0658db34803f08e23ad6937e6969358a717994b6e68cd105accf6c18,match
D:\gas_calibrator\_handoff\v1_5_formal_route_real_20260624\current6_20260624_r10_task_direct_continuous_nowrite\co2\p029_T10_300ppm_fit,co2,frame_quality_summary.csv,D:\gas_calibrator\_handoff\v1_5_formal_route_real_20260624\current6_20260624_r10_task_direct_continuous_nowrite\co2\p029_T10_300ppm_fit\frame_quality_summary.csv,496,496,1657d7acc936a98bce8643ea7598551673b3f9cd8b765601036dd1f57cbf673b,1657d7acc936a98bce8643ea7598551673b3f9cd8b765601036dd1f57cbf673b,match
D:\gas_calibrator\_handoff\v1_5_formal_route_real_20260624\current6_20260624_r10_task_direct_continuous_nowrite\co2\p029_T10_300ppm_fit,co2,runtime_config_snapshot.json,D:\gas_calibrator\_handoff\v1_5_formal_route_real_20260624\current6_20260624_r10_task_direct_continuous_nowrite\co2\p029_T10_300ppm_fit\runtime_config_snapshot.json,50343,50343,afdf7fa4ab01fe68bdc4c20a29b48eddc668ba3ebb7bb80935d699387c3a3000,afdf7fa4ab01fe68bdc4c20a29b48eddc668ba3ebb7bb80935d699387c3a3000,match
D:\gas_calibrator\_handoff\v1_5_formal_route_real_20260624\current6_20260624_r10_task_direct_continuous_nowrite\co2\p029_T10_300ppm_fit,co2,samples_machine_readable.csv,D:\gas_calibrator\_handoff\v1_5_formal_route_real_20260624\current6_20260624_r10_task_direct_continuous_nowrite\co2\p029_T10_300ppm_fit\samples_machine_readable.csv,49897,49897,d84c66d8f672b840b164dd3ac0b63f2da88d16be4e1d1ed689800515b77e6850,d84c66d8f672b840b164dd3ac0b63f2da88d16be4e1d1ed689800515b77e6850,match
D:\gas_calibrator\_handoff\v1_5_formal_route_real_20260624\current6_20260624_r10_task_direct_continuous_nowrite\co2\p030_T10_400ppm_fit,co2,formal_open_flow_data_quality_by_analyzer.csv,D:\gas_calibrator\_handoff\v1_5_formal_route_real_20260624\current6_20260624_r10_task_direct_continuous_nowrite\co2\p030_T10_400ppm_fit\formal_open_flow_data_quality_by_analyzer.csv,852,852,86a65f7d62a4bae6f67938e571a175279a568eb47ab3d21dfc1bc924d84e4db0,86a65f7d62a4bae6f67938e571a175279a568eb47ab3d21dfc1bc924d84e4db0,match
D:\gas_calibrator\_handoff\v1_5_formal_route_real_20260624\current6_20260624_r10_task_direct_continuous_nowrite\co2\p030_T10_400ppm_fit,co2,formal_open_flow_route_timing.json,D:\gas_calibrator\_handoff\v1_5_formal_route_real_20260624\current6_20260624_r10_task_direct_continuous_nowrite\co2\p030_T10_400ppm_fit\formal_open_flow_route_timing.json,570,570,73b5f245e7dc455f2059ed80781bc04fa5241ed4d3352437751fa3e9700e7533,73b5f245e7dc455f2059ed80781bc04fa5241ed4d3352437751fa3e9700e7533,match
D:\gas_calibrator\_handoff\v1_5_formal_route_real_20260624\current6_20260624_r10_task_direct_continuous_nowrite\co2\p030_T10_400ppm_fit,co2,formal_open_flow_sidecar_metadata.json,D:\gas_calibrator\_handoff\v1_5_formal_route_real_20260624\current6_20260624_r10_task_direct_continuous_nowrite\co2\p030_T10_400ppm_fit\formal_open_flow_sidecar_metadata.json,1204,1204,450b3f3c2fb0439bb424ec88ea391910121bb0eabfdc3c27b472d5a9648bb3b6,450b3f3c2fb0439bb424ec88ea391910121bb0eabfdc3c27b472d5a9648bb3b6,match
D:\gas_calibrator\_handoff\v1_5_formal_route_real_20260624\current6_20260624_r10_task_direct_continuous_nowrite\co2\p030_T10_400ppm_fit,co2,frame_quality_summary.csv,D:\gas_calibrator\_handoff\v1_5_formal_route_real_20260624\current6_20260624_r10_task_direct_continuous_nowrite\co2\p030_T10_400ppm_fit\frame_quality_summary.csv,496,496,b2d6a75d3d5a8c329017d63140b0d5e91f14b08b4f3e43a129c75552fd42e6ab,b2d6a75d3d5a8c329017d63140b0d5e91f14b08b4f3e43a129c75552fd42e6ab,match
D:\gas_calibrator\_handoff\v1_5_formal_route_real_20260624\current6_20260624_r10_task_direct_continuous_nowrite\co2\p030_T10_400ppm_fit,co2,runtime_config_snapshot.json,D:\gas_calibrator\_handoff\v1_5_formal_route_real_20260624\current6_20260624_r10_task_direct_continuous_nowrite\co2\p030_T10_400ppm_fit\runtime_config_snapshot.json,50343,50343,afdf7fa4ab01fe68bdc4c20a29b48eddc668ba3ebb7bb80935d699387c3a3000,afdf7fa4ab01fe68bdc4c20a29b48eddc668ba3ebb7bb80935d699387c3a3000,match
D:\gas_calibrator\_handoff\v1_5_formal_route_real_20260624\current6_20260624_r10_task_direct_continuous_nowrite\co2\p030_T10_400ppm_fit,co2,samples_machine_readable.csv,D:\gas_calibrator\_handoff\v1_5_formal_route_real_20260624\current6_20260624_r10_task_direct_continuous_nowrite\co2\p030_T10_400ppm_fit\samples_machine_readable.csv,49908,49908,cbc3f9f9fc1c72ae3877684013e453dafd383b935e00898a100904025a4d1761,cbc3f9f9fc1c72ae3877684013e453dafd383b935e00898a100904025a4d1761,match
D:\gas_calibrator\_handoff\v1_5_formal_route_real_20260624\current6_20260624_r10_task_direct_continuous_nowrite\co2\p031_T10_500ppm_fit,co2,formal_open_flow_data_quality_by_analyzer.csv,D:\gas_calibrator\_handoff\v1_5_formal_route_real_20260624\current6_20260624_r10_task_direct_continuous_nowrite\co2\p031_T10_500ppm_fit\formal_open_flow_data_quality_by_analyzer.csv,870,870,ebace04986731cc53ca9faa6549efb331fe2b0245f1a879843f91f1b7493f1bd,ebace04986731cc53ca9faa6549efb331fe2b0245f1a879843f91f1b7493f1bd,match
D:\gas_calibrator\_handoff\v1_5_formal_route_real_20260624\current6_20260624_r10_task_direct_continuous_nowrite\co2\p031_T10_500ppm_fit,co2,formal_open_flow_route_timing.json,D:\gas_calibrator\_handoff\v1_5_formal_route_real_20260624\current6_20260624_r10_task_direct_continuous_nowrite\co2\p031_T10_500ppm_fit\formal_open_flow_route_timing.json,570,570,f08f6fa86b0373ee9ee100a3ad1f6789912e6b2cf243afb39d540a8d042f732b,f08f6fa86b0373ee9ee100a3ad1f6789912e6b2cf243afb39d540a8d042f732b,match
D:\gas_calibrator\_handoff\v1_5_formal_route_real_20260624\current6_20260624_r10_task_direct_continuous_nowrite\co2\p031_T10_500ppm_fit,co2,formal_open_flow_sidecar_metadata.json,D:\gas_calibrator\_handoff\v1_5_formal_route_real_20260624\current6_20260624_r10_task_direct_continuous_nowrite\co2\p031_T10_500ppm_fit\formal_open_flow_sidecar_metadata.json,1206,1206,0cb18a26ec4a09ebbb29f9a2a17465297e84bda8c8b1ccb39ba4de6dd7d18728,0cb18a26ec4a09ebbb29f9a2a17465297e84bda8c8b1ccb39ba4de6dd7d18728,match
D:\gas_calibrator\_handoff\v1_5_formal_route_real_20260624\current6_20260624_r10_task_direct_continuous_nowrite\co2\p031_T10_500ppm_fit,co2,frame_quality_summary.csv,D:\gas_calibrator\_handoff\v1_5_formal_route_real_20260624\current6_20260624_r10_task_direct_continuous_nowrite\co2\p031_T10_500ppm_fit\frame_quality_summary.csv,496,496,3d6cc48a2136684baeab58782b97381e7ec7997577fc412ff7b50c15982b4a44,3d6cc48a2136684baeab58782b97381e7ec7997577fc412ff7b50c15982b4a44,match
D:\gas_calibrator\_handoff\v1_5_formal_route_real_20260624\current6_20260624_r10_task_direct_continuous_nowrite\co2\p031_T10_500ppm_fit,co2,runtime_config_snapshot.json,D:\gas_calibrator\_handoff\v1_5_formal_route_real_20260624\current6_20260624_r10_task_direct_continuous_nowrite\co2\p031_T10_500ppm_fit\runtime_config_snapshot.json,50343,50343,afdf7fa4ab01fe68bdc4c20a29b48eddc668ba3ebb7bb80935d699387c3a3000,afdf7fa4ab01fe68bdc4c20a29b48eddc668ba3ebb7bb80935d699387c3a3000,match
D:\gas_calibrator\_handoff\v1_5_formal_route_real_20260624\current6_20260624_r10_task_direct_continuous_nowrite\co2\p031_T10_500ppm_fit,co2,samples_machine_readable.csv,D:\gas_calibrator\_handoff\v1_5_formal_route_real_20260624\current6_20260624_r10_task_direct_continuous_nowrite\co2\p031_T10_500ppm_fit\samples_machine_readable.csv,49938,49938,d89c317d9913d57b2037eecc11f0b1e369fe7e030bb895ae8ad94a306b59c7b8,d89c317d9913d57b2037eecc11f0b1e369fe7e030bb895ae8ad94a306b59c7b8,match
D:\gas_calibrator\_handoff\v1_5_formal_route_real_20260624\current6_20260624_r10_task_direct_continuous_nowrite\co2\p032_T10_600ppm_fit,co2,formal_open_flow_data_quality_by_analyzer.csv,D:\gas_calibrator\_handoff\v1_5_formal_route_real_20260624\current6_20260624_r10_task_direct_continuous_nowrite\co2\p032_T10_600ppm_fit\formal_open_flow_data_quality_by_analyzer.csv,908,908,4d29d3cbc63750ae21a9b6585eb64714d299564b99f684218ef7dfb3a46a22c0,4d29d3cbc63750ae21a9b6585eb64714d299564b99f684218ef7dfb3a46a22c0,match
D:\gas_calibrator\_handoff\v1_5_formal_route_real_20260624\current6_20260624_r10_task_direct_continuous_nowrite\co2\p032_T10_600ppm_fit,co2,formal_open_flow_route_timing.json,D:\gas_calibrator\_handoff\v1_5_formal_route_real_20260624\current6_20260624_r10_task_direct_continuous_nowrite\co2\p032_T10_600ppm_fit\formal_open_flow_route_timing.json,570,570,4331f1c5e2f1203c0770705191a2d1acb9a098e45e79d7e35c8016dcad63b06d,4331f1c5e2f1203c0770705191a2d1acb9a098e45e79d7e35c8016dcad63b06d,match
D:\gas_calibrator\_handoff\v1_5_formal_route_real_20260624\current6_20260624_r10_task_direct_continuous_nowrite\co2\p032_T10_600ppm_fit,co2,formal_open_flow_sidecar_metadata.json,D:\gas_calibrator\_handoff\v1_5_formal_route_real_20260624\current6_20260624_r10_task_direct_continuous_nowrite\co2\p032_T10_600ppm_fit\formal_open_flow_sidecar_metadata.json,1204,1204,f631ea59f8da8988ccd372234e4ef9bf56e24918c7cf694b9cdca0098d7ee235,f631ea59f8da8988ccd372234e4ef9bf56e24918c7cf694b9cdca0098d7ee235,match
D:\gas_calibrator\_handoff\v1_5_formal_route_real_20260624\current6_20260624_r10_task_direct_continuous_nowrite\co2\p032_T10_600ppm_fit,co2,frame_quality_summary.csv,D:\gas_calibrator\_handoff\v1_5_formal_route_real_20260624\current6_20260624_r10_task_direct_continuous_nowrite\co2\p032_T10_600ppm_fit\frame_quality_summary.csv,496,496,3c53606d724a0267c87ea865ced6feacd6c0c8a90956c623e79e4ccdff1bb699,3c53606d724a0267c87ea865ced6feacd6c0c8a90956c623e79e4ccdff1bb699,match
D:\gas_calibrator\_handoff\v1_5_formal_route_real_20260624\current6_20260624_r10_task_direct_continuous_nowrite\co2\p032_T10_600ppm_fit,co2,runtime_config_snapshot.json,D:\gas_calibrator\_handoff\v1_5_formal_route_real_20260624\current6_20260624_r10_task_direct_continuous_nowrite\co2\p032_T10_600ppm_fit\runtime_config_snapshot.json,50343,50343,afdf7fa4ab01fe68bdc4c20a29b48eddc668ba3ebb7bb80935d699387c3a3000,afdf7fa4ab01fe68bdc4c20a29b48eddc668ba3ebb7bb80935d699387c3a3000,match
D:\gas_calibrator\_handoff\v1_5_formal_route_real_20260624\current6_20260624_r10_task_direct_continuous_nowrite\co2\p032_T10_600ppm_fit,co2,samples_machine_readable.csv,D:\gas_calibrator\_handoff\v1_5_formal_route_real_20260624\current6_20260624_r10_task_direct_continuous_nowrite\co2\p032_T10_600ppm_fit\samples_machine_readable.csv,49962,49962,d3be798a5779d264a75bc7df84f294242d25b41870dda20503776b034c586ec0,d3be798a5779d264a75bc7df84f294242d25b41870dda20503776b034c586ec0,match
D:\gas_calibrator\_handoff\v1_5_formal_route_real_20260624\current6_20260624_r10_task_direct_continuous_nowrite\co2\p033_T10_700ppm_fit,co2,formal_open_flow_data_quality_by_analyzer.csv,D:\gas_calibrator\_handoff\v1_5_formal_route_real_20260624\current6_20260624_r10_task_direct_continuous_nowrite\co2\p033_T10_700ppm_fit\formal_open_flow_data_quality_by_analyzer.csv,891,891,6a699bb7efa7cca04f6ea9019037df852a95a579be5f0c6c144a97579b0b2e3e,6a699bb7efa7cca04f6ea9019037df852a95a579be5f0c6c144a97579b0b2e3e,match
D:\gas_calibrator\_handoff\v1_5_formal_route_real_20260624\current6_20260624_r10_task_direct_continuous_nowrite\co2\p033_T10_700ppm_fit,co2,formal_open_flow_route_timing.json,D:\gas_calibrator\_handoff\v1_5_formal_route_real_20260624\current6_20260624_r10_task_direct_continuous_nowrite\co2\p033_T10_700ppm_fit\formal_open_flow_route_timing.json,570,570,e3ce8891c5e7265aeb3a9d7177a42be09dbb8051eed40029b694a1183696a40c,e3ce8891c5e7265aeb3a9d7177a42be09dbb8051eed40029b694a1183696a40c,match
D:\gas_calibrator\_handoff\v1_5_formal_route_real_20260624\current6_20260624_r10_task_direct_continuous_nowrite\co2\p033_T10_700ppm_fit,co2,formal_open_flow_sidecar_metadata.json,D:\gas_calibrator\_handoff\v1_5_formal_route_real_20260624\current6_20260624_r10_task_direct_continuous_nowrite\co2\p033_T10_700ppm_fit\formal_open_flow_sidecar_metadata.json,1206,1206,7c7b698f3320d62f9af9e3b3d6c954bc53a9071a4fd04eb7ad627f1b655361a3,7c7b698f3320d62f9af9e3b3d6c954bc53a9071a4fd04eb7ad627f1b655361a3,match
D:\gas_calibrator\_handoff\v1_5_formal_route_real_20260624\current6_20260624_r10_task_direct_continuous_nowrite\co2\p033_T10_700ppm_fit,co2,frame_quality_summary.csv,D:\gas_calibrator\_handoff\v1_5_formal_route_real_20260624\current6_20260624_r10_task_direct_continuous_nowrite\co2\p033_T10_700ppm_fit\frame_quality_summary.csv,496,496,c60f36a2615ba738698e5fbc1441c61522a28d6dbd40d433fcc76d249272d65c,c60f36a2615ba738698e5fbc1441c61522a28d6dbd40d433fcc76d249272d65c,match
D:\gas_calibrator\_handoff\v1_5_formal_route_real_20260624\current6_20260624_r10_task_direct_continuous_nowrite\co2\p033_T10_700ppm_fit,co2,runtime_config_snapshot.json,D:\gas_calibrator\_handoff\v1_5_formal_route_real_20260624\current6_20260624_r10_task_direct_continuous_nowrite\co2\p033_T10_700ppm_fit\runtime_config_snapshot.json,50343,50343,afdf7fa4ab01fe68bdc4c20a29b48eddc668ba3ebb7bb80935d699387c3a3000,afdf7fa4ab01fe68bdc4c20a29b48eddc668ba3ebb7bb80935d699387c3a3000,match
D:\gas_calibrator\_handoff\v1_5_formal_route_real_20260624\current6_20260624_r10_task_direct_continuous_nowrite\co2\p033_T10_700ppm_fit,co2,samples_machine_readable.csv,D:\gas_calibrator\_handoff\v1_5_formal_route_real_20260624\current6_20260624_r10_task_direct_continuous_nowrite\co2\p033_T10_700ppm_fit\samples_machine_readable.csv,49927,49927,09d2ee230fc665b75dc8857efc119f8476478c041bc128a0bb11b34e2b87242a,09d2ee230fc665b75dc8857efc119f8476478c041bc128a0bb11b34e2b87242a,match
D:\gas_calibrator\_handoff\v1_5_formal_route_real_20260624\current6_20260624_r10_task_direct_continuous_nowrite\co2\p034_T10_800ppm_fit,co2,formal_open_flow_data_quality_by_analyzer.csv,D:\gas_calibrator\_handoff\v1_5_formal_route_real_20260624\current6_20260624_r10_task_direct_continuous_nowrite\co2\p034_T10_800ppm_fit\formal_open_flow_data_quality_by_analyzer.csv,870,870,ef64bdc824799a04ac950f34003693509341cdda129c98129506ed10606bd08d,ef64bdc824799a04ac950f34003693509341cdda129c98129506ed10606bd08d,match
D:\gas_calibrator\_handoff\v1_5_formal_route_real_20260624\current6_20260624_r10_task_direct_continuous_nowrite\co2\p034_T10_800ppm_fit,co2,formal_open_flow_route_timing.json,D:\gas_calibrator\_handoff\v1_5_formal_route_real_20260624\current6_20260624_r10_task_direct_continuous_nowrite\co2\p034_T10_800ppm_fit\formal_open_flow_route_timing.json,570,570,ff057b7215f86baed3ee204e322c3e0a9515604cadd2dc184ef8f4088bfd4979,ff057b7215f86baed3ee204e322c3e0a9515604cadd2dc184ef8f4088bfd4979,match
D:\gas_calibrator\_handoff\v1_5_formal_route_real_20260624\current6_20260624_r10_task_direct_continuous_nowrite\co2\p034_T10_800ppm_fit,co2,formal_open_flow_sidecar_metadata.json,D:\gas_calibrator\_handoff\v1_5_formal_route_real_20260624\current6_20260624_r10_task_direct_continuous_nowrite\co2\p034_T10_800ppm_fit\formal_open_flow_sidecar_metadata.json,1204,1204,18ca27bb69292ec143612b013f049253b023059d6c417c9c15c6186182e91f6e,18ca27bb69292ec143612b013f049253b023059d6c417c9c15c6186182e91f6e,match
D:\gas_calibrator\_handoff\v1_5_formal_route_real_20260624\current6_20260624_r10_task_direct_continuous_nowrite\co2\p034_T10_800ppm_fit,co2,frame_quality_summary.csv,D:\gas_calibrator\_handoff\v1_5_formal_route_real_20260624\current6_20260624_r10_task_direct_continuous_nowrite\co2\p034_T10_800ppm_fit\frame_quality_summary.csv,496,496,dc2ef38fe636c30fcdb63e1b35a710399e0a47c705261267521df5e388307a2c,dc2ef38fe636c30fcdb63e1b35a710399e0a47c705261267521df5e388307a2c,match
D:\gas_calibrator\_handoff\v1_5_formal_route_real_20260624\current6_20260624_r10_task_direct_continuous_nowrite\co2\p034_T10_800ppm_fit,co2,runtime_config_snapshot.json,D:\gas_calibrator\_handoff\v1_5_formal_route_real_20260624\current6_20260624_r10_task_direct_continuous_nowrite\co2\p034_T10_800ppm_fit\runtime_config_snapshot.json,50343,50343,afdf7fa4ab01fe68bdc4c20a29b48eddc668ba3ebb7bb80935d699387c3a3000,afdf7fa4ab01fe68bdc4c20a29b48eddc668ba3ebb7bb80935d699387c3a3000,match
D:\gas_calibrator\_handoff\v1_5_formal_route_real_20260624\current6_20260624_r10_task_direct_continuous_nowrite\co2\p034_T10_800ppm_fit,co2,samples_machine_readable.csv,D:\gas_calibrator\_handoff\v1_5_formal_route_real_20260624\current6_20260624_r10_task_direct_continuous_nowrite\co2\p034_T10_800ppm_fit\samples_machine_readable.csv,49989,49989,e6924c2abdffcd258dfe557fa522cbd24e44b0fbdc664e61ac4efb9ab2773a1e,e6924c2abdffcd258dfe557fa522cbd24e44b0fbdc664e61ac4efb9ab2773a1e,match
D:\gas_calibrator\_handoff\v1_5_formal_route_real_20260624\current6_20260624_r10_task_direct_continuous_nowrite\co2\p035_T10_900ppm_fit,co2,formal_open_flow_data_quality_by_analyzer.csv,D:\gas_calibrator\_handoff\v1_5_formal_route_real_20260624\current6_20260624_r10_task_direct_continuous_nowrite\co2\p035_T10_900ppm_fit\formal_open_flow_data_quality_by_analyzer.csv,873,873,e6a912e09b9e2169e6cc64b329965807052b43466dc0ab7dd2e6812047089e8b,e6a912e09b9e2169e6cc64b329965807052b43466dc0ab7dd2e6812047089e8b,match
D:\gas_calibrator\_handoff\v1_5_formal_route_real_20260624\current6_20260624_r10_task_direct_continuous_nowrite\co2\p035_T10_900ppm_fit,co2,formal_open_flow_route_timing.json,D:\gas_calibrator\_handoff\v1_5_formal_route_real_20260624\current6_20260624_r10_task_direct_continuous_nowrite\co2\p035_T10_900ppm_fit\formal_open_flow_route_timing.json,570,570,70510f5d01504beeef5d288c228bcfcb23d400308868a41544b1fdcd8483316d,70510f5d01504beeef5d288c228bcfcb23d400308868a41544b1fdcd8483316d,match
D:\gas_calibrator\_handoff\v1_5_formal_route_real_20260624\current6_20260624_r10_task_direct_continuous_nowrite\co2\p035_T10_900ppm_fit,co2,formal_open_flow_sidecar_metadata.json,D:\gas_calibrator\_handoff\v1_5_formal_route_real_20260624\current6_20260624_r10_task_direct_continuous_nowrite\co2\p035_T10_900ppm_fit\formal_open_flow_sidecar_metadata.json,1206,1206,b6b436c4cac886421faddd932851ca42a1cc2d2a74333f50c08087b5cac4e131,b6b436c4cac886421faddd932851ca42a1cc2d2a74333f50c08087b5cac4e131,match
D:\gas_calibrator\_handoff\v1_5_formal_route_real_20260624\current6_20260624_r10_task_direct_continuous_nowrite\co2\p035_T10_900ppm_fit,co2,frame_quality_summary.csv,D:\gas_calibrator\_handoff\v1_5_formal_route_real_20260624\current6_20260624_r10_task_direct_continuous_nowrite\co2\p035_T10_900ppm_fit\frame_quality_summary.csv,496,496,73d2c30fba303cceba4da408aef1b95a006a3c950db8b8d0d23fa93cb22e4c8a,73d2c30fba303cceba4da408aef1b95a006a3c950db8b8d0d23fa93cb22e4c8a,match
D:\gas_calibrator\_handoff\v1_5_formal_route_real_20260624\current6_20260624_r10_task_direct_continuous_nowrite\co2\p035_T10_900ppm_fit,co2,runtime_config_snapshot.json,D:\gas_calibrator\_handoff\v1_5_formal_route_real_20260624\current6_20260624_r10_task_direct_continuous_nowrite\co2\p035_T10_900ppm_fit\runtime_config_snapshot.json,50343,50343,afdf7fa4ab01fe68bdc4c20a29b48eddc668ba3ebb7bb80935d699387c3a3000,afdf7fa4ab01fe68bdc4c20a29b48eddc668ba3ebb7bb80935d699387c3a3000,match
D:\gas_calibrator\_handoff\v1_5_formal_route_real_20260624\current6_20260624_r10_task_direct_continuous_nowrite\co2\p035_T10_900ppm_fit,co2,samples_machine_readable.csv,D:\gas_calibrator\_handoff\v1_5_formal_route_real_20260624\current6_20260624_r10_task_direct_continuous_nowrite\co2\p035_T10_900ppm_fit\samples_machine_readable.csv,49781,49781,bb3bd9eed3b7f511e2ceefcbd12cdc08d25d02fa658ac5913fc0d76b4336d724,bb3bd9eed3b7f511e2ceefcbd12cdc08d25d02fa658ac5913fc0d76b4336d724,match
D:\gas_calibrator\_handoff\v1_5_formal_route_real_20260624\current6_20260624_r10_task_direct_continuous_nowrite\co2\p036_T10_1000ppm_fit,co2,formal_open_flow_data_quality_by_analyzer.csv,D:\gas_calibrator\_handoff\v1_5_formal_route_real_20260624\current6_20260624_r10_task_direct_continuous_nowrite\co2\p036_T10_1000ppm_fit\formal_open_flow_data_quality_by_analyzer.csv,853,853,ad978adf912d412d357409283c2bd28ac30536be62a2d338f6e1406b10bd3a09,ad978adf912d412d357409283c2bd28ac30536be62a2d338f6e1406b10bd3a09,match
D:\gas_calibrator\_handoff\v1_5_formal_route_real_20260624\current6_20260624_r10_task_direct_continuous_nowrite\co2\p036_T10_1000ppm_fit,co2,formal_open_flow_route_timing.json,D:\gas_calibrator\_handoff\v1_5_formal_route_real_20260624\current6_20260624_r10_task_direct_continuous_nowrite\co2\p036_T10_1000ppm_fit\formal_open_flow_route_timing.json,572,572,023aedec33227f93af8fca08a65acc4e942e5489155b648d3a801f11fbb1dae9,023aedec33227f93af8fca08a65acc4e942e5489155b648d3a801f11fbb1dae9,match
D:\gas_calibrator\_handoff\v1_5_formal_route_real_20260624\current6_20260624_r10_task_direct_continuous_nowrite\co2\p036_T10_1000ppm_fit,co2,formal_open_flow_sidecar_metadata.json,D:\gas_calibrator\_handoff\v1_5_formal_route_real_20260624\current6_20260624_r10_task_direct_continuous_nowrite\co2\p036_T10_1000ppm_fit\formal_open_flow_sidecar_metadata.json,1206,1206,707a1349203fd54dc46645b608397238acc8392871acbb42a43d190c95f28d85,707a1349203fd54dc46645b608397238acc8392871acbb42a43d190c95f28d85,match
D:\gas_calibrator\_handoff\v1_5_formal_route_real_20260624\current6_20260624_r10_task_direct_continuous_nowrite\co2\p036_T10_1000ppm_fit,co2,frame_quality_summary.csv,D:\gas_calibrator\_handoff\v1_5_formal_route_real_20260624\current6_20260624_r10_task_direct_continuous_nowrite\co2\p036_T10_1000ppm_fit\frame_quality_summary.csv,502,502,9b787f6de917d3508b8511e9eea38419ab6224df08d7772b531f1bd9ad36227c,9b787f6de917d3508b8511e9eea38419ab6224df08d7772b531f1bd9ad36227c,match
D:\gas_calibrator\_handoff\v1_5_formal_route_real_20260624\current6_20260624_r10_task_direct_continuous_nowrite\co2\p036_T10_1000ppm_fit,co2,runtime_config_snapshot.json,D:\gas_calibrator\_handoff\v1_5_formal_route_real_20260624\current6_20260624_r10_task_direct_continuous_nowrite\co2\p036_T10_1000ppm_fit\runtime_config_snapshot.json,50343,50343,afdf7fa4ab01fe68bdc4c20a29b48eddc668ba3ebb7bb80935d699387c3a3000,afdf7fa4ab01fe68bdc4c20a29b48eddc668ba3ebb7bb80935d699387c3a3000,match
D:\gas_calibrator\_handoff\v1_5_formal_route_real_20260624\current6_20260624_r10_task_direct_continuous_nowrite\co2\p036_T10_1000ppm_fit,co2,samples_machine_readable.csv,D:\gas_calibrator\_handoff\v1_5_formal_route_real_20260624\current6_20260624_r10_task_direct_continuous_nowrite\co2\p036_T10_1000ppm_fit\samples_machine_readable.csv,49979,49979,960df12facaaee88510976c180846d86a811f27a896beea4b67848ae68654355,960df12facaaee88510976c180846d86a811f27a896beea4b67848ae68654355,match
D:\gas_calibrator\_handoff\v1_5_formal_route_real_20260624\current6_20260624_r10_task_direct_continuous_nowrite\co2\p037_T0_0ppm_fit,co2,formal_open_flow_data_quality_by_analyzer.csv,D:\gas_calibrator\_handoff\v1_5_formal_route_real_20260624\current6_20260624_r10_task_direct_continuous_nowrite\co2\p037_T0_0ppm_fit\formal_open_flow_data_quality_by_analyzer.csv,892,892,fa4ccc247dc5d3e0fe843d7a2d9391528c505a957b9461f5ea2d4e1f8ea6e235,fa4ccc247dc5d3e0fe843d7a2d9391528c505a957b9461f5ea2d4e1f8ea6e235,match
D:\gas_calibrator\_handoff\v1_5_formal_route_real_20260624\current6_20260624_r10_task_direct_continuous_nowrite\co2\p037_T0_0ppm_fit,co2,formal_open_flow_route_timing.json,D:\gas_calibrator\_handoff\v1_5_formal_route_real_20260624\current6_20260624_r10_task_direct_continuous_nowrite\co2\p037_T0_0ppm_fit\formal_open_flow_route_timing.json,565,565,46b465187bd930f7fb073d5e99584e6f5a2c8a805646e2c7f4dc494c7ada5fca,46b465187bd930f7fb073d5e99584e6f5a2c8a805646e2c7f4dc494c7ada5fca,match
D:\gas_calibrator\_handoff\v1_5_formal_route_real_20260624\current6_20260624_r10_task_direct_continuous_nowrite\co2\p037_T0_0ppm_fit,co2,formal_open_flow_sidecar_metadata.json,D:\gas_calibrator\_handoff\v1_5_formal_route_real_20260624\current6_20260624_r10_task_direct_continuous_nowrite\co2\p037_T0_0ppm_fit\formal_open_flow_sidecar_metadata.json,1199,1199,346f44457cc152eb9b98a9b70fb189501489c1f438751cd60cd3342f231e752d,346f44457cc152eb9b98a9b70fb189501489c1f438751cd60cd3342f231e752d,match
D:\gas_calibrator\_handoff\v1_5_formal_route_real_20260624\current6_20260624_r10_task_direct_continuous_nowrite\co2\p037_T0_0ppm_fit,co2,frame_quality_summary.csv,D:\gas_calibrator\_handoff\v1_5_formal_route_real_20260624\current6_20260624_r10_task_direct_continuous_nowrite\co2\p037_T0_0ppm_fit\frame_quality_summary.csv,484,484,06554fea1aa002e0b9f84768a6cd2d4d99ddc773167bb5fe5d564d5117fc85fd,06554fea1aa002e0b9f84768a6cd2d4d99ddc773167bb5fe5d564d5117fc85fd,match
D:\gas_calibrator\_handoff\v1_5_formal_route_real_20260624\current6_20260624_r10_task_direct_continuous_nowrite\co2\p037_T0_0ppm_fit,co2,runtime_config_snapshot.json,D:\gas_calibrator\_handoff\v1_5_formal_route_real_20260624\current6_20260624_r10_task_direct_continuous_nowrite\co2\p037_T0_0ppm_fit\runtime_config_snapshot.json,50343,50343,afdf7fa4ab01fe68bdc4c20a29b48eddc668ba3ebb7bb80935d699387c3a3000,afdf7fa4ab01fe68bdc4c20a29b48eddc668ba3ebb7bb80935d699387c3a3000,match
D:\gas_calibrator\_handoff\v1_5_formal_route_real_20260624\current6_20260624_r10_task_direct_continuous_nowrite\co2\p037_T0_0ppm_fit,co2,samples_machine_readable.csv,D:\gas_calibrator\_handoff\v1_5_formal_route_real_20260624\current6_20260624_r10_task_direct_continuous_nowrite\co2\p037_T0_0ppm_fit\samples_machine_readable.csv,49496,49496,a8e5238a9f7f81e9d44d406dfbed7a2c9d050ef3e326db6adb7b23d64f12faae,a8e5238a9f7f81e9d44d406dfbed7a2c9d050ef3e326db6adb7b23d64f12faae,match
D:\gas_calibrator\_handoff\v1_5_formal_route_real_20260624\current6_20260624_r10_task_direct_continuous_nowrite\co2\p038_T0_400ppm_fit,co2,formal_open_flow_data_quality_by_analyzer.csv,D:\gas_calibrator\_handoff\v1_5_formal_route_real_20260624\current6_20260624_r10_task_direct_continuous_nowrite\co2\p038_T0_400ppm_fit\formal_open_flow_data_quality_by_analyzer.csv,923,923,8f283972a8006f88ecd7acd994dec8a222f6cb8768978278a6b46807a04a3925,8f283972a8006f88ecd7acd994dec8a222f6cb8768978278a6b46807a04a3925,match
D:\gas_calibrator\_handoff\v1_5_formal_route_real_20260624\current6_20260624_r10_task_direct_continuous_nowrite\co2\p038_T0_400ppm_fit,co2,formal_open_flow_route_timing.json,D:\gas_calibrator\_handoff\v1_5_formal_route_real_20260624\current6_20260624_r10_task_direct_continuous_nowrite\co2\p038_T0_400ppm_fit\formal_open_flow_route_timing.json,569,569,886828c16488e585f04897696f92bbec9a60ec5a080120de62da23a0840e0268,886828c16488e585f04897696f92bbec9a60ec5a080120de62da23a0840e0268,match
D:\gas_calibrator\_handoff\v1_5_formal_route_real_20260624\current6_20260624_r10_task_direct_continuous_nowrite\co2\p038_T0_400ppm_fit,co2,formal_open_flow_sidecar_metadata.json,D:\gas_calibrator\_handoff\v1_5_formal_route_real_20260624\current6_20260624_r10_task_direct_continuous_nowrite\co2\p038_T0_400ppm_fit\formal_open_flow_sidecar_metadata.json,1203,1203,3452e560a985305845708948ed2a5c3539ab43eff7947c2693e0610556dae33d,3452e560a985305845708948ed2a5c3539ab43eff7947c2693e0610556dae33d,match
D:\gas_calibrator\_handoff\v1_5_formal_route_real_20260624\current6_20260624_r10_task_direct_continuous_nowrite\co2\p038_T0_400ppm_fit,co2,frame_quality_summary.csv,D:\gas_calibrator\_handoff\v1_5_formal_route_real_20260624\current6_20260624_r10_task_direct_continuous_nowrite\co2\p038_T0_400ppm_fit\frame_quality_summary.csv,496,496,b2d6a75d3d5a8c329017d63140b0d5e91f14b08b4f3e43a129c75552fd42e6ab,b2d6a75d3d5a8c329017d63140b0d5e91f14b08b4f3e43a129c75552fd42e6ab,match
D:\gas_calibrator\_handoff\v1_5_formal_route_real_20260624\current6_20260624_r10_task_direct_continuous_nowrite\co2\p038_T0_400ppm_fit,co2,runtime_config_snapshot.json,D:\gas_calibrator\_handoff\v1_5_formal_route_real_20260624\current6_20260624_r10_task_direct_continuous_nowrite\co2\p038_T0_400ppm_fit\runtime_config_snapshot.json,50343,50343,afdf7fa4ab01fe68bdc4c20a29b48eddc668ba3ebb7bb80935d699387c3a3000,afdf7fa4ab01fe68bdc4c20a29b48eddc668ba3ebb7bb80935d699387c3a3000,match
D:\gas_calibrator\_handoff\v1_5_formal_route_real_20260624\current6_20260624_r10_task_direct_continuous_nowrite\co2\p038_T0_400ppm_fit,co2,samples_machine_readable.csv,D:\gas_calibrator\_handoff\v1_5_formal_route_real_20260624\current6_20260624_r10_task_direct_continuous_nowrite\co2\p038_T0_400ppm_fit\samples_machine_readable.csv,49688,49688,551baa4d876cd624eb8300292a44dc692e5f3b41523102c4cff42ddf1b49ba11,551baa4d876cd624eb8300292a44dc692e5f3b41523102c4cff42ddf1b49ba11,match
D:\gas_calibrator\_handoff\v1_5_formal_route_real_20260624\current6_20260624_r10_task_direct_continuous_nowrite\co2\p039_T0_1000ppm_fit,co2,formal_open_flow_data_quality_by_analyzer.csv,D:\gas_calibrator\_handoff\v1_5_formal_route_real_20260624\current6_20260624_r10_task_direct_continuous_nowrite\co2\p039_T0_1000ppm_fit\formal_open_flow_data_quality_by_analyzer.csv,884,884,c8a5e569dbd43d4cd864846358e1f801c78d5d21c75bf731748b3e19d61cf555,c8a5e569dbd43d4cd864846358e1f801c78d5d21c75bf731748b3e19d61cf555,match
D:\gas_calibrator\_handoff\v1_5_formal_route_real_20260624\current6_20260624_r10_task_direct_continuous_nowrite\co2\p039_T0_1000ppm_fit,co2,formal_open_flow_route_timing.json,D:\gas_calibrator\_handoff\v1_5_formal_route_real_20260624\current6_20260624_r10_task_direct_continuous_nowrite\co2\p039_T0_1000ppm_fit\formal_open_flow_route_timing.json,571,571,c7a44b15f85e09d5f5b67348a28fcdddda7e46356dbdc5a91ace670dcc39fd58,c7a44b15f85e09d5f5b67348a28fcdddda7e46356dbdc5a91ace670dcc39fd58,match
D:\gas_calibrator\_handoff\v1_5_formal_route_real_20260624\current6_20260624_r10_task_direct_continuous_nowrite\co2\p039_T0_1000ppm_fit,co2,formal_open_flow_sidecar_metadata.json,D:\gas_calibrator\_handoff\v1_5_formal_route_real_20260624\current6_20260624_r10_task_direct_continuous_nowrite\co2\p039_T0_1000ppm_fit\formal_open_flow_sidecar_metadata.json,1205,1205,e66f4e88422546d0b35beb342ac9e7bfec3c09e0b465d0627cc5d4bed5639009,e66f4e88422546d0b35beb342ac9e7bfec3c09e0b465d0627cc5d4bed5639009,match
D:\gas_calibrator\_handoff\v1_5_formal_route_real_20260624\current6_20260624_r10_task_direct_continuous_nowrite\co2\p039_T0_1000ppm_fit,co2,frame_quality_summary.csv,D:\gas_calibrator\_handoff\v1_5_formal_route_real_20260624\current6_20260624_r10_task_direct_continuous_nowrite\co2\p039_T0_1000ppm_fit\frame_quality_summary.csv,502,502,9b787f6de917d3508b8511e9eea38419ab6224df08d7772b531f1bd9ad36227c,9b787f6de917d3508b8511e9eea38419ab6224df08d7772b531f1bd9ad36227c,match
D:\gas_calibrator\_handoff\v1_5_formal_route_real_20260624\current6_20260624_r10_task_direct_continuous_nowrite\co2\p039_T0_1000ppm_fit,co2,runtime_config_snapshot.json,D:\gas_calibrator\_handoff\v1_5_formal_route_real_20260624\current6_20260624_r10_task_direct_continuous_nowrite\co2\p039_T0_1000ppm_fit\runtime_config_snapshot.json,50343,50343,afdf7fa4ab01fe68bdc4c20a29b48eddc668ba3ebb7bb80935d699387c3a3000,afdf7fa4ab01fe68bdc4c20a29b48eddc668ba3ebb7bb80935d699387c3a3000,match
D:\gas_calibrator\_handoff\v1_5_formal_route_real_20260624\current6_20260624_r10_task_direct_continuous_nowrite\co2\p039_T0_1000ppm_fit,co2,samples_machine_readable.csv,D:\gas_calibrator\_handoff\v1_5_formal_route_real_20260624\current6_20260624_r10_task_direct_continuous_nowrite\co2\p039_T0_1000ppm_fit\samples_machine_readable.csv,49829,49829,de70fd0ed18860c15d3cb2a45c4f662cbdfbddfec039add285377c53ffc9a6a9,de70fd0ed18860c15d3cb2a45c4f662cbdfbddfec039add285377c53ffc9a6a9,match
D:\gas_calibrator\_handoff\v1_5_formal_route_real_20260624\current6_20260624_r10_task_direct_continuous_nowrite\co2\p040_Tm10_0ppm_fit,co2,formal_open_flow_route_timing.json,D:\gas_calibrator\_handoff\v1_5_formal_route_real_20260624\current6_20260624_r10_task_direct_continuous_nowrite\co2\p040_Tm10_0ppm_fit\formal_open_flow_route_timing.json,526,526,e4ef06b56e58cb712aacb85026fea010414129d8c63045d66443df240d961194,e4ef06b56e58cb712aacb85026fea010414129d8c63045d66443df240d961194,match
D:\gas_calibrator\_handoff\v1_5_formal_route_real_20260624\current6_20260624_r10_task_direct_continuous_nowrite\co2\p040_Tm10_0ppm_fit,co2,formal_open_flow_sidecar_metadata.json,D:\gas_calibrator\_handoff\v1_5_formal_route_real_20260624\current6_20260624_r10_task_direct_continuous_nowrite\co2\p040_Tm10_0ppm_fit\formal_open_flow_sidecar_metadata.json,1201,1201,41927339afb5caf3d26db3a4649212903d0b0158112662c34949b7ed53fffff5,41927339afb5caf3d26db3a4649212903d0b0158112662c34949b7ed53fffff5,match
D:\gas_calibrator\_handoff\v1_5_formal_route_real_20260624\current6_20260624_r10_task_direct_continuous_nowrite\co2\p040_Tm10_0ppm_fit,co2,runtime_config_snapshot.json,D:\gas_calibrator\_handoff\v1_5_formal_route_real_20260624\current6_20260624_r10_task_direct_continuous_nowrite\co2\p040_Tm10_0ppm_fit\runtime_config_snapshot.json,50383,50383,ecc77a4678a658f38bbc0eb1e55bdf19f5b4994260bf2724ba57492dcb694317,ecc77a4678a658f38bbc0eb1e55bdf19f5b4994260bf2724ba57492dcb694317,match
D:\gas_calibrator\_handoff\v1_5_formal_route_real_20260624\current6_20260624_r10_task_direct_continuous_nowrite\co2\p041_Tm10_400ppm_fit,co2,formal_open_flow_route_timing.json,D:\gas_calibrator\_handoff\v1_5_formal_route_real_20260624\current6_20260624_r10_task_direct_continuous_nowrite\co2\p041_Tm10_400ppm_fit\formal_open_flow_route_timing.json,530,530,0d46d4aa5f5020b3e7dcff4b51445829c82d9193219a2f47081436bfb4aa1366,0d46d4aa5f5020b3e7dcff4b51445829c82d9193219a2f47081436bfb4aa1366,match
D:\gas_calibrator\_handoff\v1_5_formal_route_real_20260624\current6_20260624_r10_task_direct_continuous_nowrite\co2\p041_Tm10_400ppm_fit,co2,formal_open_flow_sidecar_metadata.json,D:\gas_calibrator\_handoff\v1_5_formal_route_real_20260624\current6_20260624_r10_task_direct_continuous_nowrite\co2\p041_Tm10_400ppm_fit\formal_open_flow_sidecar_metadata.json,1205,1205,554af5fe0a48be1fc2313e333ed486f672f18537a0d68a92f22d3a7a1651799f,554af5fe0a48be1fc2313e333ed486f672f18537a0d68a92f22d3a7a1651799f,match
D:\gas_calibrator\_handoff\v1_5_formal_route_real_20260624\current6_20260624_r10_task_direct_continuous_nowrite\co2\p041_Tm10_400ppm_fit,co2,runtime_config_snapshot.json,D:\gas_calibrator\_handoff\v1_5_formal_route_real_20260624\current6_20260624_r10_task_direct_continuous_nowrite\co2\p041_Tm10_400ppm_fit\runtime_config_snapshot.json,50383,50383,ecc77a4678a658f38bbc0eb1e55bdf19f5b4994260bf2724ba57492dcb694317,ecc77a4678a658f38bbc0eb1e55bdf19f5b4994260bf2724ba57492dcb694317,match
D:\gas_calibrator\_handoff\v1_5_formal_route_real_20260624\current6_20260624_r10_task_direct_continuous_nowrite\co2\p042_Tm10_1000ppm_fit,co2,formal_open_flow_data_quality_by_analyzer.csv,D:\gas_calibrator\_handoff\v1_5_formal_route_real_20260624\current6_20260624_r10_task_direct_continuous_nowrite\co2\p042_Tm10_1000ppm_fit\formal_open_flow_data_quality_by_analyzer.csv,858,858,0c1f741aa03f31e48e731d0852ff9a211c5c74f5217cd53b77b3ecb728e61997,0c1f741aa03f31e48e731d0852ff9a211c5c74f5217cd53b77b3ecb728e61997,match
D:\gas_calibrator\_handoff\v1_5_formal_route_real_20260624\current6_20260624_r10_task_direct_continuous_nowrite\co2\p042_Tm10_1000ppm_fit,co2,formal_open_flow_route_timing.json,D:\gas_calibrator\_handoff\v1_5_formal_route_real_20260624\current6_20260624_r10_task_direct_continuous_nowrite\co2\p042_Tm10_1000ppm_fit\formal_open_flow_route_timing.json,573,573,36d36b1c1f2ccd38920546e122b42d7ef7351bfc89ad3d831d663aa666c814e1,36d36b1c1f2ccd38920546e122b42d7ef7351bfc89ad3d831d663aa666c814e1,match
D:\gas_calibrator\_handoff\v1_5_formal_route_real_20260624\current6_20260624_r10_task_direct_continuous_nowrite\co2\p042_Tm10_1000ppm_fit,co2,formal_open_flow_sidecar_metadata.json,D:\gas_calibrator\_handoff\v1_5_formal_route_real_20260624\current6_20260624_r10_task_direct_continuous_nowrite\co2\p042_Tm10_1000ppm_fit\formal_open_flow_sidecar_metadata.json,1207,1207,75920bf311d6c5dcfe28bbee3d9053e250b39bd58271f46e7281305381b12566,75920bf311d6c5dcfe28bbee3d9053e250b39bd58271f46e7281305381b12566,match
D:\gas_calibrator\_handoff\v1_5_formal_route_real_20260624\current6_20260624_r10_task_direct_continuous_nowrite\co2\p042_Tm10_1000ppm_fit,co2,frame_quality_summary.csv,D:\gas_calibrator\_handoff\v1_5_formal_route_real_20260624\current6_20260624_r10_task_direct_continuous_nowrite\co2\p042_Tm10_1000ppm_fit\frame_quality_summary.csv,502,502,9b787f6de917d3508b8511e9eea38419ab6224df08d7772b531f1bd9ad36227c,9b787f6de917d3508b8511e9eea38419ab6224df08d7772b531f1bd9ad36227c,match
D:\gas_calibrator\_handoff\v1_5_formal_route_real_20260624\current6_20260624_r10_task_direct_continuous_nowrite\co2\p042_Tm10_1000ppm_fit,co2,runtime_config_snapshot.json,D:\gas_calibrator\_handoff\v1_5_formal_route_real_20260624\current6_20260624_r10_task_direct_continuous_nowrite\co2\p042_Tm10_1000ppm_fit\runtime_config_snapshot.json,50504,50504,6a37ab7e6d946f3cbcabaec3e3531883bcd216924acfdea97bd7474a2cd82a22,6a37ab7e6d946f3cbcabaec3e3531883bcd216924acfdea97bd7474a2cd82a22,match
D:\gas_calibrator\_handoff\v1_5_formal_route_real_20260624\current6_20260624_r10_task_direct_continuous_nowrite\co2\p042_Tm10_1000ppm_fit,co2,samples_machine_readable.csv,D:\gas_calibrator\_handoff\v1_5_formal_route_real_20260624\current6_20260624_r10_task_direct_continuous_nowrite\co2\p042_Tm10_1000ppm_fit\samples_machine_readable.csv,81219,81219,affd104d6c4142788cdc06b16029e64228aa3fa5b07dddf04ba93f01ecc36e06,affd104d6c4142788cdc06b16029e64228aa3fa5b07dddf04ba93f01ecc36e06,match
D:\gas_calibrator\_handoff\v1_5_formal_route_real_20260624\current6_20260624_r10_task_direct_continuous_nowrite\co2\p043_Tm20_0ppm_fit,co2,formal_open_flow_data_quality_by_analyzer.csv,D:\gas_calibrator\_handoff\v1_5_formal_route_real_20260624\current6_20260624_r10_task_direct_continuous_nowrite\co2\p043_Tm20_0ppm_fit\formal_open_flow_data_quality_by_analyzer.csv,867,867,e3d1d9d82ab4ca27b1b81904ffb00d97f05a2e4711f05c9d536a0d49a76cd99b,e3d1d9d82ab4ca27b1b81904ffb00d97f05a2e4711f05c9d536a0d49a76cd99b,match
D:\gas_calibrator\_handoff\v1_5_formal_route_real_20260624\current6_20260624_r10_task_direct_continuous_nowrite\co2\p043_Tm20_0ppm_fit,co2,formal_open_flow_route_timing.json,D:\gas_calibrator\_handoff\v1_5_formal_route_real_20260624\current6_20260624_r10_task_direct_continuous_nowrite\co2\p043_Tm20_0ppm_fit\formal_open_flow_route_timing.json,567,567,5d3232b9d5ebd037a9894b90eb29a187f14fb21c807497f5388f78e75a965778,5d3232b9d5ebd037a9894b90eb29a187f14fb21c807497f5388f78e75a965778,match
D:\gas_calibrator\_handoff\v1_5_formal_route_real_20260624\current6_20260624_r10_task_direct_continuous_nowrite\co2\p043_Tm20_0ppm_fit,co2,formal_open_flow_sidecar_metadata.json,D:\gas_calibrator\_handoff\v1_5_formal_route_real_20260624\current6_20260624_r10_task_direct_continuous_nowrite\co2\p043_Tm20_0ppm_fit\formal_open_flow_sidecar_metadata.json,1201,1201,379d42bc7d5e1b1c75f88d4c3e67e942f637902c48756020642db330f0d35d55,379d42bc7d5e1b1c75f88d4c3e67e942f637902c48756020642db330f0d35d55,match
D:\gas_calibrator\_handoff\v1_5_formal_route_real_20260624\current6_20260624_r10_task_direct_continuous_nowrite\co2\p043_Tm20_0ppm_fit,co2,frame_quality_summary.csv,D:\gas_calibrator\_handoff\v1_5_formal_route_real_20260624\current6_20260624_r10_task_direct_continuous_nowrite\co2\p043_Tm20_0ppm_fit\frame_quality_summary.csv,484,484,06554fea1aa002e0b9f84768a6cd2d4d99ddc773167bb5fe5d564d5117fc85fd,06554fea1aa002e0b9f84768a6cd2d4d99ddc773167bb5fe5d564d5117fc85fd,match
D:\gas_calibrator\_handoff\v1_5_formal_route_real_20260624\current6_20260624_r10_task_direct_continuous_nowrite\co2\p043_Tm20_0ppm_fit,co2,runtime_config_snapshot.json,D:\gas_calibrator\_handoff\v1_5_formal_route_real_20260624\current6_20260624_r10_task_direct_continuous_nowrite\co2\p043_Tm20_0ppm_fit\runtime_config_snapshot.json,50504,50504,6a37ab7e6d946f3cbcabaec3e3531883bcd216924acfdea97bd7474a2cd82a22,6a37ab7e6d946f3cbcabaec3e3531883bcd216924acfdea97bd7474a2cd82a22,match
D:\gas_calibrator\_handoff\v1_5_formal_route_real_20260624\current6_20260624_r10_task_direct_continuous_nowrite\co2\p043_Tm20_0ppm_fit,co2,samples_machine_readable.csv,D:\gas_calibrator\_handoff\v1_5_formal_route_real_20260624\current6_20260624_r10_task_direct_continuous_nowrite\co2\p043_Tm20_0ppm_fit\samples_machine_readable.csv,81456,81456,0fcfa6dda4929ed18b5b7b10871942a9a641d284ed7ccc6b65f88365697953ba,0fcfa6dda4929ed18b5b7b10871942a9a641d284ed7ccc6b65f88365697953ba,match
D:\gas_calibrator\_handoff\v1_5_formal_route_real_20260624\current6_20260624_r10_task_direct_continuous_nowrite\co2\p044_Tm20_400ppm_fit,co2,formal_open_flow_data_quality_by_analyzer.csv,D:\gas_calibrator\_handoff\v1_5_formal_route_real_20260624\current6_20260624_r10_task_direct_continuous_nowrite\co2\p044_Tm20_400ppm_fit\formal_open_flow_data_quality_by_analyzer.csv,833,833,6a0bb2cc717c242bf27930671b76dafca7bb7bee3423aa741363c886f13b600e,6a0bb2cc717c242bf27930671b76dafca7bb7bee3423aa741363c886f13b600e,match
D:\gas_calibrator\_handoff\v1_5_formal_route_real_20260624\current6_20260624_r10_task_direct_continuous_nowrite\co2\p044_Tm20_400ppm_fit,co2,formal_open_flow_route_timing.json,D:\gas_calibrator\_handoff\v1_5_formal_route_real_20260624\current6_20260624_r10_task_direct_continuous_nowrite\co2\p044_Tm20_400ppm_fit\formal_open_flow_route_timing.json,571,571,a00c9854da3c2f33f99281f4dbcdccfb4d01aab83ea67fb800c6a32a7cb24157,a00c9854da3c2f33f99281f4dbcdccfb4d01aab83ea67fb800c6a32a7cb24157,match
D:\gas_calibrator\_handoff\v1_5_formal_route_real_20260624\current6_20260624_r10_task_direct_continuous_nowrite\co2\p044_Tm20_400ppm_fit,co2,formal_open_flow_sidecar_metadata.json,D:\gas_calibrator\_handoff\v1_5_formal_route_real_20260624\current6_20260624_r10_task_direct_continuous_nowrite\co2\p044_Tm20_400ppm_fit\formal_open_flow_sidecar_metadata.json,1205,1205,25282fb8ba4c50bf9ada115e4cfb729e0bb12818d17d14807bf9ccdc0a0969a9,25282fb8ba4c50bf9ada115e4cfb729e0bb12818d17d14807bf9ccdc0a0969a9,match
D:\gas_calibrator\_handoff\v1_5_formal_route_real_20260624\current6_20260624_r10_task_direct_continuous_nowrite\co2\p044_Tm20_400ppm_fit,co2,frame_quality_summary.csv,D:\gas_calibrator\_handoff\v1_5_formal_route_real_20260624\current6_20260624_r10_task_direct_continuous_nowrite\co2\p044_Tm20_400ppm_fit\frame_quality_summary.csv,496,496,b2d6a75d3d5a8c329017d63140b0d5e91f14b08b4f3e43a129c75552fd42e6ab,b2d6a75d3d5a8c329017d63140b0d5e91f14b08b4f3e43a129c75552fd42e6ab,match
D:\gas_calibrator\_handoff\v1_5_formal_route_real_20260624\current6_20260624_r10_task_direct_continuous_nowrite\co2\p044_Tm20_400ppm_fit,co2,runtime_config_snapshot.json,D:\gas_calibrator\_handoff\v1_5_formal_route_real_20260624\current6_20260624_r10_task_direct_continuous_nowrite\co2\p044_Tm20_400ppm_fit\runtime_config_snapshot.json,50504,50504,6a37ab7e6d946f3cbcabaec3e3531883bcd216924acfdea97bd7474a2cd82a22,6a37ab7e6d946f3cbcabaec3e3531883bcd216924acfdea97bd7474a2cd82a22,match
D:\gas_calibrator\_handoff\v1_5_formal_route_real_20260624\current6_20260624_r10_task_direct_continuous_nowrite\co2\p044_Tm20_400ppm_fit,co2,samples_machine_readable.csv,D:\gas_calibrator\_handoff\v1_5_formal_route_real_20260624\current6_20260624_r10_task_direct_continuous_nowrite\co2\p044_Tm20_400ppm_fit\samples_machine_readable.csv,80001,80001,af8dd233253ede0d793037916384d3efb4a24ec8651e5be264c1011573b87242,af8dd233253ede0d793037916384d3efb4a24ec8651e5be264c1011573b87242,match
D:\gas_calibrator\_handoff\v1_5_formal_route_real_20260624\current6_20260624_r10_task_direct_continuous_nowrite\co2\p045_Tm20_1000ppm_fit,co2,formal_open_flow_data_quality_by_analyzer.csv,D:\gas_calibrator\_handoff\v1_5_formal_route_real_20260624\current6_20260624_r10_task_direct_continuous_nowrite\co2\p045_Tm20_1000ppm_fit\formal_open_flow_data_quality_by_analyzer.csv,886,886,f667abd8e85fcfbe915012675ea33b86c1506c13dbc5733b74b1bb265f669bed,f667abd8e85fcfbe915012675ea33b86c1506c13dbc5733b74b1bb265f669bed,match
D:\gas_calibrator\_handoff\v1_5_formal_route_real_20260624\current6_20260624_r10_task_direct_continuous_nowrite\co2\p045_Tm20_1000ppm_fit,co2,formal_open_flow_route_timing.json,D:\gas_calibrator\_handoff\v1_5_formal_route_real_20260624\current6_20260624_r10_task_direct_continuous_nowrite\co2\p045_Tm20_1000ppm_fit\formal_open_flow_route_timing.json,573,573,0934175e0c6c3369fea0dc30e6991d750b669a5edb175b9ecfece61117e8814d,0934175e0c6c3369fea0dc30e6991d750b669a5edb175b9ecfece61117e8814d,match
D:\gas_calibrator\_handoff\v1_5_formal_route_real_20260624\current6_20260624_r10_task_direct_continuous_nowrite\co2\p045_Tm20_1000ppm_fit,co2,formal_open_flow_sidecar_metadata.json,D:\gas_calibrator\_handoff\v1_5_formal_route_real_20260624\current6_20260624_r10_task_direct_continuous_nowrite\co2\p045_Tm20_1000ppm_fit\formal_open_flow_sidecar_metadata.json,1207,1207,993e8a5484dbb7e9c4c2e1060b5473f338e0ee7aae2263a92fc50d26940b3eec,993e8a5484dbb7e9c4c2e1060b5473f338e0ee7aae2263a92fc50d26940b3eec,match
D:\gas_calibrator\_handoff\v1_5_formal_route_real_20260624\current6_20260624_r10_task_direct_continuous_nowrite\co2\p045_Tm20_1000ppm_fit,co2,frame_quality_summary.csv,D:\gas_calibrator\_handoff\v1_5_formal_route_real_20260624\current6_20260624_r10_task_direct_continuous_nowrite\co2\p045_Tm20_1000ppm_fit\frame_quality_summary.csv,502,502,9b787f6de917d3508b8511e9eea38419ab6224df08d7772b531f1bd9ad36227c,9b787f6de917d3508b8511e9eea38419ab6224df08d7772b531f1bd9ad36227c,match
D:\gas_calibrator\_handoff\v1_5_formal_route_real_20260624\current6_20260624_r10_task_direct_continuous_nowrite\co2\p045_Tm20_1000ppm_fit,co2,runtime_config_snapshot.json,D:\gas_calibrator\_handoff\v1_5_formal_route_real_20260624\current6_20260624_r10_task_direct_continuous_nowrite\co2\p045_Tm20_1000ppm_fit\runtime_config_snapshot.json,50504,50504,6a37ab7e6d946f3cbcabaec3e3531883bcd216924acfdea97bd7474a2cd82a22,6a37ab7e6d946f3cbcabaec3e3531883bcd216924acfdea97bd7474a2cd82a22,match
D:\gas_calibrator\_handoff\v1_5_formal_route_real_20260624\current6_20260624_r10_task_direct_continuous_nowrite\co2\p045_Tm20_1000ppm_fit,co2,samples_machine_readable.csv,D:\gas_calibrator\_handoff\v1_5_formal_route_real_20260624\current6_20260624_r10_task_direct_continuous_nowrite\co2\p045_Tm20_1000ppm_fit\samples_machine_readable.csv,79826,79826,1d789b8bfea20f7b20e7454dc7df289b5b50dda662b7b2bca9f1a1208fb2af63,1d789b8bfea20f7b20e7454dc7df289b5b50dda662b7b2bca9f1a1208fb2af63,match
D:\gas_calibrator\_handoff\v1_5_formal_route_real_20260624\current6_20260624_r8_real_continuous_nowrite\co2\p001_T40_0ppm_fit,co2,formal_open_flow_route_timing.json,D:\gas_calibrator\_handoff\v1_5_formal_route_real_20260624\current6_20260624_r8_real_continuous_nowrite\co2\p001_T40_0ppm_fit\formal_open_flow_route_timing.json,566,566,bb29d43c3f6270b1e79afe851ba397f2c5b3c7ff8278be15ee197c3a138e2e29,bb29d43c3f6270b1e79afe851ba397f2c5b3c7ff8278be15ee197c3a138e2e29,match
D:\gas_calibrator\_handoff\v1_5_formal_route_real_20260624\current6_20260624_r8_real_continuous_nowrite\co2\p001_T40_0ppm_fit,co2,formal_open_flow_sidecar_metadata.json,D:\gas_calibrator\_handoff\v1_5_formal_route_real_20260624\current6_20260624_r8_real_continuous_nowrite\co2\p001_T40_0ppm_fit\formal_open_flow_sidecar_metadata.json,1200,1200,ed2c5221f108aadf8ab56c1b5c07510a1aab26dae1723cec6d6a90e8373a1fc4,ed2c5221f108aadf8ab56c1b5c07510a1aab26dae1723cec6d6a90e8373a1fc4,match
D:\gas_calibrator\_handoff\v1_5_formal_route_real_20260624\current6_20260624_r8_real_continuous_nowrite\co2\p001_T40_0ppm_fit,co2,frame_quality_summary.csv,D:\gas_calibrator\_handoff\v1_5_formal_route_real_20260624\current6_20260624_r8_real_continuous_nowrite\co2\p001_T40_0ppm_fit\frame_quality_summary.csv,484,484,06554fea1aa002e0b9f84768a6cd2d4d99ddc773167bb5fe5d564d5117fc85fd,06554fea1aa002e0b9f84768a6cd2d4d99ddc773167bb5fe5d564d5117fc85fd,match
D:\gas_calibrator\_handoff\v1_5_formal_route_real_20260624\current6_20260624_r8_real_continuous_nowrite\co2\p001_T40_0ppm_fit,co2,runtime_config_snapshot.json,D:\gas_calibrator\_handoff\v1_5_formal_route_real_20260624\current6_20260624_r8_real_continuous_nowrite\co2\p001_T40_0ppm_fit\runtime_config_snapshot.json,50335,50335,945422c7325dec5e26d11098b156b54060312c4ce90d558d641434d77c964d1c,945422c7325dec5e26d11098b156b54060312c4ce90d558d641434d77c964d1c,match
D:\gas_calibrator\_handoff\v1_5_formal_route_real_20260624\current6_20260624_r8_real_continuous_nowrite\co2\p001_T40_0ppm_fit,co2,samples_machine_readable.csv,D:\gas_calibrator\_handoff\v1_5_formal_route_real_20260624\current6_20260624_r8_real_continuous_nowrite\co2\p001_T40_0ppm_fit\samples_machine_readable.csv,49751,49751,fef0c62d3250305dd67d87e7010abd29b629e24a9ad9df33ada2679125c05e9b,fef0c62d3250305dd67d87e7010abd29b629e24a9ad9df33ada2679125c05e9b,match
D:\gas_calibrator\_handoff\v1_5_formal_route_real_20260624\current6_20260624_r8_real_continuous_nowrite\co2\p002_T40_400ppm_fit,co2,formal_open_flow_sidecar_metadata.json,D:\gas_calibrator\_handoff\v1_5_formal_route_real_20260624\current6_20260624_r8_real_continuous_nowrite\co2\p002_T40_400ppm_fit\formal_open_flow_sidecar_metadata.json,1204,1204,6381162dd9e05cb53c1f08394b983e4eb0ff8e99a2056a352a4e35447b096032,6381162dd9e05cb53c1f08394b983e4eb0ff8e99a2056a352a4e35447b096032,match
D:\gas_calibrator\_handoff\v1_5_formal_route_real_20260624\current6_20260624_r8_real_continuous_nowrite\co2\p002_T40_400ppm_fit,co2,runtime_config_snapshot.json,D:\gas_calibrator\_handoff\v1_5_formal_route_real_20260624\current6_20260624_r8_real_continuous_nowrite\co2\p002_T40_400ppm_fit\runtime_config_snapshot.json,50335,50335,945422c7325dec5e26d11098b156b54060312c4ce90d558d641434d77c964d1c,945422c7325dec5e26d11098b156b54060312c4ce90d558d641434d77c964d1c,match
D:\gas_calibrator\_p9_20260705\co2_6old_0620clean_mature45_g10_Tm20_400_retry_finalparams\p019_Tm20_400ppm_fit_retry1,co2,formal_open_flow_route_timing.json,D:\gas_calibrator\_p9_20260705\co2_6old_0620clean_mature45_g10_Tm20_400_retry_finalparams\p019_Tm20_400ppm_fit_retry1\formal_open_flow_route_timing.json,578,578,8adbaaeab0b73a05b91933964f8a2d0bcd27dc03847f1d51a6f7dec34a4bb419,8adbaaeab0b73a05b91933964f8a2d0bcd27dc03847f1d51a6f7dec34a4bb419,match
D:\gas_calibrator\_p9_20260705\co2_6old_0620clean_mature45_g10_Tm20_400_retry_finalparams\p019_Tm20_400ppm_fit_retry1,co2,formal_open_flow_sidecar_metadata.json,D:\gas_calibrator\_p9_20260705\co2_6old_0620clean_mature45_g10_Tm20_400_retry_finalparams\p019_Tm20_400ppm_fit_retry1\formal_open_flow_sidecar_metadata.json,1240,1240,c9d4c59b1f6a74428a63e04bff42a481a36ebf650ce6d858477fab267647a76c,c9d4c59b1f6a74428a63e04bff42a481a36ebf650ce6d858477fab267647a76c,match
D:\gas_calibrator\_p9_20260705\co2_6old_0620clean_mature45_g10_Tm20_400_retry_finalparams\p019_Tm20_400ppm_fit_retry1,co2,frame_quality_summary.csv,D:\gas_calibrator\_p9_20260705\co2_6old_0620clean_mature45_g10_Tm20_400_retry_finalparams\p019_Tm20_400ppm_fit_retry1\frame_quality_summary.csv,505,505,d0550a50569ce55c7b17852f7a00b9e589c58e409d97c62a16af83ce980378a6,d0550a50569ce55c7b17852f7a00b9e589c58e409d97c62a16af83ce980378a6,match
D:\gas_calibrator\_p9_20260705\co2_6old_0620clean_mature45_g10_Tm20_400_retry_finalparams\p019_Tm20_400ppm_fit_retry1,co2,runtime_config_snapshot.json,D:\gas_calibrator\_p9_20260705\co2_6old_0620clean_mature45_g10_Tm20_400_retry_finalparams\p019_Tm20_400ppm_fit_retry1\runtime_config_snapshot.json,37011,37011,1a5dec0730146401926b452c4cc320a5217854ca14038b3de59e63c48eeaf1bb,1a5dec0730146401926b452c4cc320a5217854ca14038b3de59e63c48eeaf1bb,match
D:\gas_calibrator\_p9_20260705\co2_6old_0620clean_mature45_g10_Tm20_400_retry_finalparams\p019_Tm20_400ppm_fit_retry1,co2,samples_machine_readable.csv,D:\gas_calibrator\_p9_20260705\co2_6old_0620clean_mature45_g10_Tm20_400_retry_finalparams\p019_Tm20_400ppm_fit_retry1\samples_machine_readable.csv,137460,137460,06efd8884caf17ed78da369f3ba3a771206cddf3facf742c88f95c8e5bcef7e4,06efd8884caf17ed78da369f3ba3a771206cddf3facf742c88f95c8e5bcef7e4,match
D:\gas_calibrator\_p9_20260705\co2_6old_0620clean_mature45_g11_Tm20_1000_direct_finalparams\p020_Tm20_1000ppm_fit,co2,formal_open_flow_route_timing.json,D:\gas_calibrator\_p9_20260705\co2_6old_0620clean_mature45_g11_Tm20_1000_direct_finalparams\p020_Tm20_1000ppm_fit\formal_open_flow_route_timing.json,573,573,faaa2c0d5df3efdac8a1b50ec22e19d02e57bd37c51bb39cc777139a8db17162,faaa2c0d5df3efdac8a1b50ec22e19d02e57bd37c51bb39cc777139a8db17162,match
D:\gas_calibrator\_p9_20260705\co2_6old_0620clean_mature45_g11_Tm20_1000_direct_finalparams\p020_Tm20_1000ppm_fit,co2,formal_open_flow_sidecar_metadata.json,D:\gas_calibrator\_p9_20260705\co2_6old_0620clean_mature45_g11_Tm20_1000_direct_finalparams\p020_Tm20_1000ppm_fit\formal_open_flow_sidecar_metadata.json,1235,1235,43f9d3c3ef2e0d07b7cef7e160566ab4d657e4409d07c32f82e8985fca295ab3,43f9d3c3ef2e0d07b7cef7e160566ab4d657e4409d07c32f82e8985fca295ab3,match
D:\gas_calibrator\_p9_20260705\co2_6old_0620clean_mature45_g11_Tm20_1000_direct_finalparams\p020_Tm20_1000ppm_fit,co2,frame_quality_summary.csv,D:\gas_calibrator\_p9_20260705\co2_6old_0620clean_mature45_g11_Tm20_1000_direct_finalparams\p020_Tm20_1000ppm_fit\frame_quality_summary.csv,511,511,005d1e8d98dc69beb90ceec6e82409e053e097bb2f702c39b5acb93734423462,005d1e8d98dc69beb90ceec6e82409e053e097bb2f702c39b5acb93734423462,match
D:\gas_calibrator\_p9_20260705\co2_6old_0620clean_mature45_g11_Tm20_1000_direct_finalparams\p020_Tm20_1000ppm_fit,co2,runtime_config_snapshot.json,D:\gas_calibrator\_p9_20260705\co2_6old_0620clean_mature45_g11_Tm20_1000_direct_finalparams\p020_Tm20_1000ppm_fit\runtime_config_snapshot.json,37013,37013,7514bba4fecf4e17a8823455dfc2473e5fa4a6c763fb2e1ffa6c5a605410098e,7514bba4fecf4e17a8823455dfc2473e5fa4a6c763fb2e1ffa6c5a605410098e,match
D:\gas_calibrator\_p9_20260705\co2_6old_0620clean_mature45_g11_Tm20_1000_direct_finalparams\p020_Tm20_1000ppm_fit,co2,samples_machine_readable.csv,D:\gas_calibrator\_p9_20260705\co2_6old_0620clean_mature45_g11_Tm20_1000_direct_finalparams\p020_Tm20_1000ppm_fit\samples_machine_readable.csv,137618,137618,26e2a7714e526dd76e65749a3151f1d95ddd9780cc8ad7d9c6a37aef9971e7c8,26e2a7714e526dd76e65749a3151f1d95ddd9780cc8ad7d9c6a37aef9971e7c8,match
D:\gas_calibrator\_p9_20260705\co2_6old_0620clean_mature45_g3_finalparams\p001_T40_0ppm_fit,co2,formal_open_flow_route_timing.json,D:\gas_calibrator\_p9_20260705\co2_6old_0620clean_mature45_g3_finalparams\p001_T40_0ppm_fit\formal_open_flow_route_timing.json,566,566,13c891390adc165d91a093f7fe6ddc138e719f728085d16030b757a688409090,13c891390adc165d91a093f7fe6ddc138e719f728085d16030b757a688409090,match
D:\gas_calibrator\_p9_20260705\co2_6old_0620clean_mature45_g3_finalparams\p001_T40_0ppm_fit,co2,formal_open_flow_sidecar_metadata.json,D:\gas_calibrator\_p9_20260705\co2_6old_0620clean_mature45_g3_finalparams\p001_T40_0ppm_fit\formal_open_flow_sidecar_metadata.json,1200,1200,ed2c5221f108aadf8ab56c1b5c07510a1aab26dae1723cec6d6a90e8373a1fc4,ed2c5221f108aadf8ab56c1b5c07510a1aab26dae1723cec6d6a90e8373a1fc4,match
D:\gas_calibrator\_p9_20260705\co2_6old_0620clean_mature45_g3_finalparams\p001_T40_0ppm_fit,co2,frame_quality_summary.csv,D:\gas_calibrator\_p9_20260705\co2_6old_0620clean_mature45_g3_finalparams\p001_T40_0ppm_fit\frame_quality_summary.csv,493,493,994b374ecc13334ad13a0d1ea6b8e9f58e62dce139155cb926fce92b79351102,994b374ecc13334ad13a0d1ea6b8e9f58e62dce139155cb926fce92b79351102,match
D:\gas_calibrator\_p9_20260705\co2_6old_0620clean_mature45_g3_finalparams\p001_T40_0ppm_fit,co2,runtime_config_snapshot.json,D:\gas_calibrator\_p9_20260705\co2_6old_0620clean_mature45_g3_finalparams\p001_T40_0ppm_fit\runtime_config_snapshot.json,36943,36943,e4e15efcc18c6347ccf885ebd7bef6343825a6f2c1802dd62aad6a7b8c704236,e4e15efcc18c6347ccf885ebd7bef6343825a6f2c1802dd62aad6a7b8c704236,match
D:\gas_calibrator\_p9_20260705\co2_6old_0620clean_mature45_g3_finalparams\p001_T40_0ppm_fit,co2,samples_machine_readable.csv,D:\gas_calibrator\_p9_20260705\co2_6old_0620clean_mature45_g3_finalparams\p001_T40_0ppm_fit\samples_machine_readable.csv,137251,137251,c045763fcc4f1baaf24d73b0975415cfe30f47b3d18b37b824b41c465d38d15a,c045763fcc4f1baaf24d73b0975415cfe30f47b3d18b37b824b41c465d38d15a,match
D:\gas_calibrator\_p9_20260705\co2_6old_0620clean_mature45_g3_finalparams\p002_T40_400ppm_fit,co2,formal_open_flow_route_timing.json,D:\gas_calibrator\_p9_20260705\co2_6old_0620clean_mature45_g3_finalparams\p002_T40_400ppm_fit\formal_open_flow_route_timing.json,529,529,e9a298fb7cee3ee26a249863ce11c1d0444967025ff2322b1cb47abee97728ec,e9a298fb7cee3ee26a249863ce11c1d0444967025ff2322b1cb47abee97728ec,match
D:\gas_calibrator\_p9_20260705\co2_6old_0620clean_mature45_g3_finalparams\p002_T40_400ppm_fit,co2,formal_open_flow_sidecar_metadata.json,D:\gas_calibrator\_p9_20260705\co2_6old_0620clean_mature45_g3_finalparams\p002_T40_400ppm_fit\formal_open_flow_sidecar_metadata.json,1204,1204,6c8a9c6d73fb94e94d38f24074a58c7cf201a2770293e30ad55aa2fa3f292d7e,6c8a9c6d73fb94e94d38f24074a58c7cf201a2770293e30ad55aa2fa3f292d7e,match
D:\gas_calibrator\_p9_20260705\co2_6old_0620clean_mature45_g3_finalparams\p002_T40_400ppm_fit,co2,runtime_config_snapshot.json,D:\gas_calibrator\_p9_20260705\co2_6old_0620clean_mature45_g3_finalparams\p002_T40_400ppm_fit\runtime_config_snapshot.json,36943,36943,e4e15efcc18c6347ccf885ebd7bef6343825a6f2c1802dd62aad6a7b8c704236,e4e15efcc18c6347ccf885ebd7bef6343825a6f2c1802dd62aad6a7b8c704236,match
D:\gas_calibrator\_p9_20260705\co2_6old_0620clean_mature45_g3_finalparams\p002_T40_400ppm_fit_retry1,co2,formal_open_flow_route_timing.json,D:\gas_calibrator\_p9_20260705\co2_6old_0620clean_mature45_g3_finalparams\p002_T40_400ppm_fit_retry1\formal_open_flow_route_timing.json,577,577,e5a635f727c155e46ee3091a29f60c34ff365888452aca09c84eb9c89cea3b84,e5a635f727c155e46ee3091a29f60c34ff365888452aca09c84eb9c89cea3b84,match
D:\gas_calibrator\_p9_20260705\co2_6old_0620clean_mature45_g3_finalparams\p002_T40_400ppm_fit_retry1,co2,formal_open_flow_sidecar_metadata.json,D:\gas_calibrator\_p9_20260705\co2_6old_0620clean_mature45_g3_finalparams\p002_T40_400ppm_fit_retry1\formal_open_flow_sidecar_metadata.json,1211,1211,9e1129d065e71360ce0de79957d22c8eaa2c745226c65d8b7fcc5919eea278d1,9e1129d065e71360ce0de79957d22c8eaa2c745226c65d8b7fcc5919eea278d1,match
D:\gas_calibrator\_p9_20260705\co2_6old_0620clean_mature45_g3_finalparams\p002_T40_400ppm_fit_retry1,co2,frame_quality_summary.csv,D:\gas_calibrator\_p9_20260705\co2_6old_0620clean_mature45_g3_finalparams\p002_T40_400ppm_fit_retry1\frame_quality_summary.csv,505,505,d0550a50569ce55c7b17852f7a00b9e589c58e409d97c62a16af83ce980378a6,d0550a50569ce55c7b17852f7a00b9e589c58e409d97c62a16af83ce980378a6,match
D:\gas_calibrator\_p9_20260705\co2_6old_0620clean_mature45_g3_finalparams\p002_T40_400ppm_fit_retry1,co2,runtime_config_snapshot.json,D:\gas_calibrator\_p9_20260705\co2_6old_0620clean_mature45_g3_finalparams\p002_T40_400ppm_fit_retry1\runtime_config_snapshot.json,36943,36943,e4e15efcc18c6347ccf885ebd7bef6343825a6f2c1802dd62aad6a7b8c704236,e4e15efcc18c6347ccf885ebd7bef6343825a6f2c1802dd62aad6a7b8c704236,match
D:\gas_calibrator\_p9_20260705\co2_6old_0620clean_mature45_g3_finalparams\p002_T40_400ppm_fit_retry1,co2,samples_machine_readable.csv,D:\gas_calibrator\_p9_20260705\co2_6old_0620clean_mature45_g3_finalparams\p002_T40_400ppm_fit_retry1\samples_machine_readable.csv,137326,137326,61cc7d4e32f1534097fb6825fb56c03a464f2da7b841f81a0550b3c245d7b222,61cc7d4e32f1534097fb6825fb56c03a464f2da7b841f81a0550b3c245d7b222,match
D:\gas_calibrator\_p9_20260705\co2_6old_0620clean_mature45_g3_finalparams\p003_T40_1000ppm_fit,co2,formal_open_flow_route_timing.json,D:\gas_calibrator\_p9_20260705\co2_6old_0620clean_mature45_g3_finalparams\p003_T40_1000ppm_fit\formal_open_flow_route_timing.json,572,572,d147b5f840be6066a8b70581679f6f62f0b7ab4a46e99319f368ae9b4619944b,d147b5f840be6066a8b70581679f6f62f0b7ab4a46e99319f368ae9b4619944b,match
D:\gas_calibrator\_p9_20260705\co2_6old_0620clean_mature45_g3_finalparams\p003_T40_1000ppm_fit,co2,formal_open_flow_sidecar_metadata.json,D:\gas_calibrator\_p9_20260705\co2_6old_0620clean_mature45_g3_finalparams\p003_T40_1000ppm_fit\formal_open_flow_sidecar_metadata.json,1206,1206,d33ee57d8d359167e0c99ab04d5ef74963b77d46dd8f96de259d54679ae9acee,d33ee57d8d359167e0c99ab04d5ef74963b77d46dd8f96de259d54679ae9acee,match
D:\gas_calibrator\_p9_20260705\co2_6old_0620clean_mature45_g3_finalparams\p003_T40_1000ppm_fit,co2,frame_quality_summary.csv,D:\gas_calibrator\_p9_20260705\co2_6old_0620clean_mature45_g3_finalparams\p003_T40_1000ppm_fit\frame_quality_summary.csv,511,511,005d1e8d98dc69beb90ceec6e82409e053e097bb2f702c39b5acb93734423462,005d1e8d98dc69beb90ceec6e82409e053e097bb2f702c39b5acb93734423462,match
D:\gas_calibrator\_p9_20260705\co2_6old_0620clean_mature45_g3_finalparams\p003_T40_1000ppm_fit,co2,runtime_config_snapshot.json,D:\gas_calibrator\_p9_20260705\co2_6old_0620clean_mature45_g3_finalparams\p003_T40_1000ppm_fit\runtime_config_snapshot.json,36943,36943,e4e15efcc18c6347ccf885ebd7bef6343825a6f2c1802dd62aad6a7b8c704236,e4e15efcc18c6347ccf885ebd7bef6343825a6f2c1802dd62aad6a7b8c704236,match
D:\gas_calibrator\_p9_20260705\co2_6old_0620clean_mature45_g3_finalparams\p003_T40_1000ppm_fit,co2,samples_machine_readable.csv,D:\gas_calibrator\_p9_20260705\co2_6old_0620clean_mature45_g3_finalparams\p003_T40_1000ppm_fit\samples_machine_readable.csv,137403,137403,685e4dd8afd87f82c6851f0021ccce92d7a9bcfeebe08a5094b7e7a855fd09f8,685e4dd8afd87f82c6851f0021ccce92d7a9bcfeebe08a5094b7e7a855fd09f8,match
D:\gas_calibrator\_p9_20260705\co2_6old_0620clean_mature45_g4_T30_to_Tm20_finalparams\p001_T30_0ppm_fit,co2,formal_open_flow_route_timing.json,D:\gas_calibrator\_p9_20260705\co2_6old_0620clean_mature45_g4_T30_to_Tm20_finalparams\p001_T30_0ppm_fit\formal_open_flow_route_timing.json,566,566,f16a351601ed52bea884cabe3c4491edbf4a5e059c079062b12d8c6a38c4b136,f16a351601ed52bea884cabe3c4491edbf4a5e059c079062b12d8c6a38c4b136,match
D:\gas_calibrator\_p9_20260705\co2_6old_0620clean_mature45_g4_T30_to_Tm20_finalparams\p001_T30_0ppm_fit,co2,formal_open_flow_sidecar_metadata.json,D:\gas_calibrator\_p9_20260705\co2_6old_0620clean_mature45_g4_T30_to_Tm20_finalparams\p001_T30_0ppm_fit\formal_open_flow_sidecar_metadata.json,1200,1200,ce72e94f6c1585502c31fc0d05f02c844627ca7980cda9f2eb8e9268a62b7b45,ce72e94f6c1585502c31fc0d05f02c844627ca7980cda9f2eb8e9268a62b7b45,match
D:\gas_calibrator\_p9_20260705\co2_6old_0620clean_mature45_g4_T30_to_Tm20_finalparams\p001_T30_0ppm_fit,co2,frame_quality_summary.csv,D:\gas_calibrator\_p9_20260705\co2_6old_0620clean_mature45_g4_T30_to_Tm20_finalparams\p001_T30_0ppm_fit\frame_quality_summary.csv,487,487,87a55b287a0e9566600fe888f3cef9351df64c20d2aed38a9cc7abd8d6d3c8c1,87a55b287a0e9566600fe888f3cef9351df64c20d2aed38a9cc7abd8d6d3c8c1,match
D:\gas_calibrator\_p9_20260705\co2_6old_0620clean_mature45_g4_T30_to_Tm20_finalparams\p001_T30_0ppm_fit,co2,runtime_config_snapshot.json,D:\gas_calibrator\_p9_20260705\co2_6old_0620clean_mature45_g4_T30_to_Tm20_finalparams\p001_T30_0ppm_fit\runtime_config_snapshot.json,36955,36955,f273af1878d43ebc461a6e90b726e6dc18e04d53c5eabaa2320200a66ce7fdbe,f273af1878d43ebc461a6e90b726e6dc18e04d53c5eabaa2320200a66ce7fdbe,match
D:\gas_calibrator\_p9_20260705\co2_6old_0620clean_mature45_g4_T30_to_Tm20_finalparams\p001_T30_0ppm_fit,co2,samples_machine_readable.csv,D:\gas_calibrator\_p9_20260705\co2_6old_0620clean_mature45_g4_T30_to_Tm20_finalparams\p001_T30_0ppm_fit\samples_machine_readable.csv,134812,134812,d8f814232a2d5060d7eab374d352a8dad48267870dc96949aeeecef5611a0daa,d8f814232a2d5060d7eab374d352a8dad48267870dc96949aeeecef5611a0daa,match
D:\gas_calibrator\_p9_20260705\co2_6old_0620clean_mature45_g4_T30_to_Tm20_finalparams\p002_T30_100ppm_fit,co2,formal_open_flow_route_timing.json,D:\gas_calibrator\_p9_20260705\co2_6old_0620clean_mature45_g4_T30_to_Tm20_finalparams\p002_T30_100ppm_fit\formal_open_flow_route_timing.json,570,570,f98dcd1ebb36bdb15f011479b56be92e2baeb8bd8836a9b1ca9422ec3bf4974d,f98dcd1ebb36bdb15f011479b56be92e2baeb8bd8836a9b1ca9422ec3bf4974d,match
D:\gas_calibrator\_p9_20260705\co2_6old_0620clean_mature45_g4_T30_to_Tm20_finalparams\p002_T30_100ppm_fit,co2,formal_open_flow_sidecar_metadata.json,D:\gas_calibrator\_p9_20260705\co2_6old_0620clean_mature45_g4_T30_to_Tm20_finalparams\p002_T30_100ppm_fit\formal_open_flow_sidecar_metadata.json,1206,1206,f5261a953fb67c6330fd12a1a08bd74cb3fb7ee1511da7b799e1d61480748661,f5261a953fb67c6330fd12a1a08bd74cb3fb7ee1511da7b799e1d61480748661,match
D:\gas_calibrator\_p9_20260705\co2_6old_0620clean_mature45_g4_T30_to_Tm20_finalparams\p002_T30_100ppm_fit,co2,frame_quality_summary.csv,D:\gas_calibrator\_p9_20260705\co2_6old_0620clean_mature45_g4_T30_to_Tm20_finalparams\p002_T30_100ppm_fit\frame_quality_summary.csv,505,505,97c60d1e03b6e7c5898c01ed9933ef5cfb4e33570f747f9b453e83fe2bf52f88,97c60d1e03b6e7c5898c01ed9933ef5cfb4e33570f747f9b453e83fe2bf52f88,match
D:\gas_calibrator\_p9_20260705\co2_6old_0620clean_mature45_g4_T30_to_Tm20_finalparams\p002_T30_100ppm_fit,co2,runtime_config_snapshot.json,D:\gas_calibrator\_p9_20260705\co2_6old_0620clean_mature45_g4_T30_to_Tm20_finalparams\p002_T30_100ppm_fit\runtime_config_snapshot.json,36955,36955,f273af1878d43ebc461a6e90b726e6dc18e04d53c5eabaa2320200a66ce7fdbe,f273af1878d43ebc461a6e90b726e6dc18e04d53c5eabaa2320200a66ce7fdbe,match
D:\gas_calibrator\_p9_20260705\co2_6old_0620clean_mature45_g4_T30_to_Tm20_finalparams\p002_T30_100ppm_fit,co2,samples_machine_readable.csv,D:\gas_calibrator\_p9_20260705\co2_6old_0620clean_mature45_g4_T30_to_Tm20_finalparams\p002_T30_100ppm_fit\samples_machine_readable.csv,137370,137370,84d6d81c09dc76e4ebb2989ce3ea7dcedce784d2ed6c78d4c525087f0956cbc2,84d6d81c09dc76e4ebb2989ce3ea7dcedce784d2ed6c78d4c525087f0956cbc2,match
D:\gas_calibrator\_p9_20260705\co2_6old_0620clean_mature45_g4_T30_to_Tm20_finalparams\p003_T30_200ppm_fit,co2,formal_open_flow_route_timing.json,D:\gas_calibrator\_p9_20260705\co2_6old_0620clean_mature45_g4_T30_to_Tm20_finalparams\p003_T30_200ppm_fit\formal_open_flow_route_timing.json,570,570,362f831f59523e7e7c86f0b983e996a80828c6a76f02a0f6d7f0112d74b7ae7c,362f831f59523e7e7c86f0b983e996a80828c6a76f02a0f6d7f0112d74b7ae7c,match
D:\gas_calibrator\_p9_20260705\co2_6old_0620clean_mature45_g4_T30_to_Tm20_finalparams\p003_T30_200ppm_fit,co2,formal_open_flow_sidecar_metadata.json,D:\gas_calibrator\_p9_20260705\co2_6old_0620clean_mature45_g4_T30_to_Tm20_finalparams\p003_T30_200ppm_fit\formal_open_flow_sidecar_metadata.json,1204,1204,aae37782e6bb04e8e89edebfb9a9b7b01a4ab039a7bff532647af77ce7c17c45,aae37782e6bb04e8e89edebfb9a9b7b01a4ab039a7bff532647af77ce7c17c45,match
D:\gas_calibrator\_p9_20260705\co2_6old_0620clean_mature45_g4_T30_to_Tm20_finalparams\p003_T30_200ppm_fit,co2,frame_quality_summary.csv,D:\gas_calibrator\_p9_20260705\co2_6old_0620clean_mature45_g4_T30_to_Tm20_finalparams\p003_T30_200ppm_fit\frame_quality_summary.csv,505,505,d2c496162812dc8b95d4fa26282a0cab3ef9a3746bc7c9ce58521dc8973ba78a,d2c496162812dc8b95d4fa26282a0cab3ef9a3746bc7c9ce58521dc8973ba78a,match
D:\gas_calibrator\_p9_20260705\co2_6old_0620clean_mature45_g4_T30_to_Tm20_finalparams\p003_T30_200ppm_fit,co2,runtime_config_snapshot.json,D:\gas_calibrator\_p9_20260705\co2_6old_0620clean_mature45_g4_T30_to_Tm20_finalparams\p003_T30_200ppm_fit\runtime_config_snapshot.json,36955,36955,f273af1878d43ebc461a6e90b726e6dc18e04d53c5eabaa2320200a66ce7fdbe,f273af1878d43ebc461a6e90b726e6dc18e04d53c5eabaa2320200a66ce7fdbe,match
D:\gas_calibrator\_p9_20260705\co2_6old_0620clean_mature45_g4_T30_to_Tm20_finalparams\p003_T30_200ppm_fit,co2,samples_machine_readable.csv,D:\gas_calibrator\_p9_20260705\co2_6old_0620clean_mature45_g4_T30_to_Tm20_finalparams\p003_T30_200ppm_fit\samples_machine_readable.csv,137362,137362,ba0b5eeca4c17772eb5d1a32bce6d604bbc386de0a52e99eb65a4d8cba527965,ba0b5eeca4c17772eb5d1a32bce6d604bbc386de0a52e99eb65a4d8cba527965,match
D:\gas_calibrator\_p9_20260705\co2_6old_0620clean_mature45_g4_T30_to_Tm20_finalparams\p004_T30_300ppm_fit,co2,formal_open_flow_route_timing.json,D:\gas_calibrator\_p9_20260705\co2_6old_0620clean_mature45_g4_T30_to_Tm20_finalparams\p004_T30_300ppm_fit\formal_open_flow_route_timing.json,570,570,6e1b684c1eeb5f7d4ffe7031982ff5f44271b9aae2b2c9e6b1814f698edf0ece,6e1b684c1eeb5f7d4ffe7031982ff5f44271b9aae2b2c9e6b1814f698edf0ece,match
D:\gas_calibrator\_p9_20260705\co2_6old_0620clean_mature45_g4_T30_to_Tm20_finalparams\p004_T30_300ppm_fit,co2,formal_open_flow_sidecar_metadata.json,D:\gas_calibrator\_p9_20260705\co2_6old_0620clean_mature45_g4_T30_to_Tm20_finalparams\p004_T30_300ppm_fit\formal_open_flow_sidecar_metadata.json,1206,1206,ee502b56fbaad0a2755a840d1a936bc406d41480057034038c04d13e3dcc944c,ee502b56fbaad0a2755a840d1a936bc406d41480057034038c04d13e3dcc944c,match
D:\gas_calibrator\_p9_20260705\co2_6old_0620clean_mature45_g4_T30_to_Tm20_finalparams\p004_T30_300ppm_fit,co2,frame_quality_summary.csv,D:\gas_calibrator\_p9_20260705\co2_6old_0620clean_mature45_g4_T30_to_Tm20_finalparams\p004_T30_300ppm_fit\frame_quality_summary.csv,505,505,ba40354b5b0954889844de00b3a117b9ed23222889d455818c3a1a3bad1747ee,ba40354b5b0954889844de00b3a117b9ed23222889d455818c3a1a3bad1747ee,match
D:\gas_calibrator\_p9_20260705\co2_6old_0620clean_mature45_g4_T30_to_Tm20_finalparams\p004_T30_300ppm_fit,co2,runtime_config_snapshot.json,D:\gas_calibrator\_p9_20260705\co2_6old_0620clean_mature45_g4_T30_to_Tm20_finalparams\p004_T30_300ppm_fit\runtime_config_snapshot.json,36955,36955,f273af1878d43ebc461a6e90b726e6dc18e04d53c5eabaa2320200a66ce7fdbe,f273af1878d43ebc461a6e90b726e6dc18e04d53c5eabaa2320200a66ce7fdbe,match
D:\gas_calibrator\_p9_20260705\co2_6old_0620clean_mature45_g4_T30_to_Tm20_finalparams\p004_T30_300ppm_fit,co2,samples_machine_readable.csv,D:\gas_calibrator\_p9_20260705\co2_6old_0620clean_mature45_g4_T30_to_Tm20_finalparams\p004_T30_300ppm_fit\samples_machine_readable.csv,137122,137122,da68692d027d3f418d94fc69058073077ac149ee45aea69f46fd5e3c8351f648,da68692d027d3f418d94fc69058073077ac149ee45aea69f46fd5e3c8351f648,match
D:\gas_calibrator\_p9_20260705\co2_6old_0620clean_mature45_g4_T30_to_Tm20_finalparams\p005_T30_400ppm_fit,co2,formal_open_flow_route_timing.json,D:\gas_calibrator\_p9_20260705\co2_6old_0620clean_mature45_g4_T30_to_Tm20_finalparams\p005_T30_400ppm_fit\formal_open_flow_route_timing.json,570,570,baaeade245e06e61de81b70244af53860a7e0e71912ae50657717bcd87d82dfb,baaeade245e06e61de81b70244af53860a7e0e71912ae50657717bcd87d82dfb,match
D:\gas_calibrator\_p9_20260705\co2_6old_0620clean_mature45_g4_T30_to_Tm20_finalparams\p005_T30_400ppm_fit,co2,formal_open_flow_sidecar_metadata.json,D:\gas_calibrator\_p9_20260705\co2_6old_0620clean_mature45_g4_T30_to_Tm20_finalparams\p005_T30_400ppm_fit\formal_open_flow_sidecar_metadata.json,1204,1204,6429bfdbc99ca7c77686d08161ed3ec639926d8c97178f880c62bc71d8012ba9,6429bfdbc99ca7c77686d08161ed3ec639926d8c97178f880c62bc71d8012ba9,match
D:\gas_calibrator\_p9_20260705\co2_6old_0620clean_mature45_g4_T30_to_Tm20_finalparams\p005_T30_400ppm_fit,co2,frame_quality_summary.csv,D:\gas_calibrator\_p9_20260705\co2_6old_0620clean_mature45_g4_T30_to_Tm20_finalparams\p005_T30_400ppm_fit\frame_quality_summary.csv,505,505,d0550a50569ce55c7b17852f7a00b9e589c58e409d97c62a16af83ce980378a6,d0550a50569ce55c7b17852f7a00b9e589c58e409d97c62a16af83ce980378a6,match
D:\gas_calibrator\_p9_20260705\co2_6old_0620clean_mature45_g4_T30_to_Tm20_finalparams\p005_T30_400ppm_fit,co2,runtime_config_snapshot.json,D:\gas_calibrator\_p9_20260705\co2_6old_0620clean_mature45_g4_T30_to_Tm20_finalparams\p005_T30_400ppm_fit\runtime_config_snapshot.json,36955,36955,f273af1878d43ebc461a6e90b726e6dc18e04d53c5eabaa2320200a66ce7fdbe,f273af1878d43ebc461a6e90b726e6dc18e04d53c5eabaa2320200a66ce7fdbe,match
D:\gas_calibrator\_p9_20260705\co2_6old_0620clean_mature45_g4_T30_to_Tm20_finalparams\p005_T30_400ppm_fit,co2,samples_machine_readable.csv,D:\gas_calibrator\_p9_20260705\co2_6old_0620clean_mature45_g4_T30_to_Tm20_finalparams\p005_T30_400ppm_fit\samples_machine_readable.csv,137283,137283,b19800aeb1df256425a9312d65c46414ba91f240a2593fca8980667548f62d82,b19800aeb1df256425a9312d65c46414ba91f240a2593fca8980667548f62d82,match
D:\gas_calibrator\_p9_20260705\co2_6old_0620clean_mature45_g4_T30_to_Tm20_finalparams\p006_T30_500ppm_fit,co2,formal_open_flow_route_timing.json,D:\gas_calibrator\_p9_20260705\co2_6old_0620clean_mature45_g4_T30_to_Tm20_finalparams\p006_T30_500ppm_fit\formal_open_flow_route_timing.json,570,570,89a5709cb418228262bdaa5669869b75800fef41a35393c73bd31d6889069fbc,89a5709cb418228262bdaa5669869b75800fef41a35393c73bd31d6889069fbc,match
D:\gas_calibrator\_p9_20260705\co2_6old_0620clean_mature45_g4_T30_to_Tm20_finalparams\p006_T30_500ppm_fit,co2,formal_open_flow_sidecar_metadata.json,D:\gas_calibrator\_p9_20260705\co2_6old_0620clean_mature45_g4_T30_to_Tm20_finalparams\p006_T30_500ppm_fit\formal_open_flow_sidecar_metadata.json,1206,1206,7e859706c09e45992a9a749f15a4a3a6de75cebf62de1b2d7df181d31fad7f8d,7e859706c09e45992a9a749f15a4a3a6de75cebf62de1b2d7df181d31fad7f8d,match
D:\gas_calibrator\_p9_20260705\co2_6old_0620clean_mature45_g4_T30_to_Tm20_finalparams\p006_T30_500ppm_fit,co2,frame_quality_summary.csv,D:\gas_calibrator\_p9_20260705\co2_6old_0620clean_mature45_g4_T30_to_Tm20_finalparams\p006_T30_500ppm_fit\frame_quality_summary.csv,505,505,b07a4fe81d6aa029072227f101b9eeb3fdf8d829afab37193cc014644f404594,b07a4fe81d6aa029072227f101b9eeb3fdf8d829afab37193cc014644f404594,match
D:\gas_calibrator\_p9_20260705\co2_6old_0620clean_mature45_g4_T30_to_Tm20_finalparams\p006_T30_500ppm_fit,co2,runtime_config_snapshot.json,D:\gas_calibrator\_p9_20260705\co2_6old_0620clean_mature45_g4_T30_to_Tm20_finalparams\p006_T30_500ppm_fit\runtime_config_snapshot.json,36955,36955,f273af1878d43ebc461a6e90b726e6dc18e04d53c5eabaa2320200a66ce7fdbe,f273af1878d43ebc461a6e90b726e6dc18e04d53c5eabaa2320200a66ce7fdbe,match
D:\gas_calibrator\_p9_20260705\co2_6old_0620clean_mature45_g4_T30_to_Tm20_finalparams\p006_T30_500ppm_fit,co2,samples_machine_readable.csv,D:\gas_calibrator\_p9_20260705\co2_6old_0620clean_mature45_g4_T30_to_Tm20_finalparams\p006_T30_500ppm_fit\samples_machine_readable.csv,137154,137154,abc1d3b6e4742f3ab5baccf376612cbc303fbd9be213bd856932c763eab5938a,abc1d3b6e4742f3ab5baccf376612cbc303fbd9be213bd856932c763eab5938a,match
D:\gas_calibrator\_p9_20260705\co2_6old_0620clean_mature45_g4_T30_to_Tm20_finalparams\p007_T30_600ppm_fit,co2,formal_open_flow_route_timing.json,D:\gas_calibrator\_p9_20260705\co2_6old_0620clean_mature45_g4_T30_to_Tm20_finalparams\p007_T30_600ppm_fit\formal_open_flow_route_timing.json,570,570,8613f180b1bb21f8d7178d77a054212927eb35391856ac7cd51310fbab94886f,8613f180b1bb21f8d7178d77a054212927eb35391856ac7cd51310fbab94886f,match
D:\gas_calibrator\_p9_20260705\co2_6old_0620clean_mature45_g4_T30_to_Tm20_finalparams\p007_T30_600ppm_fit,co2,formal_open_flow_sidecar_metadata.json,D:\gas_calibrator\_p9_20260705\co2_6old_0620clean_mature45_g4_T30_to_Tm20_finalparams\p007_T30_600ppm_fit\formal_open_flow_sidecar_metadata.json,1204,1204,f9bdb6e82f0ca82661897bf7274d80cc41f10cad3d15732962e479bacc929a94,f9bdb6e82f0ca82661897bf7274d80cc41f10cad3d15732962e479bacc929a94,match
D:\gas_calibrator\_p9_20260705\co2_6old_0620clean_mature45_g4_T30_to_Tm20_finalparams\p007_T30_600ppm_fit,co2,frame_quality_summary.csv,D:\gas_calibrator\_p9_20260705\co2_6old_0620clean_mature45_g4_T30_to_Tm20_finalparams\p007_T30_600ppm_fit\frame_quality_summary.csv,505,505,e79796c07040bef361920d98ccda0c08b636f5468d74a6a23116af164634565f,e79796c07040bef361920d98ccda0c08b636f5468d74a6a23116af164634565f,match
D:\gas_calibrator\_p9_20260705\co2_6old_0620clean_mature45_g4_T30_to_Tm20_finalparams\p007_T30_600ppm_fit,co2,runtime_config_snapshot.json,D:\gas_calibrator\_p9_20260705\co2_6old_0620clean_mature45_g4_T30_to_Tm20_finalparams\p007_T30_600ppm_fit\runtime_config_snapshot.json,36955,36955,f273af1878d43ebc461a6e90b726e6dc18e04d53c5eabaa2320200a66ce7fdbe,f273af1878d43ebc461a6e90b726e6dc18e04d53c5eabaa2320200a66ce7fdbe,match
D:\gas_calibrator\_p9_20260705\co2_6old_0620clean_mature45_g4_T30_to_Tm20_finalparams\p007_T30_600ppm_fit,co2,samples_machine_readable.csv,D:\gas_calibrator\_p9_20260705\co2_6old_0620clean_mature45_g4_T30_to_Tm20_finalparams\p007_T30_600ppm_fit\samples_machine_readable.csv,137250,137250,9a1ba6e18a3fcc2dd9f1dfa089b3a7af566fefc71411ed2c3f59eb01cff576a0,9a1ba6e18a3fcc2dd9f1dfa089b3a7af566fefc71411ed2c3f59eb01cff576a0,match
D:\gas_calibrator\_p9_20260705\co2_6old_0620clean_mature45_g4_T30_to_Tm20_finalparams\p008_T30_700ppm_fit,co2,formal_open_flow_route_timing.json,D:\gas_calibrator\_p9_20260705\co2_6old_0620clean_mature45_g4_T30_to_Tm20_finalparams\p008_T30_700ppm_fit\formal_open_flow_route_timing.json,570,570,444f04b76b955bb37d96c6bd6dc043407431e657b891b4abb3f2251eda60fb03,444f04b76b955bb37d96c6bd6dc043407431e657b891b4abb3f2251eda60fb03,match
D:\gas_calibrator\_p9_20260705\co2_6old_0620clean_mature45_g4_T30_to_Tm20_finalparams\p008_T30_700ppm_fit,co2,formal_open_flow_sidecar_metadata.json,D:\gas_calibrator\_p9_20260705\co2_6old_0620clean_mature45_g4_T30_to_Tm20_finalparams\p008_T30_700ppm_fit\formal_open_flow_sidecar_metadata.json,1206,1206,f0c11b8e56d920f031af7a22f5c2ebf09723205a69f6b1d1c48249452cd96fae,f0c11b8e56d920f031af7a22f5c2ebf09723205a69f6b1d1c48249452cd96fae,match
D:\gas_calibrator\_p9_20260705\co2_6old_0620clean_mature45_g4_T30_to_Tm20_finalparams\p008_T30_700ppm_fit,co2,frame_quality_summary.csv,D:\gas_calibrator\_p9_20260705\co2_6old_0620clean_mature45_g4_T30_to_Tm20_finalparams\p008_T30_700ppm_fit\frame_quality_summary.csv,505,505,2584ddefb33c7482f71d58664d977e8a8ef48ea9c8cfc2cac7d548cbcffbb271,2584ddefb33c7482f71d58664d977e8a8ef48ea9c8cfc2cac7d548cbcffbb271,match
D:\gas_calibrator\_p9_20260705\co2_6old_0620clean_mature45_g4_T30_to_Tm20_finalparams\p008_T30_700ppm_fit,co2,runtime_config_snapshot.json,D:\gas_calibrator\_p9_20260705\co2_6old_0620clean_mature45_g4_T30_to_Tm20_finalparams\p008_T30_700ppm_fit\runtime_config_snapshot.json,36955,36955,f273af1878d43ebc461a6e90b726e6dc18e04d53c5eabaa2320200a66ce7fdbe,f273af1878d43ebc461a6e90b726e6dc18e04d53c5eabaa2320200a66ce7fdbe,match
D:\gas_calibrator\_p9_20260705\co2_6old_0620clean_mature45_g4_T30_to_Tm20_finalparams\p008_T30_700ppm_fit,co2,samples_machine_readable.csv,D:\gas_calibrator\_p9_20260705\co2_6old_0620clean_mature45_g4_T30_to_Tm20_finalparams\p008_T30_700ppm_fit\samples_machine_readable.csv,137210,137210,9fe41b865908aebc817cafb0c5d6e59dd6d856603855b2f1da30d8342e3decd2,9fe41b865908aebc817cafb0c5d6e59dd6d856603855b2f1da30d8342e3decd2,match
D:\gas_calibrator\_p9_20260705\co2_6old_0620clean_mature45_g4_T30_to_Tm20_finalparams\p009_T30_800ppm_fit,co2,formal_open_flow_route_timing.json,D:\gas_calibrator\_p9_20260705\co2_6old_0620clean_mature45_g4_T30_to_Tm20_finalparams\p009_T30_800ppm_fit\formal_open_flow_route_timing.json,570,570,013234d4360a032115bd6addf22c001d7219da082ae9bc399d73bfd12d27aa5c,013234d4360a032115bd6addf22c001d7219da082ae9bc399d73bfd12d27aa5c,match
D:\gas_calibrator\_p9_20260705\co2_6old_0620clean_mature45_g4_T30_to_Tm20_finalparams\p009_T30_800ppm_fit,co2,formal_open_flow_sidecar_metadata.json,D:\gas_calibrator\_p9_20260705\co2_6old_0620clean_mature45_g4_T30_to_Tm20_finalparams\p009_T30_800ppm_fit\formal_open_flow_sidecar_metadata.json,1204,1204,043cca336bb72388b80d39bef44e2c786a04fe26e9a41a192d0ce26e2a5a90f2,043cca336bb72388b80d39bef44e2c786a04fe26e9a41a192d0ce26e2a5a90f2,match
D:\gas_calibrator\_p9_20260705\co2_6old_0620clean_mature45_g4_T30_to_Tm20_finalparams\p009_T30_800ppm_fit,co2,frame_quality_summary.csv,D:\gas_calibrator\_p9_20260705\co2_6old_0620clean_mature45_g4_T30_to_Tm20_finalparams\p009_T30_800ppm_fit\frame_quality_summary.csv,505,505,42f55f27102714b9b535b8b89efd1533e89b5c9ff3dc35c401ecefe09a4d1ed1,42f55f27102714b9b535b8b89efd1533e89b5c9ff3dc35c401ecefe09a4d1ed1,match
D:\gas_calibrator\_p9_20260705\co2_6old_0620clean_mature45_g4_T30_to_Tm20_finalparams\p009_T30_800ppm_fit,co2,runtime_config_snapshot.json,D:\gas_calibrator\_p9_20260705\co2_6old_0620clean_mature45_g4_T30_to_Tm20_finalparams\p009_T30_800ppm_fit\runtime_config_snapshot.json,36955,36955,f273af1878d43ebc461a6e90b726e6dc18e04d53c5eabaa2320200a66ce7fdbe,f273af1878d43ebc461a6e90b726e6dc18e04d53c5eabaa2320200a66ce7fdbe,match
D:\gas_calibrator\_p9_20260705\co2_6old_0620clean_mature45_g4_T30_to_Tm20_finalparams\p009_T30_800ppm_fit,co2,samples_machine_readable.csv,D:\gas_calibrator\_p9_20260705\co2_6old_0620clean_mature45_g4_T30_to_Tm20_finalparams\p009_T30_800ppm_fit\samples_machine_readable.csv,137292,137292,66340e5e7270f4d446ed5787d75c8855ee6112126cb7f97d3526ee1e987c7dd7,66340e5e7270f4d446ed5787d75c8855ee6112126cb7f97d3526ee1e987c7dd7,match
D:\gas_calibrator\_p9_20260705\co2_6old_0620clean_mature45_g4_T30_to_Tm20_finalparams\p010_T30_900ppm_fit,co2,formal_open_flow_route_timing.json,D:\gas_calibrator\_p9_20260705\co2_6old_0620clean_mature45_g4_T30_to_Tm20_finalparams\p010_T30_900ppm_fit\formal_open_flow_route_timing.json,570,570,eaa3ea34a043fa5c1ee5cea0fb4a2535e477dead82a8098122bdf5a1e4eb597e,eaa3ea34a043fa5c1ee5cea0fb4a2535e477dead82a8098122bdf5a1e4eb597e,match
D:\gas_calibrator\_p9_20260705\co2_6old_0620clean_mature45_g4_T30_to_Tm20_finalparams\p010_T30_900ppm_fit,co2,formal_open_flow_sidecar_metadata.json,D:\gas_calibrator\_p9_20260705\co2_6old_0620clean_mature45_g4_T30_to_Tm20_finalparams\p010_T30_900ppm_fit\formal_open_flow_sidecar_metadata.json,1206,1206,a28b2c7a761c76b18535330828610218a2e5e5b0acec7dcf452a9369b52f3eaa,a28b2c7a761c76b18535330828610218a2e5e5b0acec7dcf452a9369b52f3eaa,match
D:\gas_calibrator\_p9_20260705\co2_6old_0620clean_mature45_g4_T30_to_Tm20_finalparams\p010_T30_900ppm_fit,co2,frame_quality_summary.csv,D:\gas_calibrator\_p9_20260705\co2_6old_0620clean_mature45_g4_T30_to_Tm20_finalparams\p010_T30_900ppm_fit\frame_quality_summary.csv,505,505,7287d371348fdafa49402827ada9045eb133404c966421dc2186030dc8934256,7287d371348fdafa49402827ada9045eb133404c966421dc2186030dc8934256,match
D:\gas_calibrator\_p9_20260705\co2_6old_0620clean_mature45_g4_T30_to_Tm20_finalparams\p010_T30_900ppm_fit,co2,runtime_config_snapshot.json,D:\gas_calibrator\_p9_20260705\co2_6old_0620clean_mature45_g4_T30_to_Tm20_finalparams\p010_T30_900ppm_fit\runtime_config_snapshot.json,36955,36955,f273af1878d43ebc461a6e90b726e6dc18e04d53c5eabaa2320200a66ce7fdbe,f273af1878d43ebc461a6e90b726e6dc18e04d53c5eabaa2320200a66ce7fdbe,match
D:\gas_calibrator\_p9_20260705\co2_6old_0620clean_mature45_g4_T30_to_Tm20_finalparams\p010_T30_900ppm_fit,co2,samples_machine_readable.csv,D:\gas_calibrator\_p9_20260705\co2_6old_0620clean_mature45_g4_T30_to_Tm20_finalparams\p010_T30_900ppm_fit\samples_machine_readable.csv,137392,137392,6e45e6087df086086d4e53350c7dc6860e7178d693c9cfcacb4b45bf5ce60448,6e45e6087df086086d4e53350c7dc6860e7178d693c9cfcacb4b45bf5ce60448,match
D:\gas_calibrator\_p9_20260705\co2_6old_0620clean_mature45_g4_T30_to_Tm20_finalparams\p011_T30_1000ppm_fit,co2,formal_open_flow_route_timing.json,D:\gas_calibrator\_p9_20260705\co2_6old_0620clean_mature45_g4_T30_to_Tm20_finalparams\p011_T30_1000ppm_fit\formal_open_flow_route_timing.json,572,572,40ffd6ee149fc0dcab9aafe1a0c4ecbcd613b292d03c50b99509d1637e6a4463,40ffd6ee149fc0dcab9aafe1a0c4ecbcd613b292d03c50b99509d1637e6a4463,match
D:\gas_calibrator\_p9_20260705\co2_6old_0620clean_mature45_g4_T30_to_Tm20_finalparams\p011_T30_1000ppm_fit,co2,formal_open_flow_sidecar_metadata.json,D:\gas_calibrator\_p9_20260705\co2_6old_0620clean_mature45_g4_T30_to_Tm20_finalparams\p011_T30_1000ppm_fit\formal_open_flow_sidecar_metadata.json,1206,1206,fd5a29f57372689cb3b47918afbb8461887019884dda68b8d3c498b24336ee10,fd5a29f57372689cb3b47918afbb8461887019884dda68b8d3c498b24336ee10,match
D:\gas_calibrator\_p9_20260705\co2_6old_0620clean_mature45_g4_T30_to_Tm20_finalparams\p011_T30_1000ppm_fit,co2,frame_quality_summary.csv,D:\gas_calibrator\_p9_20260705\co2_6old_0620clean_mature45_g4_T30_to_Tm20_finalparams\p011_T30_1000ppm_fit\frame_quality_summary.csv,511,511,005d1e8d98dc69beb90ceec6e82409e053e097bb2f702c39b5acb93734423462,005d1e8d98dc69beb90ceec6e82409e053e097bb2f702c39b5acb93734423462,match
D:\gas_calibrator\_p9_20260705\co2_6old_0620clean_mature45_g4_T30_to_Tm20_finalparams\p011_T30_1000ppm_fit,co2,runtime_config_snapshot.json,D:\gas_calibrator\_p9_20260705\co2_6old_0620clean_mature45_g4_T30_to_Tm20_finalparams\p011_T30_1000ppm_fit\runtime_config_snapshot.json,36955,36955,f273af1878d43ebc461a6e90b726e6dc18e04d53c5eabaa2320200a66ce7fdbe,f273af1878d43ebc461a6e90b726e6dc18e04d53c5eabaa2320200a66ce7fdbe,match
D:\gas_calibrator\_p9_20260705\co2_6old_0620clean_mature45_g4_T30_to_Tm20_finalparams\p011_T30_1000ppm_fit,co2,samples_machine_readable.csv,D:\gas_calibrator\_p9_20260705\co2_6old_0620clean_mature45_g4_T30_to_Tm20_finalparams\p011_T30_1000ppm_fit\samples_machine_readable.csv,137363,137363,0aef2770a59bcf5d01004786e1f7b8d6ee05f11807da2747800b75e15fc34d9e,0aef2770a59bcf5d01004786e1f7b8d6ee05f11807da2747800b75e15fc34d9e,match
D:\gas_calibrator\_p9_20260705\co2_6old_0620clean_mature45_g4_T30_to_Tm20_finalparams\p012_T20_0ppm_fit,co2,formal_open_flow_route_timing.json,D:\gas_calibrator\_p9_20260705\co2_6old_0620clean_mature45_g4_T30_to_Tm20_finalparams\p012_T20_0ppm_fit\formal_open_flow_route_timing.json,566,566,ef296541a2d56b32a4f2fe081ce097e687c6775bbcfb73bb997ba30df73adfa2,ef296541a2d56b32a4f2fe081ce097e687c6775bbcfb73bb997ba30df73adfa2,match
D:\gas_calibrator\_p9_20260705\co2_6old_0620clean_mature45_g4_T30_to_Tm20_finalparams\p012_T20_0ppm_fit,co2,formal_open_flow_sidecar_metadata.json,D:\gas_calibrator\_p9_20260705\co2_6old_0620clean_mature45_g4_T30_to_Tm20_finalparams\p012_T20_0ppm_fit\formal_open_flow_sidecar_metadata.json,1200,1200,55ddbc8f16ee785ae7afec7694c26a7f5974feb8a02120c7930a657aaf2c75cb,55ddbc8f16ee785ae7afec7694c26a7f5974feb8a02120c7930a657aaf2c75cb,match
D:\gas_calibrator\_p9_20260705\co2_6old_0620clean_mature45_g4_T30_to_Tm20_finalparams\p012_T20_0ppm_fit,co2,frame_quality_summary.csv,D:\gas_calibrator\_p9_20260705\co2_6old_0620clean_mature45_g4_T30_to_Tm20_finalparams\p012_T20_0ppm_fit\frame_quality_summary.csv,493,493,994b374ecc13334ad13a0d1ea6b8e9f58e62dce139155cb926fce92b79351102,994b374ecc13334ad13a0d1ea6b8e9f58e62dce139155cb926fce92b79351102,match
D:\gas_calibrator\_p9_20260705\co2_6old_0620clean_mature45_g4_T30_to_Tm20_finalparams\p012_T20_0ppm_fit,co2,runtime_config_snapshot.json,D:\gas_calibrator\_p9_20260705\co2_6old_0620clean_mature45_g4_T30_to_Tm20_finalparams\p012_T20_0ppm_fit\runtime_config_snapshot.json,36955,36955,f273af1878d43ebc461a6e90b726e6dc18e04d53c5eabaa2320200a66ce7fdbe,f273af1878d43ebc461a6e90b726e6dc18e04d53c5eabaa2320200a66ce7fdbe,match
D:\gas_calibrator\_p9_20260705\co2_6old_0620clean_mature45_g4_T30_to_Tm20_finalparams\p012_T20_0ppm_fit,co2,samples_machine_readable.csv,D:\gas_calibrator\_p9_20260705\co2_6old_0620clean_mature45_g4_T30_to_Tm20_finalparams\p012_T20_0ppm_fit\samples_machine_readable.csv,137095,137095,7c6c850dc53e4eb47ad713599ac9719f3d2945d59ee0cb6502ad4068d87d5cf9,7c6c850dc53e4eb47ad713599ac9719f3d2945d59ee0cb6502ad4068d87d5cf9,match
D:\gas_calibrator\_p9_20260705\co2_6old_0620clean_mature45_g4_T30_to_Tm20_finalparams\p013_T20_100ppm_fit,co2,formal_open_flow_route_timing.json,D:\gas_calibrator\_p9_20260705\co2_6old_0620clean_mature45_g4_T30_to_Tm20_finalparams\p013_T20_100ppm_fit\formal_open_flow_route_timing.json,570,570,06c2271b5c28e34a8fdc251a3754bf1a463be020b30aa2f3adbeb2b8c35a872e,06c2271b5c28e34a8fdc251a3754bf1a463be020b30aa2f3adbeb2b8c35a872e,match
D:\gas_calibrator\_p9_20260705\co2_6old_0620clean_mature45_g4_T30_to_Tm20_finalparams\p013_T20_100ppm_fit,co2,formal_open_flow_sidecar_metadata.json,D:\gas_calibrator\_p9_20260705\co2_6old_0620clean_mature45_g4_T30_to_Tm20_finalparams\p013_T20_100ppm_fit\formal_open_flow_sidecar_metadata.json,1206,1206,6b78452e01950a17332a0e5b6d655d1cf73eac123b7377325abdeaa34e0da017,6b78452e01950a17332a0e5b6d655d1cf73eac123b7377325abdeaa34e0da017,match
D:\gas_calibrator\_p9_20260705\co2_6old_0620clean_mature45_g4_T30_to_Tm20_finalparams\p013_T20_100ppm_fit,co2,frame_quality_summary.csv,D:\gas_calibrator\_p9_20260705\co2_6old_0620clean_mature45_g4_T30_to_Tm20_finalparams\p013_T20_100ppm_fit\frame_quality_summary.csv,505,505,97c60d1e03b6e7c5898c01ed9933ef5cfb4e33570f747f9b453e83fe2bf52f88,97c60d1e03b6e7c5898c01ed9933ef5cfb4e33570f747f9b453e83fe2bf52f88,match
D:\gas_calibrator\_p9_20260705\co2_6old_0620clean_mature45_g4_T30_to_Tm20_finalparams\p013_T20_100ppm_fit,co2,runtime_config_snapshot.json,D:\gas_calibrator\_p9_20260705\co2_6old_0620clean_mature45_g4_T30_to_Tm20_finalparams\p013_T20_100ppm_fit\runtime_config_snapshot.json,36955,36955,f273af1878d43ebc461a6e90b726e6dc18e04d53c5eabaa2320200a66ce7fdbe,f273af1878d43ebc461a6e90b726e6dc18e04d53c5eabaa2320200a66ce7fdbe,match
D:\gas_calibrator\_p9_20260705\co2_6old_0620clean_mature45_g4_T30_to_Tm20_finalparams\p013_T20_100ppm_fit,co2,samples_machine_readable.csv,D:\gas_calibrator\_p9_20260705\co2_6old_0620clean_mature45_g4_T30_to_Tm20_finalparams\p013_T20_100ppm_fit\samples_machine_readable.csv,137393,137393,66c5f165c0f2394eed6ef2247cc7576353ed3e790a3c116748b03e0ecc15e7f0,66c5f165c0f2394eed6ef2247cc7576353ed3e790a3c116748b03e0ecc15e7f0,match
D:\gas_calibrator\_p9_20260705\co2_6old_0620clean_mature45_g4_T30_to_Tm20_finalparams\p014_T20_200ppm_fit,co2,formal_open_flow_route_timing.json,D:\gas_calibrator\_p9_20260705\co2_6old_0620clean_mature45_g4_T30_to_Tm20_finalparams\p014_T20_200ppm_fit\formal_open_flow_route_timing.json,570,570,510292d276d273671c8d2e9da9f510122b0f75efee51eef0fe92aa4366d99852,510292d276d273671c8d2e9da9f510122b0f75efee51eef0fe92aa4366d99852,match
D:\gas_calibrator\_p9_20260705\co2_6old_0620clean_mature45_g4_T30_to_Tm20_finalparams\p014_T20_200ppm_fit,co2,formal_open_flow_sidecar_metadata.json,D:\gas_calibrator\_p9_20260705\co2_6old_0620clean_mature45_g4_T30_to_Tm20_finalparams\p014_T20_200ppm_fit\formal_open_flow_sidecar_metadata.json,1204,1204,19fa1ce178a22ecd7ec8a24e3fb063206cfdf846388e620aea1e359e08db4367,19fa1ce178a22ecd7ec8a24e3fb063206cfdf846388e620aea1e359e08db4367,match
D:\gas_calibrator\_p9_20260705\co2_6old_0620clean_mature45_g4_T30_to_Tm20_finalparams\p014_T20_200ppm_fit,co2,frame_quality_summary.csv,D:\gas_calibrator\_p9_20260705\co2_6old_0620clean_mature45_g4_T30_to_Tm20_finalparams\p014_T20_200ppm_fit\frame_quality_summary.csv,505,505,d2c496162812dc8b95d4fa26282a0cab3ef9a3746bc7c9ce58521dc8973ba78a,d2c496162812dc8b95d4fa26282a0cab3ef9a3746bc7c9ce58521dc8973ba78a,match
D:\gas_calibrator\_p9_20260705\co2_6old_0620clean_mature45_g4_T30_to_Tm20_finalparams\p014_T20_200ppm_fit,co2,runtime_config_snapshot.json,D:\gas_calibrator\_p9_20260705\co2_6old_0620clean_mature45_g4_T30_to_Tm20_finalparams\p014_T20_200ppm_fit\runtime_config_snapshot.json,36955,36955,f273af1878d43ebc461a6e90b726e6dc18e04d53c5eabaa2320200a66ce7fdbe,f273af1878d43ebc461a6e90b726e6dc18e04d53c5eabaa2320200a66ce7fdbe,match
D:\gas_calibrator\_p9_20260705\co2_6old_0620clean_mature45_g4_T30_to_Tm20_finalparams\p014_T20_200ppm_fit,co2,samples_machine_readable.csv,D:\gas_calibrator\_p9_20260705\co2_6old_0620clean_mature45_g4_T30_to_Tm20_finalparams\p014_T20_200ppm_fit\samples_machine_readable.csv,137181,137181,ce03fd2ffeb58d1faecc087b1f0dcaaea0f040aeabd8ddb5e93d3469e935b29a,ce03fd2ffeb58d1faecc087b1f0dcaaea0f040aeabd8ddb5e93d3469e935b29a,match
D:\gas_calibrator\_p9_20260705\co2_6old_0620clean_mature45_g4_T30_to_Tm20_finalparams\p016_T20_400ppm_fit,co2,formal_open_flow_route_timing.json,D:\gas_calibrator\_p9_20260705\co2_6old_0620clean_mature45_g4_T30_to_Tm20_finalparams\p016_T20_400ppm_fit\formal_open_flow_route_timing.json,570,570,9185d25c44fa2b06b704a374d0b81a9903defca06b0704ef5e13b9751b27f465,9185d25c44fa2b06b704a374d0b81a9903defca06b0704ef5e13b9751b27f465,match
D:\gas_calibrator\_p9_20260705\co2_6old_0620clean_mature45_g4_T30_to_Tm20_finalparams\p016_T20_400ppm_fit,co2,formal_open_flow_sidecar_metadata.json,D:\gas_calibrator\_p9_20260705\co2_6old_0620clean_mature45_g4_T30_to_Tm20_finalparams\p016_T20_400ppm_fit\formal_open_flow_sidecar_metadata.json,1204,1204,56d35db48892a94a51d3024762e7bcb35ab37a66f6da1336f1be1b475278c8d1,56d35db48892a94a51d3024762e7bcb35ab37a66f6da1336f1be1b475278c8d1,match
D:\gas_calibrator\_p9_20260705\co2_6old_0620clean_mature45_g4_T30_to_Tm20_finalparams\p016_T20_400ppm_fit,co2,frame_quality_summary.csv,D:\gas_calibrator\_p9_20260705\co2_6old_0620clean_mature45_g4_T30_to_Tm20_finalparams\p016_T20_400ppm_fit\frame_quality_summary.csv,505,505,d0550a50569ce55c7b17852f7a00b9e589c58e409d97c62a16af83ce980378a6,d0550a50569ce55c7b17852f7a00b9e589c58e409d97c62a16af83ce980378a6,match
D:\gas_calibrator\_p9_20260705\co2_6old_0620clean_mature45_g4_T30_to_Tm20_finalparams\p016_T20_400ppm_fit,co2,runtime_config_snapshot.json,D:\gas_calibrator\_p9_20260705\co2_6old_0620clean_mature45_g4_T30_to_Tm20_finalparams\p016_T20_400ppm_fit\runtime_config_snapshot.json,36955,36955,f273af1878d43ebc461a6e90b726e6dc18e04d53c5eabaa2320200a66ce7fdbe,f273af1878d43ebc461a6e90b726e6dc18e04d53c5eabaa2320200a66ce7fdbe,match
D:\gas_calibrator\_p9_20260705\co2_6old_0620clean_mature45_g4_T30_to_Tm20_finalparams\p016_T20_400ppm_fit,co2,samples_machine_readable.csv,D:\gas_calibrator\_p9_20260705\co2_6old_0620clean_mature45_g4_T30_to_Tm20_finalparams\p016_T20_400ppm_fit\samples_machine_readable.csv,137177,137177,2f4f158c142969335d9bd0368c88cad8333f359483241595058afef4a6841d88,2f4f158c142969335d9bd0368c88cad8333f359483241595058afef4a6841d88,match
D:\gas_calibrator\_p9_20260705\co2_6old_0620clean_mature45_g5_T20_300_retry_finalparams\p015_T20_300ppm_fit_retry1,co2,formal_open_flow_route_timing.json,D:\gas_calibrator\_p9_20260705\co2_6old_0620clean_mature45_g5_T20_300_retry_finalparams\p015_T20_300ppm_fit_retry1\formal_open_flow_route_timing.json,577,577,a9d6d079aec6c6485886936dc907f65bea31cb0eb0ef8eae4778a7c4720fcde8,a9d6d079aec6c6485886936dc907f65bea31cb0eb0ef8eae4778a7c4720fcde8,match
D:\gas_calibrator\_p9_20260705\co2_6old_0620clean_mature45_g5_T20_300_retry_finalparams\p015_T20_300ppm_fit_retry1,co2,formal_open_flow_sidecar_metadata.json,D:\gas_calibrator\_p9_20260705\co2_6old_0620clean_mature45_g5_T20_300_retry_finalparams\p015_T20_300ppm_fit_retry1\formal_open_flow_sidecar_metadata.json,1213,1213,18b18dc377d2dbecd3ca0ed6d910a218676e37a8faf0bc73272fea28e20eb5e5,18b18dc377d2dbecd3ca0ed6d910a218676e37a8faf0bc73272fea28e20eb5e5,match
D:\gas_calibrator\_p9_20260705\co2_6old_0620clean_mature45_g5_T20_300_retry_finalparams\p015_T20_300ppm_fit_retry1,co2,frame_quality_summary.csv,D:\gas_calibrator\_p9_20260705\co2_6old_0620clean_mature45_g5_T20_300_retry_finalparams\p015_T20_300ppm_fit_retry1\frame_quality_summary.csv,505,505,ba40354b5b0954889844de00b3a117b9ed23222889d455818c3a1a3bad1747ee,ba40354b5b0954889844de00b3a117b9ed23222889d455818c3a1a3bad1747ee,match
D:\gas_calibrator\_p9_20260705\co2_6old_0620clean_mature45_g5_T20_300_retry_finalparams\p015_T20_300ppm_fit_retry1,co2,runtime_config_snapshot.json,D:\gas_calibrator\_p9_20260705\co2_6old_0620clean_mature45_g5_T20_300_retry_finalparams\p015_T20_300ppm_fit_retry1\runtime_config_snapshot.json,36957,36957,7e5852ce0a900af37b71e8079bc6b5eabaa50935127ecf6d3520b00e10d009c7,7e5852ce0a900af37b71e8079bc6b5eabaa50935127ecf6d3520b00e10d009c7,match
D:\gas_calibrator\_p9_20260705\co2_6old_0620clean_mature45_g5_T20_300_retry_finalparams\p015_T20_300ppm_fit_retry1,co2,samples_machine_readable.csv,D:\gas_calibrator\_p9_20260705\co2_6old_0620clean_mature45_g5_T20_300_retry_finalparams\p015_T20_300ppm_fit_retry1\samples_machine_readable.csv,137390,137390,9bc9765a7560c025cf64beff41b0a02617724b89f59b3862eb41d0b04c802880,9bc9765a7560c025cf64beff41b0a02617724b89f59b3862eb41d0b04c802880,match
D:\gas_calibrator\_p9_20260705\co2_6old_0620clean_mature45_g7_T20_400_retry_finalparams\p016_T20_400ppm_fit_retry1,co2,formal_open_flow_route_timing.json,D:\gas_calibrator\_p9_20260705\co2_6old_0620clean_mature45_g7_T20_400_retry_finalparams\p016_T20_400ppm_fit_retry1\formal_open_flow_route_timing.json,577,577,9bc13a4ca5793b7a7af009e87ebf3b49cd9e105a80beb818ea161801a7ef94d6,9bc13a4ca5793b7a7af009e87ebf3b49cd9e105a80beb818ea161801a7ef94d6,match
D:\gas_calibrator\_p9_20260705\co2_6old_0620clean_mature45_g7_T20_400_retry_finalparams\p016_T20_400ppm_fit_retry1,co2,formal_open_flow_sidecar_metadata.json,D:\gas_calibrator\_p9_20260705\co2_6old_0620clean_mature45_g7_T20_400_retry_finalparams\p016_T20_400ppm_fit_retry1\formal_open_flow_sidecar_metadata.json,1211,1211,5cd0ba79dfb7f40ba0586ec2ed79db090fc6aef2f31a05a16ae9d4272012518a,5cd0ba79dfb7f40ba0586ec2ed79db090fc6aef2f31a05a16ae9d4272012518a,match
D:\gas_calibrator\_p9_20260705\co2_6old_0620clean_mature45_g7_T20_400_retry_finalparams\p016_T20_400ppm_fit_retry1,co2,frame_quality_summary.csv,D:\gas_calibrator\_p9_20260705\co2_6old_0620clean_mature45_g7_T20_400_retry_finalparams\p016_T20_400ppm_fit_retry1\frame_quality_summary.csv,505,505,d0550a50569ce55c7b17852f7a00b9e589c58e409d97c62a16af83ce980378a6,d0550a50569ce55c7b17852f7a00b9e589c58e409d97c62a16af83ce980378a6,match
D:\gas_calibrator\_p9_20260705\co2_6old_0620clean_mature45_g7_T20_400_retry_finalparams\p016_T20_400ppm_fit_retry1,co2,runtime_config_snapshot.json,D:\gas_calibrator\_p9_20260705\co2_6old_0620clean_mature45_g7_T20_400_retry_finalparams\p016_T20_400ppm_fit_retry1\runtime_config_snapshot.json,36957,36957,61eff7b3b210149151722fa690caf72d94b2c3dfa9f306f09ceb74b27bf9b730,61eff7b3b210149151722fa690caf72d94b2c3dfa9f306f09ceb74b27bf9b730,match
D:\gas_calibrator\_p9_20260705\co2_6old_0620clean_mature45_g7_T20_400_retry_finalparams\p016_T20_400ppm_fit_retry1,co2,samples_machine_readable.csv,D:\gas_calibrator\_p9_20260705\co2_6old_0620clean_mature45_g7_T20_400_retry_finalparams\p016_T20_400ppm_fit_retry1\samples_machine_readable.csv,137421,137421,4717feaa9a797742a09b4ff93735e9d1baadce63da7a61cafda8ce71a03115ef,4717feaa9a797742a09b4ff93735e9d1baadce63da7a61cafda8ce71a03115ef,match
D:\gas_calibrator\_p9_20260705\co2_6old_0620clean_mature45_g8c_T20_500_direct_240purge_finalparams\p017_T20_500ppm_fit_retry1,co2,formal_open_flow_route_timing.json,D:\gas_calibrator\_p9_20260705\co2_6old_0620clean_mature45_g8c_T20_500_direct_240purge_finalparams\p017_T20_500ppm_fit_retry1\formal_open_flow_route_timing.json,577,577,2398d3311e67a603314f4e9ea46ab4bfb809f9f9dc33bc9377c807320b16c943,2398d3311e67a603314f4e9ea46ab4bfb809f9f9dc33bc9377c807320b16c943,match
D:\gas_calibrator\_p9_20260705\co2_6old_0620clean_mature45_g8c_T20_500_direct_240purge_finalparams\p017_T20_500ppm_fit_retry1,co2,formal_open_flow_sidecar_metadata.json,D:\gas_calibrator\_p9_20260705\co2_6old_0620clean_mature45_g8c_T20_500_direct_240purge_finalparams\p017_T20_500ppm_fit_retry1\formal_open_flow_sidecar_metadata.json,1213,1213,15475d9d7ffda6057a0a4961a7ee7f4bdced0ac6b629727410ddec29664213a9,15475d9d7ffda6057a0a4961a7ee7f4bdced0ac6b629727410ddec29664213a9,match
D:\gas_calibrator\_p9_20260705\co2_6old_0620clean_mature45_g8c_T20_500_direct_240purge_finalparams\p017_T20_500ppm_fit_retry1,co2,frame_quality_summary.csv,D:\gas_calibrator\_p9_20260705\co2_6old_0620clean_mature45_g8c_T20_500_direct_240purge_finalparams\p017_T20_500ppm_fit_retry1\frame_quality_summary.csv,505,505,b07a4fe81d6aa029072227f101b9eeb3fdf8d829afab37193cc014644f404594,b07a4fe81d6aa029072227f101b9eeb3fdf8d829afab37193cc014644f404594,match
D:\gas_calibrator\_p9_20260705\co2_6old_0620clean_mature45_g8c_T20_500_direct_240purge_finalparams\p017_T20_500ppm_fit_retry1,co2,runtime_config_snapshot.json,D:\gas_calibrator\_p9_20260705\co2_6old_0620clean_mature45_g8c_T20_500_direct_240purge_finalparams\p017_T20_500ppm_fit_retry1\runtime_config_snapshot.json,36968,36968,e69b15646580733ee9cef19e0335caafdaf7c5a4d3088119004850f2366b5467,e69b15646580733ee9cef19e0335caafdaf7c5a4d3088119004850f2366b5467,match
D:\gas_calibrator\_p9_20260705\co2_6old_0620clean_mature45_g8c_T20_500_direct_240purge_finalparams\p017_T20_500ppm_fit_retry1,co2,samples_machine_readable.csv,D:\gas_calibrator\_p9_20260705\co2_6old_0620clean_mature45_g8c_T20_500_direct_240purge_finalparams\p017_T20_500ppm_fit_retry1\samples_machine_readable.csv,137335,137335,554125e6f9294a623ff6e1955d89ca1e601d69a83eba614b9f4a4130a66e44b4,554125e6f9294a623ff6e1955d89ca1e601d69a83eba614b9f4a4130a66e44b4,match
D:\gas_calibrator\_p9_20260705\co2_6old_0620clean_mature45_g8d_T20_600_direct_240purge_finalparams\p018_T20_600ppm_fit_retry1,co2,formal_open_flow_route_timing.json,D:\gas_calibrator\_p9_20260705\co2_6old_0620clean_mature45_g8d_T20_600_direct_240purge_finalparams\p018_T20_600ppm_fit_retry1\formal_open_flow_route_timing.json,577,577,16dfc1a43d73d47abc45a7befb0b473158fcfc89a01296f789a99f52cfd5a023,16dfc1a43d73d47abc45a7befb0b473158fcfc89a01296f789a99f52cfd5a023,match
D:\gas_calibrator\_p9_20260705\co2_6old_0620clean_mature45_g8d_T20_600_direct_240purge_finalparams\p018_T20_600ppm_fit_retry1,co2,formal_open_flow_sidecar_metadata.json,D:\gas_calibrator\_p9_20260705\co2_6old_0620clean_mature45_g8d_T20_600_direct_240purge_finalparams\p018_T20_600ppm_fit_retry1\formal_open_flow_sidecar_metadata.json,1211,1211,9925933a48d2924160793173d31f8e3a600f94379f33fc67eff6dfc9fe77ec67,9925933a48d2924160793173d31f8e3a600f94379f33fc67eff6dfc9fe77ec67,match
D:\gas_calibrator\_p9_20260705\co2_6old_0620clean_mature45_g8d_T20_600_direct_240purge_finalparams\p018_T20_600ppm_fit_retry1,co2,frame_quality_summary.csv,D:\gas_calibrator\_p9_20260705\co2_6old_0620clean_mature45_g8d_T20_600_direct_240purge_finalparams\p018_T20_600ppm_fit_retry1\frame_quality_summary.csv,505,505,e79796c07040bef361920d98ccda0c08b636f5468d74a6a23116af164634565f,e79796c07040bef361920d98ccda0c08b636f5468d74a6a23116af164634565f,match
D:\gas_calibrator\_p9_20260705\co2_6old_0620clean_mature45_g8d_T20_600_direct_240purge_finalparams\p018_T20_600ppm_fit_retry1,co2,runtime_config_snapshot.json,D:\gas_calibrator\_p9_20260705\co2_6old_0620clean_mature45_g8d_T20_600_direct_240purge_finalparams\p018_T20_600ppm_fit_retry1\runtime_config_snapshot.json,36968,36968,1628d1c6e66a43aadeaa8a40de6f88f0ad3dccd898a4ec105b67bb75819f393e,1628d1c6e66a43aadeaa8a40de6f88f0ad3dccd898a4ec105b67bb75819f393e,match
D:\gas_calibrator\_p9_20260705\co2_6old_0620clean_mature45_g8d_T20_600_direct_240purge_finalparams\p018_T20_600ppm_fit_retry1,co2,samples_machine_readable.csv,D:\gas_calibrator\_p9_20260705\co2_6old_0620clean_mature45_g8d_T20_600_direct_240purge_finalparams\p018_T20_600ppm_fit_retry1\samples_machine_readable.csv,137341,137341,a209f29d88054d4b9d070c75894659f65ccb08fd844655b9e64d75185d32590b,a209f29d88054d4b9d070c75894659f65ccb08fd844655b9e64d75185d32590b,match
D:\gas_calibrator\_p9_20260705\co2_6old_0620clean_mature45_g8e_T20_700_direct_240purge_finalparams\p019_T20_700ppm_fit_retry1,co2,formal_open_flow_route_timing.json,D:\gas_calibrator\_p9_20260705\co2_6old_0620clean_mature45_g8e_T20_700_direct_240purge_finalparams\p019_T20_700ppm_fit_retry1\formal_open_flow_route_timing.json,577,577,794bdc7dc292d8ca1b7d505f004774c595d81d04164aa06ad4252c89317010d1,794bdc7dc292d8ca1b7d505f004774c595d81d04164aa06ad4252c89317010d1,match
D:\gas_calibrator\_p9_20260705\co2_6old_0620clean_mature45_g8e_T20_700_direct_240purge_finalparams\p019_T20_700ppm_fit_retry1,co2,formal_open_flow_sidecar_metadata.json,D:\gas_calibrator\_p9_20260705\co2_6old_0620clean_mature45_g8e_T20_700_direct_240purge_finalparams\p019_T20_700ppm_fit_retry1\formal_open_flow_sidecar_metadata.json,1213,1213,a84b0f97b9cb58ffafa5e54cee7789a5eb5225dc88a3e15bcf6112954173fbf9,a84b0f97b9cb58ffafa5e54cee7789a5eb5225dc88a3e15bcf6112954173fbf9,match
D:\gas_calibrator\_p9_20260705\co2_6old_0620clean_mature45_g8e_T20_700_direct_240purge_finalparams\p019_T20_700ppm_fit_retry1,co2,frame_quality_summary.csv,D:\gas_calibrator\_p9_20260705\co2_6old_0620clean_mature45_g8e_T20_700_direct_240purge_finalparams\p019_T20_700ppm_fit_retry1\frame_quality_summary.csv,505,505,2584ddefb33c7482f71d58664d977e8a8ef48ea9c8cfc2cac7d548cbcffbb271,2584ddefb33c7482f71d58664d977e8a8ef48ea9c8cfc2cac7d548cbcffbb271,match
D:\gas_calibrator\_p9_20260705\co2_6old_0620clean_mature45_g8e_T20_700_direct_240purge_finalparams\p019_T20_700ppm_fit_retry1,co2,runtime_config_snapshot.json,D:\gas_calibrator\_p9_20260705\co2_6old_0620clean_mature45_g8e_T20_700_direct_240purge_finalparams\p019_T20_700ppm_fit_retry1\runtime_config_snapshot.json,36968,36968,cd33e50575b24001625a0c8e319df7cbf9e3673898144868dd98c057fd17d6ec,cd33e50575b24001625a0c8e319df7cbf9e3673898144868dd98c057fd17d6ec,match
D:\gas_calibrator\_p9_20260705\co2_6old_0620clean_mature45_g8e_T20_700_direct_240purge_finalparams\p019_T20_700ppm_fit_retry1,co2,samples_machine_readable.csv,D:\gas_calibrator\_p9_20260705\co2_6old_0620clean_mature45_g8e_T20_700_direct_240purge_finalparams\p019_T20_700ppm_fit_retry1\samples_machine_readable.csv,137264,137264,6f895a30c530be520c14983c2102c6476a9310a63b34f2b79cc30604f4f69c40,6f895a30c530be520c14983c2102c6476a9310a63b34f2b79cc30604f4f69c40,match
D:\gas_calibrator\_p9_20260705\co2_6old_0620clean_mature45_g8f_T20_800_direct_240purge_finalparams\p020_T20_800ppm_fit_retry1,co2,formal_open_flow_route_timing.json,D:\gas_calibrator\_p9_20260705\co2_6old_0620clean_mature45_g8f_T20_800_direct_240purge_finalparams\p020_T20_800ppm_fit_retry1\formal_open_flow_route_timing.json,577,577,82a556e0bebf18b92f912b03f9a1c6667ba4225d9d20d81750b4a8a1a48a4d6d,82a556e0bebf18b92f912b03f9a1c6667ba4225d9d20d81750b4a8a1a48a4d6d,match
D:\gas_calibrator\_p9_20260705\co2_6old_0620clean_mature45_g8f_T20_800_direct_240purge_finalparams\p020_T20_800ppm_fit_retry1,co2,formal_open_flow_sidecar_metadata.json,D:\gas_calibrator\_p9_20260705\co2_6old_0620clean_mature45_g8f_T20_800_direct_240purge_finalparams\p020_T20_800ppm_fit_retry1\formal_open_flow_sidecar_metadata.json,1211,1211,48e543b91b646594acdb7d686b22336ed28bd1e2d58a137fa42a8b73c5c93c90,48e543b91b646594acdb7d686b22336ed28bd1e2d58a137fa42a8b73c5c93c90,match
D:\gas_calibrator\_p9_20260705\co2_6old_0620clean_mature45_g8f_T20_800_direct_240purge_finalparams\p020_T20_800ppm_fit_retry1,co2,frame_quality_summary.csv,D:\gas_calibrator\_p9_20260705\co2_6old_0620clean_mature45_g8f_T20_800_direct_240purge_finalparams\p020_T20_800ppm_fit_retry1\frame_quality_summary.csv,505,505,42f55f27102714b9b535b8b89efd1533e89b5c9ff3dc35c401ecefe09a4d1ed1,42f55f27102714b9b535b8b89efd1533e89b5c9ff3dc35c401ecefe09a4d1ed1,match
D:\gas_calibrator\_p9_20260705\co2_6old_0620clean_mature45_g8f_T20_800_direct_240purge_finalparams\p020_T20_800ppm_fit_retry1,co2,runtime_config_snapshot.json,D:\gas_calibrator\_p9_20260705\co2_6old_0620clean_mature45_g8f_T20_800_direct_240purge_finalparams\p020_T20_800ppm_fit_retry1\runtime_config_snapshot.json,36968,36968,0da5cb7b15f1011f78987de14bde28bc7e36ca54f3979ad3fa695cf5a3773032,0da5cb7b15f1011f78987de14bde28bc7e36ca54f3979ad3fa695cf5a3773032,match
D:\gas_calibrator\_p9_20260705\co2_6old_0620clean_mature45_g8f_T20_800_direct_240purge_finalparams\p020_T20_800ppm_fit_retry1,co2,samples_machine_readable.csv,D:\gas_calibrator\_p9_20260705\co2_6old_0620clean_mature45_g8f_T20_800_direct_240purge_finalparams\p020_T20_800ppm_fit_retry1\samples_machine_readable.csv,137470,137470,336912ed0ad2e7e619f0ad8a42c14954a0efb9d3cca3338a076879c86714fa21,336912ed0ad2e7e619f0ad8a42c14954a0efb9d3cca3338a076879c86714fa21,match
D:\gas_calibrator\_p9_20260705\co2_6old_0620clean_mature45_g8g_T20_900_direct_240purge_finalparams\p021_T20_900ppm_fit_retry1,co2,formal_open_flow_route_timing.json,D:\gas_calibrator\_p9_20260705\co2_6old_0620clean_mature45_g8g_T20_900_direct_240purge_finalparams\p021_T20_900ppm_fit_retry1\formal_open_flow_route_timing.json,577,577,351605ab35ee521b2e7fc7e0fc4933d8474a081bc00d4a7db88e5d1bc90d3a13,351605ab35ee521b2e7fc7e0fc4933d8474a081bc00d4a7db88e5d1bc90d3a13,match
D:\gas_calibrator\_p9_20260705\co2_6old_0620clean_mature45_g8g_T20_900_direct_240purge_finalparams\p021_T20_900ppm_fit_retry1,co2,formal_open_flow_sidecar_metadata.json,D:\gas_calibrator\_p9_20260705\co2_6old_0620clean_mature45_g8g_T20_900_direct_240purge_finalparams\p021_T20_900ppm_fit_retry1\formal_open_flow_sidecar_metadata.json,1213,1213,6129df8518c43821f9a63c4e9e2f37860966cbd604253e52521bd56c63f1f734,6129df8518c43821f9a63c4e9e2f37860966cbd604253e52521bd56c63f1f734,match
D:\gas_calibrator\_p9_20260705\co2_6old_0620clean_mature45_g8g_T20_900_direct_240purge_finalparams\p021_T20_900ppm_fit_retry1,co2,frame_quality_summary.csv,D:\gas_calibrator\_p9_20260705\co2_6old_0620clean_mature45_g8g_T20_900_direct_240purge_finalparams\p021_T20_900ppm_fit_retry1\frame_quality_summary.csv,505,505,7287d371348fdafa49402827ada9045eb133404c966421dc2186030dc8934256,7287d371348fdafa49402827ada9045eb133404c966421dc2186030dc8934256,match
D:\gas_calibrator\_p9_20260705\co2_6old_0620clean_mature45_g8g_T20_900_direct_240purge_finalparams\p021_T20_900ppm_fit_retry1,co2,runtime_config_snapshot.json,D:\gas_calibrator\_p9_20260705\co2_6old_0620clean_mature45_g8g_T20_900_direct_240purge_finalparams\p021_T20_900ppm_fit_retry1\runtime_config_snapshot.json,36968,36968,88e38e0c55613ded3adda4f5762461fb1ea8101b3a2c549cab4311cf368401db,88e38e0c55613ded3adda4f5762461fb1ea8101b3a2c549cab4311cf368401db,match
D:\gas_calibrator\_p9_20260705\co2_6old_0620clean_mature45_g8g_T20_900_direct_240purge_finalparams\p021_T20_900ppm_fit_retry1,co2,samples_machine_readable.csv,D:\gas_calibrator\_p9_20260705\co2_6old_0620clean_mature45_g8g_T20_900_direct_240purge_finalparams\p021_T20_900ppm_fit_retry1\samples_machine_readable.csv,137470,137470,0e42b0832fece725fac98088d5b2cebedaff826d8adee66fb4016306a7345582,0e42b0832fece725fac98088d5b2cebedaff826d8adee66fb4016306a7345582,match
D:\gas_calibrator\_p9_20260705\co2_6old_0620clean_mature45_g8h_T20_1000_direct_240purge_finalparams\p022_T20_1000ppm_fit_retry1,co2,formal_open_flow_route_timing.json,D:\gas_calibrator\_p9_20260705\co2_6old_0620clean_mature45_g8h_T20_1000_direct_240purge_finalparams\p022_T20_1000ppm_fit_retry1\formal_open_flow_route_timing.json,579,579,e9ac630e6f875fff1977f35ba1f53b4617596f1a9d7fd291acda340041564263,e9ac630e6f875fff1977f35ba1f53b4617596f1a9d7fd291acda340041564263,match
D:\gas_calibrator\_p9_20260705\co2_6old_0620clean_mature45_g8h_T20_1000_direct_240purge_finalparams\p022_T20_1000ppm_fit_retry1,co2,formal_open_flow_sidecar_metadata.json,D:\gas_calibrator\_p9_20260705\co2_6old_0620clean_mature45_g8h_T20_1000_direct_240purge_finalparams\p022_T20_1000ppm_fit_retry1\formal_open_flow_sidecar_metadata.json,1213,1213,faccc74950f6920ce0e28819a29bfb36dad365a226bb1a9bec85a98297d66610,faccc74950f6920ce0e28819a29bfb36dad365a226bb1a9bec85a98297d66610,match
D:\gas_calibrator\_p9_20260705\co2_6old_0620clean_mature45_g8h_T20_1000_direct_240purge_finalparams\p022_T20_1000ppm_fit_retry1,co2,frame_quality_summary.csv,D:\gas_calibrator\_p9_20260705\co2_6old_0620clean_mature45_g8h_T20_1000_direct_240purge_finalparams\p022_T20_1000ppm_fit_retry1\frame_quality_summary.csv,511,511,005d1e8d98dc69beb90ceec6e82409e053e097bb2f702c39b5acb93734423462,005d1e8d98dc69beb90ceec6e82409e053e097bb2f702c39b5acb93734423462,match
D:\gas_calibrator\_p9_20260705\co2_6old_0620clean_mature45_g8h_T20_1000_direct_240purge_finalparams\p022_T20_1000ppm_fit_retry1,co2,runtime_config_snapshot.json,D:\gas_calibrator\_p9_20260705\co2_6old_0620clean_mature45_g8h_T20_1000_direct_240purge_finalparams\p022_T20_1000ppm_fit_retry1\runtime_config_snapshot.json,36969,36969,53a93d6ec7184343e5462330312150a4d57d8765c5bd54912332cd656e8c5dbb,53a93d6ec7184343e5462330312150a4d57d8765c5bd54912332cd656e8c5dbb,match
D:\gas_calibrator\_p9_20260705\co2_6old_0620clean_mature45_g8h_T20_1000_direct_240purge_finalparams\p022_T20_1000ppm_fit_retry1,co2,samples_machine_readable.csv,D:\gas_calibrator\_p9_20260705\co2_6old_0620clean_mature45_g8h_T20_1000_direct_240purge_finalparams\p022_T20_1000ppm_fit_retry1\samples_machine_readable.csv,137458,137458,cef86d586095c7ffa17c562d32a14849bd7aa87ac6dcc71755938f1d1f68828f,cef86d586095c7ffa17c562d32a14849bd7aa87ac6dcc71755938f1d1f68828f,match
D:\gas_calibrator\_p9_20260705\co2_6old_0620clean_mature45_g9_T10_to_Tm20_finalparams\p001_T10_0ppm_fit,co2,formal_open_flow_route_timing.json,D:\gas_calibrator\_p9_20260705\co2_6old_0620clean_mature45_g9_T10_to_Tm20_finalparams\p001_T10_0ppm_fit\formal_open_flow_route_timing.json,566,566,c49447c52430cc558859c4acbc3d860009ad8e6d101bdba44e07f11652cf0ac1,c49447c52430cc558859c4acbc3d860009ad8e6d101bdba44e07f11652cf0ac1,match
D:\gas_calibrator\_p9_20260705\co2_6old_0620clean_mature45_g9_T10_to_Tm20_finalparams\p001_T10_0ppm_fit,co2,formal_open_flow_sidecar_metadata.json,D:\gas_calibrator\_p9_20260705\co2_6old_0620clean_mature45_g9_T10_to_Tm20_finalparams\p001_T10_0ppm_fit\formal_open_flow_sidecar_metadata.json,1228,1228,13ed2978cb89b1f2d023d30449bf8f2af06df4f9fb1a08ae1ea14364a0483b62,13ed2978cb89b1f2d023d30449bf8f2af06df4f9fb1a08ae1ea14364a0483b62,match
D:\gas_calibrator\_p9_20260705\co2_6old_0620clean_mature45_g9_T10_to_Tm20_finalparams\p001_T10_0ppm_fit,co2,frame_quality_summary.csv,D:\gas_calibrator\_p9_20260705\co2_6old_0620clean_mature45_g9_T10_to_Tm20_finalparams\p001_T10_0ppm_fit\frame_quality_summary.csv,493,493,994b374ecc13334ad13a0d1ea6b8e9f58e62dce139155cb926fce92b79351102,994b374ecc13334ad13a0d1ea6b8e9f58e62dce139155cb926fce92b79351102,match
D:\gas_calibrator\_p9_20260705\co2_6old_0620clean_mature45_g9_T10_to_Tm20_finalparams\p001_T10_0ppm_fit,co2,runtime_config_snapshot.json,D:\gas_calibrator\_p9_20260705\co2_6old_0620clean_mature45_g9_T10_to_Tm20_finalparams\p001_T10_0ppm_fit\runtime_config_snapshot.json,37007,37007,6ee1c806dfc12049574ca6e4af4cb8a95035bd17503a7f973ef52e8ae826bf78,6ee1c806dfc12049574ca6e4af4cb8a95035bd17503a7f973ef52e8ae826bf78,match
D:\gas_calibrator\_p9_20260705\co2_6old_0620clean_mature45_g9_T10_to_Tm20_finalparams\p001_T10_0ppm_fit,co2,samples_machine_readable.csv,D:\gas_calibrator\_p9_20260705\co2_6old_0620clean_mature45_g9_T10_to_Tm20_finalparams\p001_T10_0ppm_fit\samples_machine_readable.csv,137129,137129,6e6c111877d60e143566130802c844a51b5e640781305eb288f84fcf66c1bc3c,6e6c111877d60e143566130802c844a51b5e640781305eb288f84fcf66c1bc3c,match
D:\gas_calibrator\_p9_20260705\co2_6old_0620clean_mature45_g9_T10_to_Tm20_finalparams\p002_T10_100ppm_fit,co2,formal_open_flow_route_timing.json,D:\gas_calibrator\_p9_20260705\co2_6old_0620clean_mature45_g9_T10_to_Tm20_finalparams\p002_T10_100ppm_fit\formal_open_flow_route_timing.json,570,570,ad9ecf6f510601c6839186ad78833920c1cf28aeaa451c5591f4ae829b9014ba,ad9ecf6f510601c6839186ad78833920c1cf28aeaa451c5591f4ae829b9014ba,match
D:\gas_calibrator\_p9_20260705\co2_6old_0620clean_mature45_g9_T10_to_Tm20_finalparams\p002_T10_100ppm_fit,co2,formal_open_flow_sidecar_metadata.json,D:\gas_calibrator\_p9_20260705\co2_6old_0620clean_mature45_g9_T10_to_Tm20_finalparams\p002_T10_100ppm_fit\formal_open_flow_sidecar_metadata.json,1234,1234,28801f2fb703df6e4b6346cf9f43aee10c246de8577a38a33192d5547745e7c0,28801f2fb703df6e4b6346cf9f43aee10c246de8577a38a33192d5547745e7c0,match
D:\gas_calibrator\_p9_20260705\co2_6old_0620clean_mature45_g9_T10_to_Tm20_finalparams\p002_T10_100ppm_fit,co2,frame_quality_summary.csv,D:\gas_calibrator\_p9_20260705\co2_6old_0620clean_mature45_g9_T10_to_Tm20_finalparams\p002_T10_100ppm_fit\frame_quality_summary.csv,505,505,97c60d1e03b6e7c5898c01ed9933ef5cfb4e33570f747f9b453e83fe2bf52f88,97c60d1e03b6e7c5898c01ed9933ef5cfb4e33570f747f9b453e83fe2bf52f88,match
D:\gas_calibrator\_p9_20260705\co2_6old_0620clean_mature45_g9_T10_to_Tm20_finalparams\p002_T10_100ppm_fit,co2,runtime_config_snapshot.json,D:\gas_calibrator\_p9_20260705\co2_6old_0620clean_mature45_g9_T10_to_Tm20_finalparams\p002_T10_100ppm_fit\runtime_config_snapshot.json,37007,37007,6ee1c806dfc12049574ca6e4af4cb8a95035bd17503a7f973ef52e8ae826bf78,6ee1c806dfc12049574ca6e4af4cb8a95035bd17503a7f973ef52e8ae826bf78,match
D:\gas_calibrator\_p9_20260705\co2_6old_0620clean_mature45_g9_T10_to_Tm20_finalparams\p002_T10_100ppm_fit,co2,samples_machine_readable.csv,D:\gas_calibrator\_p9_20260705\co2_6old_0620clean_mature45_g9_T10_to_Tm20_finalparams\p002_T10_100ppm_fit\samples_machine_readable.csv,137259,137259,ae5a2a5dcc2d288b5b6e6a602460504f7b5767211b86e176083c776ac2607e07,ae5a2a5dcc2d288b5b6e6a602460504f7b5767211b86e176083c776ac2607e07,match
D:\gas_calibrator\_p9_20260705\co2_6old_0620clean_mature45_g9_T10_to_Tm20_finalparams\p003_T10_200ppm_fit,co2,formal_open_flow_route_timing.json,D:\gas_calibrator\_p9_20260705\co2_6old_0620clean_mature45_g9_T10_to_Tm20_finalparams\p003_T10_200ppm_fit\formal_open_flow_route_timing.json,570,570,0d136ad0121cea71bf4b5a749e79b3398ca31ea99219e54e41bccd808d422714,0d136ad0121cea71bf4b5a749e79b3398ca31ea99219e54e41bccd808d422714,match
D:\gas_calibrator\_p9_20260705\co2_6old_0620clean_mature45_g9_T10_to_Tm20_finalparams\p003_T10_200ppm_fit,co2,formal_open_flow_sidecar_metadata.json,D:\gas_calibrator\_p9_20260705\co2_6old_0620clean_mature45_g9_T10_to_Tm20_finalparams\p003_T10_200ppm_fit\formal_open_flow_sidecar_metadata.json,1232,1232,495aa711785893550ee137543ee4d220dc1153159261fcaf27d9030859f6fdb9,495aa711785893550ee137543ee4d220dc1153159261fcaf27d9030859f6fdb9,match
D:\gas_calibrator\_p9_20260705\co2_6old_0620clean_mature45_g9_T10_to_Tm20_finalparams\p003_T10_200ppm_fit,co2,frame_quality_summary.csv,D:\gas_calibrator\_p9_20260705\co2_6old_0620clean_mature45_g9_T10_to_Tm20_finalparams\p003_T10_200ppm_fit\frame_quality_summary.csv,505,505,d2c496162812dc8b95d4fa26282a0cab3ef9a3746bc7c9ce58521dc8973ba78a,d2c496162812dc8b95d4fa26282a0cab3ef9a3746bc7c9ce58521dc8973ba78a,match
D:\gas_calibrator\_p9_20260705\co2_6old_0620clean_mature45_g9_T10_to_Tm20_finalparams\p003_T10_200ppm_fit,co2,runtime_config_snapshot.json,D:\gas_calibrator\_p9_20260705\co2_6old_0620clean_mature45_g9_T10_to_Tm20_finalparams\p003_T10_200ppm_fit\runtime_config_snapshot.json,37007,37007,6ee1c806dfc12049574ca6e4af4cb8a95035bd17503a7f973ef52e8ae826bf78,6ee1c806dfc12049574ca6e4af4cb8a95035bd17503a7f973ef52e8ae826bf78,match
D:\gas_calibrator\_p9_20260705\co2_6old_0620clean_mature45_g9_T10_to_Tm20_finalparams\p003_T10_200ppm_fit,co2,samples_machine_readable.csv,D:\gas_calibrator\_p9_20260705\co2_6old_0620clean_mature45_g9_T10_to_Tm20_finalparams\p003_T10_200ppm_fit\samples_machine_readable.csv,137190,137190,3d321916d470c931798842520f2467beaed74c8524d9401a5ceb58ff3e1bbe2f,3d321916d470c931798842520f2467beaed74c8524d9401a5ceb58ff3e1bbe2f,match
D:\gas_calibrator\_p9_20260705\co2_6old_0620clean_mature45_g9_T10_to_Tm20_finalparams\p004_T10_300ppm_fit,co2,formal_open_flow_route_timing.json,D:\gas_calibrator\_p9_20260705\co2_6old_0620clean_mature45_g9_T10_to_Tm20_finalparams\p004_T10_300ppm_fit\formal_open_flow_route_timing.json,570,570,5e0f67eb0025d3e67ea235591f976d0b0ef63c113d934a1c1f3f555fa6eb9454,5e0f67eb0025d3e67ea235591f976d0b0ef63c113d934a1c1f3f555fa6eb9454,match
D:\gas_calibrator\_p9_20260705\co2_6old_0620clean_mature45_g9_T10_to_Tm20_finalparams\p004_T10_300ppm_fit,co2,formal_open_flow_sidecar_metadata.json,D:\gas_calibrator\_p9_20260705\co2_6old_0620clean_mature45_g9_T10_to_Tm20_finalparams\p004_T10_300ppm_fit\formal_open_flow_sidecar_metadata.json,1234,1234,9428cbe10875cfcdc55e7851735bffe89ea9c2ef99d6fe5c09fb839fc9a7187c,9428cbe10875cfcdc55e7851735bffe89ea9c2ef99d6fe5c09fb839fc9a7187c,match
D:\gas_calibrator\_p9_20260705\co2_6old_0620clean_mature45_g9_T10_to_Tm20_finalparams\p004_T10_300ppm_fit,co2,frame_quality_summary.csv,D:\gas_calibrator\_p9_20260705\co2_6old_0620clean_mature45_g9_T10_to_Tm20_finalparams\p004_T10_300ppm_fit\frame_quality_summary.csv,505,505,ba40354b5b0954889844de00b3a117b9ed23222889d455818c3a1a3bad1747ee,ba40354b5b0954889844de00b3a117b9ed23222889d455818c3a1a3bad1747ee,match
D:\gas_calibrator\_p9_20260705\co2_6old_0620clean_mature45_g9_T10_to_Tm20_finalparams\p004_T10_300ppm_fit,co2,runtime_config_snapshot.json,D:\gas_calibrator\_p9_20260705\co2_6old_0620clean_mature45_g9_T10_to_Tm20_finalparams\p004_T10_300ppm_fit\runtime_config_snapshot.json,37007,37007,6ee1c806dfc12049574ca6e4af4cb8a95035bd17503a7f973ef52e8ae826bf78,6ee1c806dfc12049574ca6e4af4cb8a95035bd17503a7f973ef52e8ae826bf78,match
D:\gas_calibrator\_p9_20260705\co2_6old_0620clean_mature45_g9_T10_to_Tm20_finalparams\p004_T10_300ppm_fit,co2,samples_machine_readable.csv,D:\gas_calibrator\_p9_20260705\co2_6old_0620clean_mature45_g9_T10_to_Tm20_finalparams\p004_T10_300ppm_fit\samples_machine_readable.csv,137230,137230,14095e4f043fcccea86bbd7df06e3623aa563b866770142fbadcf0c9616c300e,14095e4f043fcccea86bbd7df06e3623aa563b866770142fbadcf0c9616c300e,match
D:\gas_calibrator\_p9_20260705\co2_6old_0620clean_mature45_g9_T10_to_Tm20_finalparams\p005_T10_400ppm_fit,co2,formal_open_flow_route_timing.json,D:\gas_calibrator\_p9_20260705\co2_6old_0620clean_mature45_g9_T10_to_Tm20_finalparams\p005_T10_400ppm_fit\formal_open_flow_route_timing.json,570,570,7d3df93291c07a88db43621a4ae0c6e295a468eaa9ef89411bfe66025d6d9286,7d3df93291c07a88db43621a4ae0c6e295a468eaa9ef89411bfe66025d6d9286,match
D:\gas_calibrator\_p9_20260705\co2_6old_0620clean_mature45_g9_T10_to_Tm20_finalparams\p005_T10_400ppm_fit,co2,formal_open_flow_sidecar_metadata.json,D:\gas_calibrator\_p9_20260705\co2_6old_0620clean_mature45_g9_T10_to_Tm20_finalparams\p005_T10_400ppm_fit\formal_open_flow_sidecar_metadata.json,1232,1232,4e0d11552073aa01bbf5712c8f334106d3733b0263af744817418bcb653f94a8,4e0d11552073aa01bbf5712c8f334106d3733b0263af744817418bcb653f94a8,match
D:\gas_calibrator\_p9_20260705\co2_6old_0620clean_mature45_g9_T10_to_Tm20_finalparams\p005_T10_400ppm_fit,co2,frame_quality_summary.csv,D:\gas_calibrator\_p9_20260705\co2_6old_0620clean_mature45_g9_T10_to_Tm20_finalparams\p005_T10_400ppm_fit\frame_quality_summary.csv,505,505,d0550a50569ce55c7b17852f7a00b9e589c58e409d97c62a16af83ce980378a6,d0550a50569ce55c7b17852f7a00b9e589c58e409d97c62a16af83ce980378a6,match
D:\gas_calibrator\_p9_20260705\co2_6old_0620clean_mature45_g9_T10_to_Tm20_finalparams\p005_T10_400ppm_fit,co2,runtime_config_snapshot.json,D:\gas_calibrator\_p9_20260705\co2_6old_0620clean_mature45_g9_T10_to_Tm20_finalparams\p005_T10_400ppm_fit\runtime_config_snapshot.json,37007,37007,6ee1c806dfc12049574ca6e4af4cb8a95035bd17503a7f973ef52e8ae826bf78,6ee1c806dfc12049574ca6e4af4cb8a95035bd17503a7f973ef52e8ae826bf78,match
D:\gas_calibrator\_p9_20260705\co2_6old_0620clean_mature45_g9_T10_to_Tm20_finalparams\p005_T10_400ppm_fit,co2,samples_machine_readable.csv,D:\gas_calibrator\_p9_20260705\co2_6old_0620clean_mature45_g9_T10_to_Tm20_finalparams\p005_T10_400ppm_fit\samples_machine_readable.csv,137269,137269,b3b7d7016c7441ccb1d0ce893195ce90c945ac7c64cd52d2d3cfac3c5645dc87,b3b7d7016c7441ccb1d0ce893195ce90c945ac7c64cd52d2d3cfac3c5645dc87,match
D:\gas_calibrator\_p9_20260705\co2_6old_0620clean_mature45_g9_T10_to_Tm20_finalparams\p006_T10_500ppm_fit,co2,formal_open_flow_route_timing.json,D:\gas_calibrator\_p9_20260705\co2_6old_0620clean_mature45_g9_T10_to_Tm20_finalparams\p006_T10_500ppm_fit\formal_open_flow_route_timing.json,570,570,1b8d15f261e2f68aaa4ccacdaff269c34bbe1332dddc5ac7606a1d28a7fadb45,1b8d15f261e2f68aaa4ccacdaff269c34bbe1332dddc5ac7606a1d28a7fadb45,match
D:\gas_calibrator\_p9_20260705\co2_6old_0620clean_mature45_g9_T10_to_Tm20_finalparams\p006_T10_500ppm_fit,co2,formal_open_flow_sidecar_metadata.json,D:\gas_calibrator\_p9_20260705\co2_6old_0620clean_mature45_g9_T10_to_Tm20_finalparams\p006_T10_500ppm_fit\formal_open_flow_sidecar_metadata.json,1234,1234,87e3714492d2f8ac26b2443511d363c4d1365c1dc6f09a36b4f8094e2c776575,87e3714492d2f8ac26b2443511d363c4d1365c1dc6f09a36b4f8094e2c776575,match
D:\gas_calibrator\_p9_20260705\co2_6old_0620clean_mature45_g9_T10_to_Tm20_finalparams\p006_T10_500ppm_fit,co2,frame_quality_summary.csv,D:\gas_calibrator\_p9_20260705\co2_6old_0620clean_mature45_g9_T10_to_Tm20_finalparams\p006_T10_500ppm_fit\frame_quality_summary.csv,505,505,b07a4fe81d6aa029072227f101b9eeb3fdf8d829afab37193cc014644f404594,b07a4fe81d6aa029072227f101b9eeb3fdf8d829afab37193cc014644f404594,match
D:\gas_calibrator\_p9_20260705\co2_6old_0620clean_mature45_g9_T10_to_Tm20_finalparams\p006_T10_500ppm_fit,co2,runtime_config_snapshot.json,D:\gas_calibrator\_p9_20260705\co2_6old_0620clean_mature45_g9_T10_to_Tm20_finalparams\p006_T10_500ppm_fit\runtime_config_snapshot.json,37007,37007,6ee1c806dfc12049574ca6e4af4cb8a95035bd17503a7f973ef52e8ae826bf78,6ee1c806dfc12049574ca6e4af4cb8a95035bd17503a7f973ef52e8ae826bf78,match
D:\gas_calibrator\_p9_20260705\co2_6old_0620clean_mature45_g9_T10_to_Tm20_finalparams\p006_T10_500ppm_fit,co2,samples_machine_readable.csv,D:\gas_calibrator\_p9_20260705\co2_6old_0620clean_mature45_g9_T10_to_Tm20_finalparams\p006_T10_500ppm_fit\samples_machine_readable.csv,137124,137124,45de5f0d6509f571b1f942ab02d80c3110eb05cd068d27d9668fc7b4100f390c,45de5f0d6509f571b1f942ab02d80c3110eb05cd068d27d9668fc7b4100f390c,match
D:\gas_calibrator\_p9_20260705\co2_6old_0620clean_mature45_g9_T10_to_Tm20_finalparams\p007_T10_600ppm_fit,co2,formal_open_flow_route_timing.json,D:\gas_calibrator\_p9_20260705\co2_6old_0620clean_mature45_g9_T10_to_Tm20_finalparams\p007_T10_600ppm_fit\formal_open_flow_route_timing.json,570,570,26c8f161503c2f34ee61917b4c5f45bb8f53ce847257a729cd9cbb38c1c7a62a,26c8f161503c2f34ee61917b4c5f45bb8f53ce847257a729cd9cbb38c1c7a62a,match
D:\gas_calibrator\_p9_20260705\co2_6old_0620clean_mature45_g9_T10_to_Tm20_finalparams\p007_T10_600ppm_fit,co2,formal_open_flow_sidecar_metadata.json,D:\gas_calibrator\_p9_20260705\co2_6old_0620clean_mature45_g9_T10_to_Tm20_finalparams\p007_T10_600ppm_fit\formal_open_flow_sidecar_metadata.json,1232,1232,b455db669b4907be32d39b777bcf5abc1b8d2ae151617200e53a1f8a118cf015,b455db669b4907be32d39b777bcf5abc1b8d2ae151617200e53a1f8a118cf015,match
D:\gas_calibrator\_p9_20260705\co2_6old_0620clean_mature45_g9_T10_to_Tm20_finalparams\p007_T10_600ppm_fit,co2,frame_quality_summary.csv,D:\gas_calibrator\_p9_20260705\co2_6old_0620clean_mature45_g9_T10_to_Tm20_finalparams\p007_T10_600ppm_fit\frame_quality_summary.csv,505,505,e79796c07040bef361920d98ccda0c08b636f5468d74a6a23116af164634565f,e79796c07040bef361920d98ccda0c08b636f5468d74a6a23116af164634565f,match
D:\gas_calibrator\_p9_20260705\co2_6old_0620clean_mature45_g9_T10_to_Tm20_finalparams\p007_T10_600ppm_fit,co2,runtime_config_snapshot.json,D:\gas_calibrator\_p9_20260705\co2_6old_0620clean_mature45_g9_T10_to_Tm20_finalparams\p007_T10_600ppm_fit\runtime_config_snapshot.json,37007,37007,6ee1c806dfc12049574ca6e4af4cb8a95035bd17503a7f973ef52e8ae826bf78,6ee1c806dfc12049574ca6e4af4cb8a95035bd17503a7f973ef52e8ae826bf78,match
D:\gas_calibrator\_p9_20260705\co2_6old_0620clean_mature45_g9_T10_to_Tm20_finalparams\p007_T10_600ppm_fit,co2,samples_machine_readable.csv,D:\gas_calibrator\_p9_20260705\co2_6old_0620clean_mature45_g9_T10_to_Tm20_finalparams\p007_T10_600ppm_fit\samples_machine_readable.csv,137207,137207,eb8a3ae73ebc0bff42c78400a094ee5e073ce49bca98b870b0b36f0944c51587,eb8a3ae73ebc0bff42c78400a094ee5e073ce49bca98b870b0b36f0944c51587,match
D:\gas_calibrator\_p9_20260705\co2_6old_0620clean_mature45_g9_T10_to_Tm20_finalparams\p008_T10_700ppm_fit,co2,formal_open_flow_route_timing.json,D:\gas_calibrator\_p9_20260705\co2_6old_0620clean_mature45_g9_T10_to_Tm20_finalparams\p008_T10_700ppm_fit\formal_open_flow_route_timing.json,570,570,78d6feb031bf33c04ca36a7b19096fa252847c637c928ffecc09b544ed20912b,78d6feb031bf33c04ca36a7b19096fa252847c637c928ffecc09b544ed20912b,match
D:\gas_calibrator\_p9_20260705\co2_6old_0620clean_mature45_g9_T10_to_Tm20_finalparams\p008_T10_700ppm_fit,co2,formal_open_flow_sidecar_metadata.json,D:\gas_calibrator\_p9_20260705\co2_6old_0620clean_mature45_g9_T10_to_Tm20_finalparams\p008_T10_700ppm_fit\formal_open_flow_sidecar_metadata.json,1234,1234,162b8480e1d7ab55a8d529776b7d8cfcf0e5bb1cb7d066810c0f2bc5fb314f38,162b8480e1d7ab55a8d529776b7d8cfcf0e5bb1cb7d066810c0f2bc5fb314f38,match
D:\gas_calibrator\_p9_20260705\co2_6old_0620clean_mature45_g9_T10_to_Tm20_finalparams\p008_T10_700ppm_fit,co2,frame_quality_summary.csv,D:\gas_calibrator\_p9_20260705\co2_6old_0620clean_mature45_g9_T10_to_Tm20_finalparams\p008_T10_700ppm_fit\frame_quality_summary.csv,505,505,2584ddefb33c7482f71d58664d977e8a8ef48ea9c8cfc2cac7d548cbcffbb271,2584ddefb33c7482f71d58664d977e8a8ef48ea9c8cfc2cac7d548cbcffbb271,match
D:\gas_calibrator\_p9_20260705\co2_6old_0620clean_mature45_g9_T10_to_Tm20_finalparams\p008_T10_700ppm_fit,co2,runtime_config_snapshot.json,D:\gas_calibrator\_p9_20260705\co2_6old_0620clean_mature45_g9_T10_to_Tm20_finalparams\p008_T10_700ppm_fit\runtime_config_snapshot.json,37007,37007,6ee1c806dfc12049574ca6e4af4cb8a95035bd17503a7f973ef52e8ae826bf78,6ee1c806dfc12049574ca6e4af4cb8a95035bd17503a7f973ef52e8ae826bf78,match
D:\gas_calibrator\_p9_20260705\co2_6old_0620clean_mature45_g9_T10_to_Tm20_finalparams\p008_T10_700ppm_fit,co2,samples_machine_readable.csv,D:\gas_calibrator\_p9_20260705\co2_6old_0620clean_mature45_g9_T10_to_Tm20_finalparams\p008_T10_700ppm_fit\samples_machine_readable.csv,137224,137224,5a150db73d6c948448b6d147e6a97d0db38fcce41b37d19c92209719a0156e96,5a150db73d6c948448b6d147e6a97d0db38fcce41b37d19c92209719a0156e96,match
D:\gas_calibrator\_p9_20260705\co2_6old_0620clean_mature45_g9_T10_to_Tm20_finalparams\p009_T10_800ppm_fit,co2,formal_open_flow_route_timing.json,D:\gas_calibrator\_p9_20260705\co2_6old_0620clean_mature45_g9_T10_to_Tm20_finalparams\p009_T10_800ppm_fit\formal_open_flow_route_timing.json,570,570,002f7bb7ad7038a32eb6407913fb8611174ae624b28dd88afedc53a95c2f9ad8,002f7bb7ad7038a32eb6407913fb8611174ae624b28dd88afedc53a95c2f9ad8,match
D:\gas_calibrator\_p9_20260705\co2_6old_0620clean_mature45_g9_T10_to_Tm20_finalparams\p009_T10_800ppm_fit,co2,formal_open_flow_sidecar_metadata.json,D:\gas_calibrator\_p9_20260705\co2_6old_0620clean_mature45_g9_T10_to_Tm20_finalparams\p009_T10_800ppm_fit\formal_open_flow_sidecar_metadata.json,1232,1232,30e77e8cb970dc79f23412656f24ae9c876f1b5c540197bcbb7b4a71a915f1a8,30e77e8cb970dc79f23412656f24ae9c876f1b5c540197bcbb7b4a71a915f1a8,match
D:\gas_calibrator\_p9_20260705\co2_6old_0620clean_mature45_g9_T10_to_Tm20_finalparams\p009_T10_800ppm_fit,co2,frame_quality_summary.csv,D:\gas_calibrator\_p9_20260705\co2_6old_0620clean_mature45_g9_T10_to_Tm20_finalparams\p009_T10_800ppm_fit\frame_quality_summary.csv,505,505,42f55f27102714b9b535b8b89efd1533e89b5c9ff3dc35c401ecefe09a4d1ed1,42f55f27102714b9b535b8b89efd1533e89b5c9ff3dc35c401ecefe09a4d1ed1,match
D:\gas_calibrator\_p9_20260705\co2_6old_0620clean_mature45_g9_T10_to_Tm20_finalparams\p009_T10_800ppm_fit,co2,runtime_config_snapshot.json,D:\gas_calibrator\_p9_20260705\co2_6old_0620clean_mature45_g9_T10_to_Tm20_finalparams\p009_T10_800ppm_fit\runtime_config_snapshot.json,37007,37007,6ee1c806dfc12049574ca6e4af4cb8a95035bd17503a7f973ef52e8ae826bf78,6ee1c806dfc12049574ca6e4af4cb8a95035bd17503a7f973ef52e8ae826bf78,match
D:\gas_calibrator\_p9_20260705\co2_6old_0620clean_mature45_g9_T10_to_Tm20_finalparams\p009_T10_800ppm_fit,co2,samples_machine_readable.csv,D:\gas_calibrator\_p9_20260705\co2_6old_0620clean_mature45_g9_T10_to_Tm20_finalparams\p009_T10_800ppm_fit\samples_machine_readable.csv,137280,137280,78d42b545ae5b91d221689d0310949cc9e394df7a413a411c9682be617b59bd2,78d42b545ae5b91d221689d0310949cc9e394df7a413a411c9682be617b59bd2,match
D:\gas_calibrator\_p9_20260705\co2_6old_0620clean_mature45_g9_T10_to_Tm20_finalparams\p010_T10_900ppm_fit,co2,formal_open_flow_route_timing.json,D:\gas_calibrator\_p9_20260705\co2_6old_0620clean_mature45_g9_T10_to_Tm20_finalparams\p010_T10_900ppm_fit\formal_open_flow_route_timing.json,570,570,24d55f84bf344b4e1d9de0f2b392594e89f47aa815f8a043269614af9f0d27f8,24d55f84bf344b4e1d9de0f2b392594e89f47aa815f8a043269614af9f0d27f8,match
D:\gas_calibrator\_p9_20260705\co2_6old_0620clean_mature45_g9_T10_to_Tm20_finalparams\p010_T10_900ppm_fit,co2,formal_open_flow_sidecar_metadata.json,D:\gas_calibrator\_p9_20260705\co2_6old_0620clean_mature45_g9_T10_to_Tm20_finalparams\p010_T10_900ppm_fit\formal_open_flow_sidecar_metadata.json,1234,1234,a48497f3c9ecf41160672438d15fc23fd49a8fc9e06165d9f1fc1890dac96a48,a48497f3c9ecf41160672438d15fc23fd49a8fc9e06165d9f1fc1890dac96a48,match
D:\gas_calibrator\_p9_20260705\co2_6old_0620clean_mature45_g9_T10_to_Tm20_finalparams\p010_T10_900ppm_fit,co2,frame_quality_summary.csv,D:\gas_calibrator\_p9_20260705\co2_6old_0620clean_mature45_g9_T10_to_Tm20_finalparams\p010_T10_900ppm_fit\frame_quality_summary.csv,505,505,7287d371348fdafa49402827ada9045eb133404c966421dc2186030dc8934256,7287d371348fdafa49402827ada9045eb133404c966421dc2186030dc8934256,match
D:\gas_calibrator\_p9_20260705\co2_6old_0620clean_mature45_g9_T10_to_Tm20_finalparams\p010_T10_900ppm_fit,co2,runtime_config_snapshot.json,D:\gas_calibrator\_p9_20260705\co2_6old_0620clean_mature45_g9_T10_to_Tm20_finalparams\p010_T10_900ppm_fit\runtime_config_snapshot.json,37007,37007,6ee1c806dfc12049574ca6e4af4cb8a95035bd17503a7f973ef52e8ae826bf78,6ee1c806dfc12049574ca6e4af4cb8a95035bd17503a7f973ef52e8ae826bf78,match
D:\gas_calibrator\_p9_20260705\co2_6old_0620clean_mature45_g9_T10_to_Tm20_finalparams\p010_T10_900ppm_fit,co2,samples_machine_readable.csv,D:\gas_calibrator\_p9_20260705\co2_6old_0620clean_mature45_g9_T10_to_Tm20_finalparams\p010_T10_900ppm_fit\samples_machine_readable.csv,137211,137211,acd2899d6dcaae2de1babccef51aaf04690215c865fab7d2ab4a7f2be26b5ae3,acd2899d6dcaae2de1babccef51aaf04690215c865fab7d2ab4a7f2be26b5ae3,match
D:\gas_calibrator\_p9_20260705\co2_6old_0620clean_mature45_g9_T10_to_Tm20_finalparams\p011_T10_1000ppm_fit,co2,formal_open_flow_route_timing.json,D:\gas_calibrator\_p9_20260705\co2_6old_0620clean_mature45_g9_T10_to_Tm20_finalparams\p011_T10_1000ppm_fit\formal_open_flow_route_timing.json,572,572,49788353b7246f5319863d71316c1c891d6553e1e5750098131b8fe6e7f4fb77,49788353b7246f5319863d71316c1c891d6553e1e5750098131b8fe6e7f4fb77,match
D:\gas_calibrator\_p9_20260705\co2_6old_0620clean_mature45_g9_T10_to_Tm20_finalparams\p011_T10_1000ppm_fit,co2,formal_open_flow_sidecar_metadata.json,D:\gas_calibrator\_p9_20260705\co2_6old_0620clean_mature45_g9_T10_to_Tm20_finalparams\p011_T10_1000ppm_fit\formal_open_flow_sidecar_metadata.json,1234,1234,c7f182f8f1c096b5ea8a5d0f9c8760b48c7056bf95464e31b3b34bf2db43166c,c7f182f8f1c096b5ea8a5d0f9c8760b48c7056bf95464e31b3b34bf2db43166c,match
D:\gas_calibrator\_p9_20260705\co2_6old_0620clean_mature45_g9_T10_to_Tm20_finalparams\p011_T10_1000ppm_fit,co2,frame_quality_summary.csv,D:\gas_calibrator\_p9_20260705\co2_6old_0620clean_mature45_g9_T10_to_Tm20_finalparams\p011_T10_1000ppm_fit\frame_quality_summary.csv,511,511,005d1e8d98dc69beb90ceec6e82409e053e097bb2f702c39b5acb93734423462,005d1e8d98dc69beb90ceec6e82409e053e097bb2f702c39b5acb93734423462,match
D:\gas_calibrator\_p9_20260705\co2_6old_0620clean_mature45_g9_T10_to_Tm20_finalparams\p011_T10_1000ppm_fit,co2,runtime_config_snapshot.json,D:\gas_calibrator\_p9_20260705\co2_6old_0620clean_mature45_g9_T10_to_Tm20_finalparams\p011_T10_1000ppm_fit\runtime_config_snapshot.json,37007,37007,6ee1c806dfc12049574ca6e4af4cb8a95035bd17503a7f973ef52e8ae826bf78,6ee1c806dfc12049574ca6e4af4cb8a95035bd17503a7f973ef52e8ae826bf78,match
D:\gas_calibrator\_p9_20260705\co2_6old_0620clean_mature45_g9_T10_to_Tm20_finalparams\p011_T10_1000ppm_fit,co2,samples_machine_readable.csv,D:\gas_calibrator\_p9_20260705\co2_6old_0620clean_mature45_g9_T10_to_Tm20_finalparams\p011_T10_1000ppm_fit\samples_machine_readable.csv,137340,137340,46c984c8d395890feeed73392ccb7ad0f8b037c9f02c346eeb4ab5492abcf190,46c984c8d395890feeed73392ccb7ad0f8b037c9f02c346eeb4ab5492abcf190,match
D:\gas_calibrator\_p9_20260705\co2_6old_0620clean_mature45_g9_T10_to_Tm20_finalparams\p012_T0_0ppm_fit,co2,formal_open_flow_route_timing.json,D:\gas_calibrator\_p9_20260705\co2_6old_0620clean_mature45_g9_T10_to_Tm20_finalparams\p012_T0_0ppm_fit\formal_open_flow_route_timing.json,565,565,d3bc937651699ccedf88d9172d812ca0aebeac3f5c40913554e84521d5eb882d,d3bc937651699ccedf88d9172d812ca0aebeac3f5c40913554e84521d5eb882d,match
D:\gas_calibrator\_p9_20260705\co2_6old_0620clean_mature45_g9_T10_to_Tm20_finalparams\p012_T0_0ppm_fit,co2,formal_open_flow_sidecar_metadata.json,D:\gas_calibrator\_p9_20260705\co2_6old_0620clean_mature45_g9_T10_to_Tm20_finalparams\p012_T0_0ppm_fit\formal_open_flow_sidecar_metadata.json,1227,1227,99513fc6ade4103b184e5323b574574a3bfe966c06233307408fc74a980a360f,99513fc6ade4103b184e5323b574574a3bfe966c06233307408fc74a980a360f,match
D:\gas_calibrator\_p9_20260705\co2_6old_0620clean_mature45_g9_T10_to_Tm20_finalparams\p012_T0_0ppm_fit,co2,frame_quality_summary.csv,D:\gas_calibrator\_p9_20260705\co2_6old_0620clean_mature45_g9_T10_to_Tm20_finalparams\p012_T0_0ppm_fit\frame_quality_summary.csv,493,493,994b374ecc13334ad13a0d1ea6b8e9f58e62dce139155cb926fce92b79351102,994b374ecc13334ad13a0d1ea6b8e9f58e62dce139155cb926fce92b79351102,match
D:\gas_calibrator\_p9_20260705\co2_6old_0620clean_mature45_g9_T10_to_Tm20_finalparams\p012_T0_0ppm_fit,co2,runtime_config_snapshot.json,D:\gas_calibrator\_p9_20260705\co2_6old_0620clean_mature45_g9_T10_to_Tm20_finalparams\p012_T0_0ppm_fit\runtime_config_snapshot.json,37007,37007,6ee1c806dfc12049574ca6e4af4cb8a95035bd17503a7f973ef52e8ae826bf78,6ee1c806dfc12049574ca6e4af4cb8a95035bd17503a7f973ef52e8ae826bf78,match
D:\gas_calibrator\_p9_20260705\co2_6old_0620clean_mature45_g9_T10_to_Tm20_finalparams\p012_T0_0ppm_fit,co2,samples_machine_readable.csv,D:\gas_calibrator\_p9_20260705\co2_6old_0620clean_mature45_g9_T10_to_Tm20_finalparams\p012_T0_0ppm_fit\samples_machine_readable.csv,136837,136837,7c3f00ea777560bf06d7218854b342a5394ebbe2b98ed64bb3db36f16efee551,7c3f00ea777560bf06d7218854b342a5394ebbe2b98ed64bb3db36f16efee551,match
D:\gas_calibrator\_p9_20260705\co2_6old_0620clean_mature45_g9_T10_to_Tm20_finalparams\p013_T0_400ppm_fit,co2,formal_open_flow_route_timing.json,D:\gas_calibrator\_p9_20260705\co2_6old_0620clean_mature45_g9_T10_to_Tm20_finalparams\p013_T0_400ppm_fit\formal_open_flow_route_timing.json,569,569,d757f4a7398e35b425ec026de5c1f75ff01e71955d2937e419c67a3334813f91,d757f4a7398e35b425ec026de5c1f75ff01e71955d2937e419c67a3334813f91,match
D:\gas_calibrator\_p9_20260705\co2_6old_0620clean_mature45_g9_T10_to_Tm20_finalparams\p013_T0_400ppm_fit,co2,formal_open_flow_sidecar_metadata.json,D:\gas_calibrator\_p9_20260705\co2_6old_0620clean_mature45_g9_T10_to_Tm20_finalparams\p013_T0_400ppm_fit\formal_open_flow_sidecar_metadata.json,1231,1231,0bc21499c2ab2d4d3b8996664291ca7ce244579ab22c36dc3f410eb387bacb01,0bc21499c2ab2d4d3b8996664291ca7ce244579ab22c36dc3f410eb387bacb01,match
D:\gas_calibrator\_p9_20260705\co2_6old_0620clean_mature45_g9_T10_to_Tm20_finalparams\p013_T0_400ppm_fit,co2,frame_quality_summary.csv,D:\gas_calibrator\_p9_20260705\co2_6old_0620clean_mature45_g9_T10_to_Tm20_finalparams\p013_T0_400ppm_fit\frame_quality_summary.csv,505,505,d0550a50569ce55c7b17852f7a00b9e589c58e409d97c62a16af83ce980378a6,d0550a50569ce55c7b17852f7a00b9e589c58e409d97c62a16af83ce980378a6,match
D:\gas_calibrator\_p9_20260705\co2_6old_0620clean_mature45_g9_T10_to_Tm20_finalparams\p013_T0_400ppm_fit,co2,runtime_config_snapshot.json,D:\gas_calibrator\_p9_20260705\co2_6old_0620clean_mature45_g9_T10_to_Tm20_finalparams\p013_T0_400ppm_fit\runtime_config_snapshot.json,37007,37007,6ee1c806dfc12049574ca6e4af4cb8a95035bd17503a7f973ef52e8ae826bf78,6ee1c806dfc12049574ca6e4af4cb8a95035bd17503a7f973ef52e8ae826bf78,match
D:\gas_calibrator\_p9_20260705\co2_6old_0620clean_mature45_g9_T10_to_Tm20_finalparams\p013_T0_400ppm_fit,co2,samples_machine_readable.csv,D:\gas_calibrator\_p9_20260705\co2_6old_0620clean_mature45_g9_T10_to_Tm20_finalparams\p013_T0_400ppm_fit\samples_machine_readable.csv,136964,136964,6daf7da7fd0fcd6afb3890b28bc9867e936b8a632635e978627aba8aebd9069c,6daf7da7fd0fcd6afb3890b28bc9867e936b8a632635e978627aba8aebd9069c,match
D:\gas_calibrator\_p9_20260705\co2_6old_0620clean_mature45_g9_T10_to_Tm20_finalparams\p014_T0_1000ppm_fit,co2,formal_open_flow_route_timing.json,D:\gas_calibrator\_p9_20260705\co2_6old_0620clean_mature45_g9_T10_to_Tm20_finalparams\p014_T0_1000ppm_fit\formal_open_flow_route_timing.json,571,571,e1a83c555e7254ddca860be969bfaa7fe840b87e6302aed1cab42359e96f32ad,e1a83c555e7254ddca860be969bfaa7fe840b87e6302aed1cab42359e96f32ad,match
D:\gas_calibrator\_p9_20260705\co2_6old_0620clean_mature45_g9_T10_to_Tm20_finalparams\p014_T0_1000ppm_fit,co2,formal_open_flow_sidecar_metadata.json,D:\gas_calibrator\_p9_20260705\co2_6old_0620clean_mature45_g9_T10_to_Tm20_finalparams\p014_T0_1000ppm_fit\formal_open_flow_sidecar_metadata.json,1233,1233,1aeb0db42d41b280e89f9a335d5aa0c800f5a1deb4f189925815ad44e348b365,1aeb0db42d41b280e89f9a335d5aa0c800f5a1deb4f189925815ad44e348b365,match
D:\gas_calibrator\_p9_20260705\co2_6old_0620clean_mature45_g9_T10_to_Tm20_finalparams\p014_T0_1000ppm_fit,co2,frame_quality_summary.csv,D:\gas_calibrator\_p9_20260705\co2_6old_0620clean_mature45_g9_T10_to_Tm20_finalparams\p014_T0_1000ppm_fit\frame_quality_summary.csv,511,511,005d1e8d98dc69beb90ceec6e82409e053e097bb2f702c39b5acb93734423462,005d1e8d98dc69beb90ceec6e82409e053e097bb2f702c39b5acb93734423462,match
D:\gas_calibrator\_p9_20260705\co2_6old_0620clean_mature45_g9_T10_to_Tm20_finalparams\p014_T0_1000ppm_fit,co2,runtime_config_snapshot.json,D:\gas_calibrator\_p9_20260705\co2_6old_0620clean_mature45_g9_T10_to_Tm20_finalparams\p014_T0_1000ppm_fit\runtime_config_snapshot.json,37007,37007,6ee1c806dfc12049574ca6e4af4cb8a95035bd17503a7f973ef52e8ae826bf78,6ee1c806dfc12049574ca6e4af4cb8a95035bd17503a7f973ef52e8ae826bf78,match
D:\gas_calibrator\_p9_20260705\co2_6old_0620clean_mature45_g9_T10_to_Tm20_finalparams\p014_T0_1000ppm_fit,co2,samples_machine_readable.csv,D:\gas_calibrator\_p9_20260705\co2_6old_0620clean_mature45_g9_T10_to_Tm20_finalparams\p014_T0_1000ppm_fit\samples_machine_readable.csv,137115,137115,85cd3892ac9250d9ec01583267519acf119c5b157a4135cecccc8ef22f09ee53,85cd3892ac9250d9ec01583267519acf119c5b157a4135cecccc8ef22f09ee53,match
D:\gas_calibrator\_p9_20260705\co2_6old_0620clean_mature45_g9_T10_to_Tm20_finalparams\p015_Tm10_0ppm_fit,co2,formal_open_flow_route_timing.json,D:\gas_calibrator\_p9_20260705\co2_6old_0620clean_mature45_g9_T10_to_Tm20_finalparams\p015_Tm10_0ppm_fit\formal_open_flow_route_timing.json,567,567,c59470b1003c80c3b454586b22bc12049dcc46052f7b2d68f00d481749da1f3e,c59470b1003c80c3b454586b22bc12049dcc46052f7b2d68f00d481749da1f3e,match
D:\gas_calibrator\_p9_20260705\co2_6old_0620clean_mature45_g9_T10_to_Tm20_finalparams\p015_Tm10_0ppm_fit,co2,formal_open_flow_sidecar_metadata.json,D:\gas_calibrator\_p9_20260705\co2_6old_0620clean_mature45_g9_T10_to_Tm20_finalparams\p015_Tm10_0ppm_fit\formal_open_flow_sidecar_metadata.json,1229,1229,f9aab8f63180a938a19495a726be5872adb056e80cb97d200a2d33e2af6e9796,f9aab8f63180a938a19495a726be5872adb056e80cb97d200a2d33e2af6e9796,match
D:\gas_calibrator\_p9_20260705\co2_6old_0620clean_mature45_g9_T10_to_Tm20_finalparams\p015_Tm10_0ppm_fit,co2,frame_quality_summary.csv,D:\gas_calibrator\_p9_20260705\co2_6old_0620clean_mature45_g9_T10_to_Tm20_finalparams\p015_Tm10_0ppm_fit\frame_quality_summary.csv,493,493,994b374ecc13334ad13a0d1ea6b8e9f58e62dce139155cb926fce92b79351102,994b374ecc13334ad13a0d1ea6b8e9f58e62dce139155cb926fce92b79351102,match
D:\gas_calibrator\_p9_20260705\co2_6old_0620clean_mature45_g9_T10_to_Tm20_finalparams\p015_Tm10_0ppm_fit,co2,runtime_config_snapshot.json,D:\gas_calibrator\_p9_20260705\co2_6old_0620clean_mature45_g9_T10_to_Tm20_finalparams\p015_Tm10_0ppm_fit\runtime_config_snapshot.json,37007,37007,6ee1c806dfc12049574ca6e4af4cb8a95035bd17503a7f973ef52e8ae826bf78,6ee1c806dfc12049574ca6e4af4cb8a95035bd17503a7f973ef52e8ae826bf78,match
D:\gas_calibrator\_p9_20260705\co2_6old_0620clean_mature45_g9_T10_to_Tm20_finalparams\p015_Tm10_0ppm_fit,co2,samples_machine_readable.csv,D:\gas_calibrator\_p9_20260705\co2_6old_0620clean_mature45_g9_T10_to_Tm20_finalparams\p015_Tm10_0ppm_fit\samples_machine_readable.csv,137159,137159,3da016da2c1dcff70e83c9c886c0b67bc9ad12c57ab2cf9839eba3a0ac3760ec,3da016da2c1dcff70e83c9c886c0b67bc9ad12c57ab2cf9839eba3a0ac3760ec,match
D:\gas_calibrator\_p9_20260705\co2_6old_0620clean_mature45_g9_T10_to_Tm20_finalparams\p016_Tm10_400ppm_fit,co2,formal_open_flow_route_timing.json,D:\gas_calibrator\_p9_20260705\co2_6old_0620clean_mature45_g9_T10_to_Tm20_finalparams\p016_Tm10_400ppm_fit\formal_open_flow_route_timing.json,571,571,98ce7635a1f03b9b52c10edc03d1f94c78fc911b6be9270d8d0656181366b152,98ce7635a1f03b9b52c10edc03d1f94c78fc911b6be9270d8d0656181366b152,match
D:\gas_calibrator\_p9_20260705\co2_6old_0620clean_mature45_g9_T10_to_Tm20_finalparams\p016_Tm10_400ppm_fit,co2,formal_open_flow_sidecar_metadata.json,D:\gas_calibrator\_p9_20260705\co2_6old_0620clean_mature45_g9_T10_to_Tm20_finalparams\p016_Tm10_400ppm_fit\formal_open_flow_sidecar_metadata.json,1233,1233,ca88fc099dc259253e7e5fc991c6619757cc772264fce835f23b05acc2396a0a,ca88fc099dc259253e7e5fc991c6619757cc772264fce835f23b05acc2396a0a,match
D:\gas_calibrator\_p9_20260705\co2_6old_0620clean_mature45_g9_T10_to_Tm20_finalparams\p016_Tm10_400ppm_fit,co2,frame_quality_summary.csv,D:\gas_calibrator\_p9_20260705\co2_6old_0620clean_mature45_g9_T10_to_Tm20_finalparams\p016_Tm10_400ppm_fit\frame_quality_summary.csv,505,505,d0550a50569ce55c7b17852f7a00b9e589c58e409d97c62a16af83ce980378a6,d0550a50569ce55c7b17852f7a00b9e589c58e409d97c62a16af83ce980378a6,match
D:\gas_calibrator\_p9_20260705\co2_6old_0620clean_mature45_g9_T10_to_Tm20_finalparams\p016_Tm10_400ppm_fit,co2,runtime_config_snapshot.json,D:\gas_calibrator\_p9_20260705\co2_6old_0620clean_mature45_g9_T10_to_Tm20_finalparams\p016_Tm10_400ppm_fit\runtime_config_snapshot.json,37007,37007,6ee1c806dfc12049574ca6e4af4cb8a95035bd17503a7f973ef52e8ae826bf78,6ee1c806dfc12049574ca6e4af4cb8a95035bd17503a7f973ef52e8ae826bf78,match
D:\gas_calibrator\_p9_20260705\co2_6old_0620clean_mature45_g9_T10_to_Tm20_finalparams\p016_Tm10_400ppm_fit,co2,samples_machine_readable.csv,D:\gas_calibrator\_p9_20260705\co2_6old_0620clean_mature45_g9_T10_to_Tm20_finalparams\p016_Tm10_400ppm_fit\samples_machine_readable.csv,137266,137266,acda3204390a5d215a076d8e1cc62820fd220f98f08a56deb281f6f4739ef8b4,acda3204390a5d215a076d8e1cc62820fd220f98f08a56deb281f6f4739ef8b4,match
D:\gas_calibrator\_p9_20260705\co2_6old_0620clean_mature45_g9_T10_to_Tm20_finalparams\p017_Tm10_1000ppm_fit,co2,formal_open_flow_route_timing.json,D:\gas_calibrator\_p9_20260705\co2_6old_0620clean_mature45_g9_T10_to_Tm20_finalparams\p017_Tm10_1000ppm_fit\formal_open_flow_route_timing.json,573,573,83d69acc534c701208bebabc965eb0515cf24805a6692336acca7edea107e153,83d69acc534c701208bebabc965eb0515cf24805a6692336acca7edea107e153,match
D:\gas_calibrator\_p9_20260705\co2_6old_0620clean_mature45_g9_T10_to_Tm20_finalparams\p017_Tm10_1000ppm_fit,co2,formal_open_flow_sidecar_metadata.json,D:\gas_calibrator\_p9_20260705\co2_6old_0620clean_mature45_g9_T10_to_Tm20_finalparams\p017_Tm10_1000ppm_fit\formal_open_flow_sidecar_metadata.json,1235,1235,60ebe2f39a37c2111be246219754be538b9de0d129eb01ca602e9f8ad76c4300,60ebe2f39a37c2111be246219754be538b9de0d129eb01ca602e9f8ad76c4300,match
D:\gas_calibrator\_p9_20260705\co2_6old_0620clean_mature45_g9_T10_to_Tm20_finalparams\p017_Tm10_1000ppm_fit,co2,frame_quality_summary.csv,D:\gas_calibrator\_p9_20260705\co2_6old_0620clean_mature45_g9_T10_to_Tm20_finalparams\p017_Tm10_1000ppm_fit\frame_quality_summary.csv,511,511,005d1e8d98dc69beb90ceec6e82409e053e097bb2f702c39b5acb93734423462,005d1e8d98dc69beb90ceec6e82409e053e097bb2f702c39b5acb93734423462,match
D:\gas_calibrator\_p9_20260705\co2_6old_0620clean_mature45_g9_T10_to_Tm20_finalparams\p017_Tm10_1000ppm_fit,co2,runtime_config_snapshot.json,D:\gas_calibrator\_p9_20260705\co2_6old_0620clean_mature45_g9_T10_to_Tm20_finalparams\p017_Tm10_1000ppm_fit\runtime_config_snapshot.json,37007,37007,6ee1c806dfc12049574ca6e4af4cb8a95035bd17503a7f973ef52e8ae826bf78,6ee1c806dfc12049574ca6e4af4cb8a95035bd17503a7f973ef52e8ae826bf78,match
D:\gas_calibrator\_p9_20260705\co2_6old_0620clean_mature45_g9_T10_to_Tm20_finalparams\p017_Tm10_1000ppm_fit,co2,samples_machine_readable.csv,D:\gas_calibrator\_p9_20260705\co2_6old_0620clean_mature45_g9_T10_to_Tm20_finalparams\p017_Tm10_1000ppm_fit\samples_machine_readable.csv,137364,137364,a78a89636eecb2f4eb5dc00447ce11821bc3fb59fb03155456b32edad123cb95,a78a89636eecb2f4eb5dc00447ce11821bc3fb59fb03155456b32edad123cb95,match
D:\gas_calibrator\_p9_20260705\co2_6old_0620clean_mature45_g9_T10_to_Tm20_finalparams\p018_Tm20_0ppm_fit,co2,formal_open_flow_route_timing.json,D:\gas_calibrator\_p9_20260705\co2_6old_0620clean_mature45_g9_T10_to_Tm20_finalparams\p018_Tm20_0ppm_fit\formal_open_flow_route_timing.json,567,567,9d4e3ddb96131184766e4ddd2e4d8d1cb7ffaf31fce5dcb6539b032e91519060,9d4e3ddb96131184766e4ddd2e4d8d1cb7ffaf31fce5dcb6539b032e91519060,match
D:\gas_calibrator\_p9_20260705\co2_6old_0620clean_mature45_g9_T10_to_Tm20_finalparams\p018_Tm20_0ppm_fit,co2,formal_open_flow_sidecar_metadata.json,D:\gas_calibrator\_p9_20260705\co2_6old_0620clean_mature45_g9_T10_to_Tm20_finalparams\p018_Tm20_0ppm_fit\formal_open_flow_sidecar_metadata.json,1229,1229,b160627ebf22edc32f218edfc52371f5555a6bad6720ca0f4869a6cd6383e178,b160627ebf22edc32f218edfc52371f5555a6bad6720ca0f4869a6cd6383e178,match
D:\gas_calibrator\_p9_20260705\co2_6old_0620clean_mature45_g9_T10_to_Tm20_finalparams\p018_Tm20_0ppm_fit,co2,frame_quality_summary.csv,D:\gas_calibrator\_p9_20260705\co2_6old_0620clean_mature45_g9_T10_to_Tm20_finalparams\p018_Tm20_0ppm_fit\frame_quality_summary.csv,493,493,994b374ecc13334ad13a0d1ea6b8e9f58e62dce139155cb926fce92b79351102,994b374ecc13334ad13a0d1ea6b8e9f58e62dce139155cb926fce92b79351102,match
D:\gas_calibrator\_p9_20260705\co2_6old_0620clean_mature45_g9_T10_to_Tm20_finalparams\p018_Tm20_0ppm_fit,co2,runtime_config_snapshot.json,D:\gas_calibrator\_p9_20260705\co2_6old_0620clean_mature45_g9_T10_to_Tm20_finalparams\p018_Tm20_0ppm_fit\runtime_config_snapshot.json,37007,37007,6ee1c806dfc12049574ca6e4af4cb8a95035bd17503a7f973ef52e8ae826bf78,6ee1c806dfc12049574ca6e4af4cb8a95035bd17503a7f973ef52e8ae826bf78,match
D:\gas_calibrator\_p9_20260705\co2_6old_0620clean_mature45_g9_T10_to_Tm20_finalparams\p018_Tm20_0ppm_fit,co2,samples_machine_readable.csv,D:\gas_calibrator\_p9_20260705\co2_6old_0620clean_mature45_g9_T10_to_Tm20_finalparams\p018_Tm20_0ppm_fit\samples_machine_readable.csv,137324,137324,3ad0d1e066ae1e43978cbcc5441fbadfd63298bb4ba28e018d27703af5e32688,3ad0d1e066ae1e43978cbcc5441fbadfd63298bb4ba28e018d27703af5e32688,match
D:\gas_calibrator\_p9_20260705\co2_6old_mature0621_entry_live_p001_T40_0ppm_20260705_r1\p001_T40_0ppm_mature0621_entry_live_20260705_r1,co2,formal_open_flow_route_timing.json,D:\gas_calibrator\_p9_20260705\co2_6old_mature0621_entry_live_p001_T40_0ppm_20260705_r1\p001_T40_0ppm_mature0621_entry_live_20260705_r1\formal_open_flow_route_timing.json,555,555,3b7f9e6fbcb34b0b87d5d6b98dc96f064af4959f510de737b6942ad73abd9c6f,3b7f9e6fbcb34b0b87d5d6b98dc96f064af4959f510de737b6942ad73abd9c6f,match
D:\gas_calibrator\_p9_20260705\co2_6old_mature0621_entry_live_p001_T40_0ppm_20260705_r1\p001_T40_0ppm_mature0621_entry_live_20260705_r1,co2,formal_open_flow_sidecar_metadata.json,D:\gas_calibrator\_p9_20260705\co2_6old_mature0621_entry_live_p001_T40_0ppm_20260705_r1\p001_T40_0ppm_mature0621_entry_live_20260705_r1\formal_open_flow_sidecar_metadata.json,1230,1230,edc7fb0491ebeb14b0147cc936041c1537d1e53ebc02858ab200ae70927b10d6,edc7fb0491ebeb14b0147cc936041c1537d1e53ebc02858ab200ae70927b10d6,match
D:\gas_calibrator\_p9_20260705\co2_6old_mature0621_entry_live_p001_T40_0ppm_20260705_r1\p001_T40_0ppm_mature0621_entry_live_20260705_r1,co2,runtime_config_snapshot.json,D:\gas_calibrator\_p9_20260705\co2_6old_mature0621_entry_live_p001_T40_0ppm_20260705_r1\p001_T40_0ppm_mature0621_entry_live_20260705_r1\runtime_config_snapshot.json,36956,36956,2aa22cbcbf68696e58281c3ea3ca223325334f45a1aaa9cdc9e97204801f8136,2aa22cbcbf68696e58281c3ea3ca223325334f45a1aaa9cdc9e97204801f8136,match
D:\gas_calibrator\_p9_20260705\co2_6old_mature0621_entry_live_p001_T40_0ppm_20260705_r2\p001_T40_0ppm_mature0621_entry_live_20260705_r2,co2,formal_open_flow_sidecar_metadata.json,D:\gas_calibrator\_p9_20260705\co2_6old_mature0621_entry_live_p001_T40_0ppm_20260705_r2\p001_T40_0ppm_mature0621_entry_live_20260705_r2\formal_open_flow_sidecar_metadata.json,1230,1230,41d4696eb47cd0429613943055f8b6f9588b1a9e4b3abf179dc7a079cd4ad37d,41d4696eb47cd0429613943055f8b6f9588b1a9e4b3abf179dc7a079cd4ad37d,match
D:\gas_calibrator\_p9_20260705\co2_6old_mature0621_entry_live_p001_T40_0ppm_20260705_r2\p001_T40_0ppm_mature0621_entry_live_20260705_r2,co2,runtime_config_snapshot.json,D:\gas_calibrator\_p9_20260705\co2_6old_mature0621_entry_live_p001_T40_0ppm_20260705_r2\p001_T40_0ppm_mature0621_entry_live_20260705_r2\runtime_config_snapshot.json,36956,36956,a64c6f3a1e8fbfe25a4d22f177981dbc6514e6941608f1d88961b62c7420e9a5,a64c6f3a1e8fbfe25a4d22f177981dbc6514e6941608f1d88961b62c7420e9a5,match
D:\gas_calibrator\_p9_20260705\co2_6old_mature0621_entry_live_p001_T40_0ppm_20260705_r3\p001_T40_0ppm_mature0621_entry_live_20260705_r3,co2,formal_open_flow_route_timing.json,D:\gas_calibrator\_p9_20260705\co2_6old_mature0621_entry_live_p001_T40_0ppm_20260705_r3\p001_T40_0ppm_mature0621_entry_live_20260705_r3\formal_open_flow_route_timing.json,555,555,d922a22d70baf635974bbe9305b3c56564c6e90d7214f5243a9f5b452bc9e11c,d922a22d70baf635974bbe9305b3c56564c6e90d7214f5243a9f5b452bc9e11c,match
D:\gas_calibrator\_p9_20260705\co2_6old_mature0621_entry_live_p001_T40_0ppm_20260705_r3\p001_T40_0ppm_mature0621_entry_live_20260705_r3,co2,formal_open_flow_sidecar_metadata.json,D:\gas_calibrator\_p9_20260705\co2_6old_mature0621_entry_live_p001_T40_0ppm_20260705_r3\p001_T40_0ppm_mature0621_entry_live_20260705_r3\formal_open_flow_sidecar_metadata.json,1230,1230,8af9eb0195b49fee6f4637c0dd71006865ef6c7498ba2b13f339fc672f13a907,8af9eb0195b49fee6f4637c0dd71006865ef6c7498ba2b13f339fc672f13a907,match
D:\gas_calibrator\_p9_20260705\co2_6old_mature0621_entry_live_p001_T40_0ppm_20260705_r3\p001_T40_0ppm_mature0621_entry_live_20260705_r3,co2,runtime_config_snapshot.json,D:\gas_calibrator\_p9_20260705\co2_6old_mature0621_entry_live_p001_T40_0ppm_20260705_r3\p001_T40_0ppm_mature0621_entry_live_20260705_r3\runtime_config_snapshot.json,36956,36956,5b457687872306343d5068f3e14956f68d23765c09458fb07bae28b2ec56ca1d,5b457687872306343d5068f3e14956f68d23765c09458fb07bae28b2ec56ca1d,match
D:\gas_calibrator\_p9_20260705\co2_6old_mature0621_entry_live_p001_T40_0ppm_20260705_r4\p001_T40_0ppm_mature0621_entry_live_20260705_r4,co2,formal_open_flow_route_timing.json,D:\gas_calibrator\_p9_20260705\co2_6old_mature0621_entry_live_p001_T40_0ppm_20260705_r4\p001_T40_0ppm_mature0621_entry_live_20260705_r4\formal_open_flow_route_timing.json,596,596,1e349f91297f92a1beb389dd04df8f3b1dcdacf97bbb8e45f3ee4c75576a5460,1e349f91297f92a1beb389dd04df8f3b1dcdacf97bbb8e45f3ee4c75576a5460,match
D:\gas_calibrator\_p9_20260705\co2_6old_mature0621_entry_live_p001_T40_0ppm_20260705_r4\p001_T40_0ppm_mature0621_entry_live_20260705_r4,co2,formal_open_flow_sidecar_metadata.json,D:\gas_calibrator\_p9_20260705\co2_6old_mature0621_entry_live_p001_T40_0ppm_20260705_r4\p001_T40_0ppm_mature0621_entry_live_20260705_r4\formal_open_flow_sidecar_metadata.json,1230,1230,8d1d9b0688e5455795376c5c637d1e120b58a246be0d22a300a0d1d9efb6e35a,8d1d9b0688e5455795376c5c637d1e120b58a246be0d22a300a0d1d9efb6e35a,match
D:\gas_calibrator\_p9_20260705\co2_6old_mature0621_entry_live_p001_T40_0ppm_20260705_r4\p001_T40_0ppm_mature0621_entry_live_20260705_r4,co2,frame_quality_summary.csv,D:\gas_calibrator\_p9_20260705\co2_6old_mature0621_entry_live_p001_T40_0ppm_20260705_r4\p001_T40_0ppm_mature0621_entry_live_20260705_r4\frame_quality_summary.csv,493,493,994b374ecc13334ad13a0d1ea6b8e9f58e62dce139155cb926fce92b79351102,994b374ecc13334ad13a0d1ea6b8e9f58e62dce139155cb926fce92b79351102,match
D:\gas_calibrator\_p9_20260705\co2_6old_mature0621_entry_live_p001_T40_0ppm_20260705_r4\p001_T40_0ppm_mature0621_entry_live_20260705_r4,co2,runtime_config_snapshot.json,D:\gas_calibrator\_p9_20260705\co2_6old_mature0621_entry_live_p001_T40_0ppm_20260705_r4\p001_T40_0ppm_mature0621_entry_live_20260705_r4\runtime_config_snapshot.json,36956,36956,117dde064b2332e728f8dacc3ac043d12c54123984b89a28f2c701a619e64614,117dde064b2332e728f8dacc3ac043d12c54123984b89a28f2c701a619e64614,match
D:\gas_calibrator\_p9_20260705\co2_6old_mature0621_entry_live_p001_T40_0ppm_20260705_r4\p001_T40_0ppm_mature0621_entry_live_20260705_r4,co2,samples_machine_readable.csv,D:\gas_calibrator\_p9_20260705\co2_6old_mature0621_entry_live_p001_T40_0ppm_20260705_r4\p001_T40_0ppm_mature0621_entry_live_20260705_r4\samples_machine_readable.csv,137856,137856,c5bbabcfd67f4c8fae77a17e51e86f410d645ce2cf2a15af0172de6ca2cb1398,c5bbabcfd67f4c8fae77a17e51e86f410d645ce2cf2a15af0172de6ca2cb1398,match
D:\gas_calibrator\_p9_20260705\co2_6old_mature0621_entry_live_p002_T40_400ppm_20260705_r1\p002_T40_400ppm_mature0621_entry_live_20260705_r1,co2,formal_open_flow_route_timing.json,D:\gas_calibrator\_p9_20260705\co2_6old_mature0621_entry_live_p002_T40_400ppm_20260705_r1\p002_T40_400ppm_mature0621_entry_live_20260705_r1\formal_open_flow_route_timing.json,600,600,3b0efc3923e1908eb3bcbee75c66effd3d50ac832fb2adaf25760ff24aac9530,3b0efc3923e1908eb3bcbee75c66effd3d50ac832fb2adaf25760ff24aac9530,match
D:\gas_calibrator\_p9_20260705\co2_6old_mature0621_entry_live_p002_T40_400ppm_20260705_r1\p002_T40_400ppm_mature0621_entry_live_20260705_r1,co2,formal_open_flow_sidecar_metadata.json,D:\gas_calibrator\_p9_20260705\co2_6old_mature0621_entry_live_p002_T40_400ppm_20260705_r1\p002_T40_400ppm_mature0621_entry_live_20260705_r1\formal_open_flow_sidecar_metadata.json,1234,1234,e38725621fe332632cc39714b47fe0caacd2066190bd7769c3e2eb6d2105cec2,e38725621fe332632cc39714b47fe0caacd2066190bd7769c3e2eb6d2105cec2,match
D:\gas_calibrator\_p9_20260705\co2_6old_mature0621_entry_live_p002_T40_400ppm_20260705_r1\p002_T40_400ppm_mature0621_entry_live_20260705_r1,co2,frame_quality_summary.csv,D:\gas_calibrator\_p9_20260705\co2_6old_mature0621_entry_live_p002_T40_400ppm_20260705_r1\p002_T40_400ppm_mature0621_entry_live_20260705_r1\frame_quality_summary.csv,505,505,d0550a50569ce55c7b17852f7a00b9e589c58e409d97c62a16af83ce980378a6,d0550a50569ce55c7b17852f7a00b9e589c58e409d97c62a16af83ce980378a6,match
D:\gas_calibrator\_p9_20260705\co2_6old_mature0621_entry_live_p002_T40_400ppm_20260705_r1\p002_T40_400ppm_mature0621_entry_live_20260705_r1,co2,runtime_config_snapshot.json,D:\gas_calibrator\_p9_20260705\co2_6old_mature0621_entry_live_p002_T40_400ppm_20260705_r1\p002_T40_400ppm_mature0621_entry_live_20260705_r1\runtime_config_snapshot.json,36958,36958,714c94d971867c6da7de5e2ee7a8113db9480d365c26465add60e521262e8622,714c94d971867c6da7de5e2ee7a8113db9480d365c26465add60e521262e8622,match
D:\gas_calibrator\_p9_20260705\co2_6old_mature0621_entry_live_p002_T40_400ppm_20260705_r1\p002_T40_400ppm_mature0621_entry_live_20260705_r1,co2,samples_machine_readable.csv,D:\gas_calibrator\_p9_20260705\co2_6old_mature0621_entry_live_p002_T40_400ppm_20260705_r1\p002_T40_400ppm_mature0621_entry_live_20260705_r1\samples_machine_readable.csv,137939,137939,0735636abee3b3191545bd3b48f347b1975fa46d62f841ad49142130da0c2f09,0735636abee3b3191545bd3b48f347b1975fa46d62f841ad49142130da0c2f09,match
D:\gas_calibrator\_worktrees\v1_5_fixed_wait_window_gate_1aee26d_clean\_handoff\new_algo_001_init_20260627\formal\co2_open_flow_0620_mature_20260627_r1\co2_r2\p001_T40_0ppm_fit,co2,formal_open_flow_route_timing.json,D:\gas_calibrator\_worktrees\v1_5_fixed_wait_window_gate_1aee26d_clean\_handoff\new_algo_001_init_20260627\formal\co2_open_flow_0620_mature_20260627_r1\co2_r2\p001_T40_0ppm_fit\formal_open_flow_route_timing.json,566,566,05842a195df51d5c49504cb379442822476316fdddb8ed31e6b7bb8479eb14db,05842a195df51d5c49504cb379442822476316fdddb8ed31e6b7bb8479eb14db,match
D:\gas_calibrator\_worktrees\v1_5_fixed_wait_window_gate_1aee26d_clean\_handoff\new_algo_001_init_20260627\formal\co2_open_flow_0620_mature_20260627_r1\co2_r2\p001_T40_0ppm_fit,co2,formal_open_flow_sidecar_metadata.json,D:\gas_calibrator\_worktrees\v1_5_fixed_wait_window_gate_1aee26d_clean\_handoff\new_algo_001_init_20260627\formal\co2_open_flow_0620_mature_20260627_r1\co2_r2\p001_T40_0ppm_fit\formal_open_flow_sidecar_metadata.json,1200,1200,ed2c5221f108aadf8ab56c1b5c07510a1aab26dae1723cec6d6a90e8373a1fc4,ed2c5221f108aadf8ab56c1b5c07510a1aab26dae1723cec6d6a90e8373a1fc4,match
D:\gas_calibrator\_worktrees\v1_5_fixed_wait_window_gate_1aee26d_clean\_handoff\new_algo_001_init_20260627\formal\co2_open_flow_0620_mature_20260627_r1\co2_r2\p001_T40_0ppm_fit,co2,frame_quality_summary.csv,D:\gas_calibrator\_worktrees\v1_5_fixed_wait_window_gate_1aee26d_clean\_handoff\new_algo_001_init_20260627\formal\co2_open_flow_0620_mature_20260627_r1\co2_r2\p001_T40_0ppm_fit\frame_quality_summary.csv,171,171,e93dca7fcdacb8b1949b0c76ed8df0019eeaaea0c2e87834802096caf367e3de,e93dca7fcdacb8b1949b0c76ed8df0019eeaaea0c2e87834802096caf367e3de,match
D:\gas_calibrator\_worktrees\v1_5_fixed_wait_window_gate_1aee26d_clean\_handoff\new_algo_001_init_20260627\formal\co2_open_flow_0620_mature_20260627_r1\co2_r2\p001_T40_0ppm_fit,co2,runtime_config_snapshot.json,D:\gas_calibrator\_worktrees\v1_5_fixed_wait_window_gate_1aee26d_clean\_handoff\new_algo_001_init_20260627\formal\co2_open_flow_0620_mature_20260627_r1\co2_r2\p001_T40_0ppm_fit\runtime_config_snapshot.json,36105,36105,15b7c23b5725a663a950ff066fcad1f8836972025b79ade75dacddec79e8767e,15b7c23b5725a663a950ff066fcad1f8836972025b79ade75dacddec79e8767e,match
D:\gas_calibrator\_worktrees\v1_5_fixed_wait_window_gate_1aee26d_clean\_handoff\new_algo_001_init_20260627\formal\co2_open_flow_0620_mature_20260627_r1\co2_r2\p001_T40_0ppm_fit,co2,samples_machine_readable.csv,D:\gas_calibrator\_worktrees\v1_5_fixed_wait_window_gate_1aee26d_clean\_handoff\new_algo_001_init_20260627\formal\co2_open_flow_0620_mature_20260627_r1\co2_r2\p001_T40_0ppm_fit\samples_machine_readable.csv,47807,47807,a8b3fce60dd4ec16e88ad4b6cdee4edf3272276a838319e90aca3196e86e98e4,a8b3fce60dd4ec16e88ad4b6cdee4edf3272276a838319e90aca3196e86e98e4,match
D:\gas_calibrator\_worktrees\v1_5_fixed_wait_window_gate_1aee26d_clean\_handoff\new_algo_001_init_20260627\formal\co2_open_flow_0620_mature_20260627_r1\co2_r2\p002_T40_400ppm_fit,co2,formal_open_flow_route_timing.json,D:\gas_calibrator\_worktrees\v1_5_fixed_wait_window_gate_1aee26d_clean\_handoff\new_algo_001_init_20260627\formal\co2_open_flow_0620_mature_20260627_r1\co2_r2\p002_T40_400ppm_fit\formal_open_flow_route_timing.json,570,570,b6727a89a4dd8c6d17c6b5424156b304b7a18815be90c60e7884a9c0b0b785bb,b6727a89a4dd8c6d17c6b5424156b304b7a18815be90c60e7884a9c0b0b785bb,match
D:\gas_calibrator\_worktrees\v1_5_fixed_wait_window_gate_1aee26d_clean\_handoff\new_algo_001_init_20260627\formal\co2_open_flow_0620_mature_20260627_r1\co2_r2\p002_T40_400ppm_fit,co2,formal_open_flow_sidecar_metadata.json,D:\gas_calibrator\_worktrees\v1_5_fixed_wait_window_gate_1aee26d_clean\_handoff\new_algo_001_init_20260627\formal\co2_open_flow_0620_mature_20260627_r1\co2_r2\p002_T40_400ppm_fit\formal_open_flow_sidecar_metadata.json,1204,1204,6c8a9c6d73fb94e94d38f24074a58c7cf201a2770293e30ad55aa2fa3f292d7e,6c8a9c6d73fb94e94d38f24074a58c7cf201a2770293e30ad55aa2fa3f292d7e,match
D:\gas_calibrator\_worktrees\v1_5_fixed_wait_window_gate_1aee26d_clean\_handoff\new_algo_001_init_20260627\formal\co2_open_flow_0620_mature_20260627_r1\co2_r2\p002_T40_400ppm_fit,co2,frame_quality_summary.csv,D:\gas_calibrator\_worktrees\v1_5_fixed_wait_window_gate_1aee26d_clean\_handoff\new_algo_001_init_20260627\formal\co2_open_flow_0620_mature_20260627_r1\co2_r2\p002_T40_400ppm_fit\frame_quality_summary.csv,173,173,8e6b8739936020eaec5f2de70aac04aa10eadadef414b3ab9b46aa6eba6a8051,8e6b8739936020eaec5f2de70aac04aa10eadadef414b3ab9b46aa6eba6a8051,match
D:\gas_calibrator\_worktrees\v1_5_fixed_wait_window_gate_1aee26d_clean\_handoff\new_algo_001_init_20260627\formal\co2_open_flow_0620_mature_20260627_r1\co2_r2\p002_T40_400ppm_fit,co2,runtime_config_snapshot.json,D:\gas_calibrator\_worktrees\v1_5_fixed_wait_window_gate_1aee26d_clean\_handoff\new_algo_001_init_20260627\formal\co2_open_flow_0620_mature_20260627_r1\co2_r2\p002_T40_400ppm_fit\runtime_config_snapshot.json,36105,36105,15b7c23b5725a663a950ff066fcad1f8836972025b79ade75dacddec79e8767e,15b7c23b5725a663a950ff066fcad1f8836972025b79ade75dacddec79e8767e,match
D:\gas_calibrator\_worktrees\v1_5_fixed_wait_window_gate_1aee26d_clean\_handoff\new_algo_001_init_20260627\formal\co2_open_flow_0620_mature_20260627_r1\co2_r2\p002_T40_400ppm_fit,co2,samples_machine_readable.csv,D:\gas_calibrator\_worktrees\v1_5_fixed_wait_window_gate_1aee26d_clean\_handoff\new_algo_001_init_20260627\formal\co2_open_flow_0620_mature_20260627_r1\co2_r2\p002_T40_400ppm_fit\samples_machine_readable.csv,48015,48015,a345f66b2c7341ddbcee8dd18b231e97d39b9564618d97b59784d5c4165dc957,a345f66b2c7341ddbcee8dd18b231e97d39b9564618d97b59784d5c4165dc957,match
D:\gas_calibrator\_worktrees\v1_5_fixed_wait_window_gate_1aee26d_clean\_handoff\new_algo_001_init_20260627\formal\co2_open_flow_0620_mature_20260627_r1\co2_r2\p003_T40_1000ppm_fit,co2,formal_open_flow_route_timing.json,D:\gas_calibrator\_worktrees\v1_5_fixed_wait_window_gate_1aee26d_clean\_handoff\new_algo_001_init_20260627\formal\co2_open_flow_0620_mature_20260627_r1\co2_r2\p003_T40_1000ppm_fit\formal_open_flow_route_timing.json,572,572,16cd56d1d42528ac40db48f358b4ab11c39a01e2511704d584c325d1af578a78,16cd56d1d42528ac40db48f358b4ab11c39a01e2511704d584c325d1af578a78,match
D:\gas_calibrator\_worktrees\v1_5_fixed_wait_window_gate_1aee26d_clean\_handoff\new_algo_001_init_20260627\formal\co2_open_flow_0620_mature_20260627_r1\co2_r2\p003_T40_1000ppm_fit,co2,formal_open_flow_sidecar_metadata.json,D:\gas_calibrator\_worktrees\v1_5_fixed_wait_window_gate_1aee26d_clean\_handoff\new_algo_001_init_20260627\formal\co2_open_flow_0620_mature_20260627_r1\co2_r2\p003_T40_1000ppm_fit\formal_open_flow_sidecar_metadata.json,1206,1206,d33ee57d8d359167e0c99ab04d5ef74963b77d46dd8f96de259d54679ae9acee,d33ee57d8d359167e0c99ab04d5ef74963b77d46dd8f96de259d54679ae9acee,match
D:\gas_calibrator\_worktrees\v1_5_fixed_wait_window_gate_1aee26d_clean\_handoff\new_algo_001_init_20260627\formal\co2_open_flow_0620_mature_20260627_r1\co2_r2\p003_T40_1000ppm_fit,co2,frame_quality_summary.csv,D:\gas_calibrator\_worktrees\v1_5_fixed_wait_window_gate_1aee26d_clean\_handoff\new_algo_001_init_20260627\formal\co2_open_flow_0620_mature_20260627_r1\co2_r2\p003_T40_1000ppm_fit\frame_quality_summary.csv,174,174,34b287cdc845094c885ecc37e19791aba634a34d8c36b17032e45db84484b105,34b287cdc845094c885ecc37e19791aba634a34d8c36b17032e45db84484b105,match
D:\gas_calibrator\_worktrees\v1_5_fixed_wait_window_gate_1aee26d_clean\_handoff\new_algo_001_init_20260627\formal\co2_open_flow_0620_mature_20260627_r1\co2_r2\p003_T40_1000ppm_fit,co2,runtime_config_snapshot.json,D:\gas_calibrator\_worktrees\v1_5_fixed_wait_window_gate_1aee26d_clean\_handoff\new_algo_001_init_20260627\formal\co2_open_flow_0620_mature_20260627_r1\co2_r2\p003_T40_1000ppm_fit\runtime_config_snapshot.json,36105,36105,15b7c23b5725a663a950ff066fcad1f8836972025b79ade75dacddec79e8767e,15b7c23b5725a663a950ff066fcad1f8836972025b79ade75dacddec79e8767e,match
D:\gas_calibrator\_worktrees\v1_5_fixed_wait_window_gate_1aee26d_clean\_handoff\new_algo_001_init_20260627\formal\co2_open_flow_0620_mature_20260627_r1\co2_r2\p003_T40_1000ppm_fit,co2,samples_machine_readable.csv,D:\gas_calibrator\_worktrees\v1_5_fixed_wait_window_gate_1aee26d_clean\_handoff\new_algo_001_init_20260627\formal\co2_open_flow_0620_mature_20260627_r1\co2_r2\p003_T40_1000ppm_fit\samples_machine_readable.csv,48173,48173,c273853f4376bc66f63de07a20b8abf8ab8e03b297bf5d7cb7594bfdcb4591db,c273853f4376bc66f63de07a20b8abf8ab8e03b297bf5d7cb7594bfdcb4591db,match
D:\gas_calibrator\_worktrees\v1_5_fixed_wait_window_gate_1aee26d_clean\_handoff\new_algo_001_init_20260627\formal\co2_open_flow_0620_mature_20260627_r1\co2_r2\p004_T30_0ppm_fit,co2,formal_open_flow_route_timing.json,D:\gas_calibrator\_worktrees\v1_5_fixed_wait_window_gate_1aee26d_clean\_handoff\new_algo_001_init_20260627\formal\co2_open_flow_0620_mature_20260627_r1\co2_r2\p004_T30_0ppm_fit\formal_open_flow_route_timing.json,566,566,c486d48836550c36bee66f3170b3909909f5bb22c78129c84a432fb083834811,c486d48836550c36bee66f3170b3909909f5bb22c78129c84a432fb083834811,match
D:\gas_calibrator\_worktrees\v1_5_fixed_wait_window_gate_1aee26d_clean\_handoff\new_algo_001_init_20260627\formal\co2_open_flow_0620_mature_20260627_r1\co2_r2\p004_T30_0ppm_fit,co2,formal_open_flow_sidecar_metadata.json,D:\gas_calibrator\_worktrees\v1_5_fixed_wait_window_gate_1aee26d_clean\_handoff\new_algo_001_init_20260627\formal\co2_open_flow_0620_mature_20260627_r1\co2_r2\p004_T30_0ppm_fit\formal_open_flow_sidecar_metadata.json,1200,1200,6fb1a3a92f1a482ad8060e4f0c5993e32fc437bcb27a8122e397a3eea9ca5cf4,6fb1a3a92f1a482ad8060e4f0c5993e32fc437bcb27a8122e397a3eea9ca5cf4,match
D:\gas_calibrator\_worktrees\v1_5_fixed_wait_window_gate_1aee26d_clean\_handoff\new_algo_001_init_20260627\formal\co2_open_flow_0620_mature_20260627_r1\co2_r2\p004_T30_0ppm_fit,co2,frame_quality_summary.csv,D:\gas_calibrator\_worktrees\v1_5_fixed_wait_window_gate_1aee26d_clean\_handoff\new_algo_001_init_20260627\formal\co2_open_flow_0620_mature_20260627_r1\co2_r2\p004_T30_0ppm_fit\frame_quality_summary.csv,171,171,e93dca7fcdacb8b1949b0c76ed8df0019eeaaea0c2e87834802096caf367e3de,e93dca7fcdacb8b1949b0c76ed8df0019eeaaea0c2e87834802096caf367e3de,match
D:\gas_calibrator\_worktrees\v1_5_fixed_wait_window_gate_1aee26d_clean\_handoff\new_algo_001_init_20260627\formal\co2_open_flow_0620_mature_20260627_r1\co2_r2\p004_T30_0ppm_fit,co2,runtime_config_snapshot.json,D:\gas_calibrator\_worktrees\v1_5_fixed_wait_window_gate_1aee26d_clean\_handoff\new_algo_001_init_20260627\formal\co2_open_flow_0620_mature_20260627_r1\co2_r2\p004_T30_0ppm_fit\runtime_config_snapshot.json,36105,36105,15b7c23b5725a663a950ff066fcad1f8836972025b79ade75dacddec79e8767e,15b7c23b5725a663a950ff066fcad1f8836972025b79ade75dacddec79e8767e,match
D:\gas_calibrator\_worktrees\v1_5_fixed_wait_window_gate_1aee26d_clean\_handoff\new_algo_001_init_20260627\formal\co2_open_flow_0620_mature_20260627_r1\co2_r2\p004_T30_0ppm_fit,co2,samples_machine_readable.csv,D:\gas_calibrator\_worktrees\v1_5_fixed_wait_window_gate_1aee26d_clean\_handoff\new_algo_001_init_20260627\formal\co2_open_flow_0620_mature_20260627_r1\co2_r2\p004_T30_0ppm_fit\samples_machine_readable.csv,47880,47880,db2588b1d2ab75f1807bff5eb13784302e1c711d39e013f47f1f63474ba03606,db2588b1d2ab75f1807bff5eb13784302e1c711d39e013f47f1f63474ba03606,match
D:\gas_calibrator\_worktrees\v1_5_fixed_wait_window_gate_1aee26d_clean\_handoff\new_algo_001_init_20260627\formal\co2_open_flow_0620_mature_20260627_r1\co2_r2\p005_T30_100ppm_fit,co2,formal_open_flow_route_timing.json,D:\gas_calibrator\_worktrees\v1_5_fixed_wait_window_gate_1aee26d_clean\_handoff\new_algo_001_init_20260627\formal\co2_open_flow_0620_mature_20260627_r1\co2_r2\p005_T30_100ppm_fit\formal_open_flow_route_timing.json,570,570,530b774330ea323b815a6828dd2bf56d804a90a160543b23d26409937da8d750,530b774330ea323b815a6828dd2bf56d804a90a160543b23d26409937da8d750,match
D:\gas_calibrator\_worktrees\v1_5_fixed_wait_window_gate_1aee26d_clean\_handoff\new_algo_001_init_20260627\formal\co2_open_flow_0620_mature_20260627_r1\co2_r2\p005_T30_100ppm_fit,co2,formal_open_flow_sidecar_metadata.json,D:\gas_calibrator\_worktrees\v1_5_fixed_wait_window_gate_1aee26d_clean\_handoff\new_algo_001_init_20260627\formal\co2_open_flow_0620_mature_20260627_r1\co2_r2\p005_T30_100ppm_fit\formal_open_flow_sidecar_metadata.json,1206,1206,c633b291bdf5b34cf73ac24a3f1ad2e259c31edb0813f8bcb60fd78f54c75116,c633b291bdf5b34cf73ac24a3f1ad2e259c31edb0813f8bcb60fd78f54c75116,match
D:\gas_calibrator\_worktrees\v1_5_fixed_wait_window_gate_1aee26d_clean\_handoff\new_algo_001_init_20260627\formal\co2_open_flow_0620_mature_20260627_r1\co2_r2\p005_T30_100ppm_fit,co2,frame_quality_summary.csv,D:\gas_calibrator\_worktrees\v1_5_fixed_wait_window_gate_1aee26d_clean\_handoff\new_algo_001_init_20260627\formal\co2_open_flow_0620_mature_20260627_r1\co2_r2\p005_T30_100ppm_fit\frame_quality_summary.csv,173,173,3fa8bd4d04793ce4914370f5f97d7cdb7f83adaba2c4abfe32c1eaaa1e0b40f4,3fa8bd4d04793ce4914370f5f97d7cdb7f83adaba2c4abfe32c1eaaa1e0b40f4,match
D:\gas_calibrator\_worktrees\v1_5_fixed_wait_window_gate_1aee26d_clean\_handoff\new_algo_001_init_20260627\formal\co2_open_flow_0620_mature_20260627_r1\co2_r2\p005_T30_100ppm_fit,co2,runtime_config_snapshot.json,D:\gas_calibrator\_worktrees\v1_5_fixed_wait_window_gate_1aee26d_clean\_handoff\new_algo_001_init_20260627\formal\co2_open_flow_0620_mature_20260627_r1\co2_r2\p005_T30_100ppm_fit\runtime_config_snapshot.json,36105,36105,15b7c23b5725a663a950ff066fcad1f8836972025b79ade75dacddec79e8767e,15b7c23b5725a663a950ff066fcad1f8836972025b79ade75dacddec79e8767e,match
D:\gas_calibrator\_worktrees\v1_5_fixed_wait_window_gate_1aee26d_clean\_handoff\new_algo_001_init_20260627\formal\co2_open_flow_0620_mature_20260627_r1\co2_r2\p005_T30_100ppm_fit,co2,samples_machine_readable.csv,D:\gas_calibrator\_worktrees\v1_5_fixed_wait_window_gate_1aee26d_clean\_handoff\new_algo_001_init_20260627\formal\co2_open_flow_0620_mature_20260627_r1\co2_r2\p005_T30_100ppm_fit\samples_machine_readable.csv,47973,47973,9249813f68d756da304e7faba7670ecacce44d817d1d8144cac16069cb10d8d7,9249813f68d756da304e7faba7670ecacce44d817d1d8144cac16069cb10d8d7,match
D:\gas_calibrator\_worktrees\v1_5_fixed_wait_window_gate_1aee26d_clean\_handoff\new_algo_001_init_20260627\formal\co2_open_flow_0620_mature_20260627_r1\co2_r2\p006_T30_200ppm_fit,co2,formal_open_flow_route_timing.json,D:\gas_calibrator\_worktrees\v1_5_fixed_wait_window_gate_1aee26d_clean\_handoff\new_algo_001_init_20260627\formal\co2_open_flow_0620_mature_20260627_r1\co2_r2\p006_T30_200ppm_fit\formal_open_flow_route_timing.json,570,570,b793172a8e42e702d936b06ae4ea37546d5c8c1398a1cfad625eff5039cb1da3,b793172a8e42e702d936b06ae4ea37546d5c8c1398a1cfad625eff5039cb1da3,match
D:\gas_calibrator\_worktrees\v1_5_fixed_wait_window_gate_1aee26d_clean\_handoff\new_algo_001_init_20260627\formal\co2_open_flow_0620_mature_20260627_r1\co2_r2\p006_T30_200ppm_fit,co2,formal_open_flow_sidecar_metadata.json,D:\gas_calibrator\_worktrees\v1_5_fixed_wait_window_gate_1aee26d_clean\_handoff\new_algo_001_init_20260627\formal\co2_open_flow_0620_mature_20260627_r1\co2_r2\p006_T30_200ppm_fit\formal_open_flow_sidecar_metadata.json,1204,1204,c64c411707152841590643ecce5804920af5d38012e48456872707952e6d7ca5,c64c411707152841590643ecce5804920af5d38012e48456872707952e6d7ca5,match
D:\gas_calibrator\_worktrees\v1_5_fixed_wait_window_gate_1aee26d_clean\_handoff\new_algo_001_init_20260627\formal\co2_open_flow_0620_mature_20260627_r1\co2_r2\p006_T30_200ppm_fit,co2,frame_quality_summary.csv,D:\gas_calibrator\_worktrees\v1_5_fixed_wait_window_gate_1aee26d_clean\_handoff\new_algo_001_init_20260627\formal\co2_open_flow_0620_mature_20260627_r1\co2_r2\p006_T30_200ppm_fit\frame_quality_summary.csv,173,173,5a899716325d500815f8e1c4f61879159c345b8fafbf78b528a5d1d2a02f11ad,5a899716325d500815f8e1c4f61879159c345b8fafbf78b528a5d1d2a02f11ad,match
D:\gas_calibrator\_worktrees\v1_5_fixed_wait_window_gate_1aee26d_clean\_handoff\new_algo_001_init_20260627\formal\co2_open_flow_0620_mature_20260627_r1\co2_r2\p006_T30_200ppm_fit,co2,runtime_config_snapshot.json,D:\gas_calibrator\_worktrees\v1_5_fixed_wait_window_gate_1aee26d_clean\_handoff\new_algo_001_init_20260627\formal\co2_open_flow_0620_mature_20260627_r1\co2_r2\p006_T30_200ppm_fit\runtime_config_snapshot.json,36105,36105,15b7c23b5725a663a950ff066fcad1f8836972025b79ade75dacddec79e8767e,15b7c23b5725a663a950ff066fcad1f8836972025b79ade75dacddec79e8767e,match
D:\gas_calibrator\_worktrees\v1_5_fixed_wait_window_gate_1aee26d_clean\_handoff\new_algo_001_init_20260627\formal\co2_open_flow_0620_mature_20260627_r1\co2_r2\p006_T30_200ppm_fit,co2,samples_machine_readable.csv,D:\gas_calibrator\_worktrees\v1_5_fixed_wait_window_gate_1aee26d_clean\_handoff\new_algo_001_init_20260627\formal\co2_open_flow_0620_mature_20260627_r1\co2_r2\p006_T30_200ppm_fit\samples_machine_readable.csv,48050,48050,4e0517b8fef0a353e15e96ea8004998636c92fb1cd5dd2223ab18cf34ba5f032,4e0517b8fef0a353e15e96ea8004998636c92fb1cd5dd2223ab18cf34ba5f032,match
D:\gas_calibrator\_worktrees\v1_5_fixed_wait_window_gate_1aee26d_clean\_handoff\new_algo_001_init_20260627\formal\co2_open_flow_0620_mature_20260627_r1\co2_r2\p007_T30_300ppm_fit,co2,formal_open_flow_route_timing.json,D:\gas_calibrator\_worktrees\v1_5_fixed_wait_window_gate_1aee26d_clean\_handoff\new_algo_001_init_20260627\formal\co2_open_flow_0620_mature_20260627_r1\co2_r2\p007_T30_300ppm_fit\formal_open_flow_route_timing.json,570,570,82f617d1066c4d5c5f7eec2d55f45191c8e08a8666f2cb554f59dc63acf08b5f,82f617d1066c4d5c5f7eec2d55f45191c8e08a8666f2cb554f59dc63acf08b5f,match
D:\gas_calibrator\_worktrees\v1_5_fixed_wait_window_gate_1aee26d_clean\_handoff\new_algo_001_init_20260627\formal\co2_open_flow_0620_mature_20260627_r1\co2_r2\p007_T30_300ppm_fit,co2,formal_open_flow_sidecar_metadata.json,D:\gas_calibrator\_worktrees\v1_5_fixed_wait_window_gate_1aee26d_clean\_handoff\new_algo_001_init_20260627\formal\co2_open_flow_0620_mature_20260627_r1\co2_r2\p007_T30_300ppm_fit\formal_open_flow_sidecar_metadata.json,1206,1206,8f7f1bceff56ec847a3e0a6290b79a2d791efc117071af27e559a75e12d254b5,8f7f1bceff56ec847a3e0a6290b79a2d791efc117071af27e559a75e12d254b5,match
D:\gas_calibrator\_worktrees\v1_5_fixed_wait_window_gate_1aee26d_clean\_handoff\new_algo_001_init_20260627\formal\co2_open_flow_0620_mature_20260627_r1\co2_r2\p007_T30_300ppm_fit,co2,frame_quality_summary.csv,D:\gas_calibrator\_worktrees\v1_5_fixed_wait_window_gate_1aee26d_clean\_handoff\new_algo_001_init_20260627\formal\co2_open_flow_0620_mature_20260627_r1\co2_r2\p007_T30_300ppm_fit\frame_quality_summary.csv,173,173,cec83b2bfbd0c5ab59194047c42fb31ba4a402bd851ff3ae950a5ddd077b6f4b,cec83b2bfbd0c5ab59194047c42fb31ba4a402bd851ff3ae950a5ddd077b6f4b,match
D:\gas_calibrator\_worktrees\v1_5_fixed_wait_window_gate_1aee26d_clean\_handoff\new_algo_001_init_20260627\formal\co2_open_flow_0620_mature_20260627_r1\co2_r2\p007_T30_300ppm_fit,co2,runtime_config_snapshot.json,D:\gas_calibrator\_worktrees\v1_5_fixed_wait_window_gate_1aee26d_clean\_handoff\new_algo_001_init_20260627\formal\co2_open_flow_0620_mature_20260627_r1\co2_r2\p007_T30_300ppm_fit\runtime_config_snapshot.json,36105,36105,15b7c23b5725a663a950ff066fcad1f8836972025b79ade75dacddec79e8767e,15b7c23b5725a663a950ff066fcad1f8836972025b79ade75dacddec79e8767e,match
D:\gas_calibrator\_worktrees\v1_5_fixed_wait_window_gate_1aee26d_clean\_handoff\new_algo_001_init_20260627\formal\co2_open_flow_0620_mature_20260627_r1\co2_r2\p007_T30_300ppm_fit,co2,samples_machine_readable.csv,D:\gas_calibrator\_worktrees\v1_5_fixed_wait_window_gate_1aee26d_clean\_handoff\new_algo_001_init_20260627\formal\co2_open_flow_0620_mature_20260627_r1\co2_r2\p007_T30_300ppm_fit\samples_machine_readable.csv,48126,48126,5d2054959105fa19196c06c61487d666525c9a34f4c57a303a927d3a80d4e173,5d2054959105fa19196c06c61487d666525c9a34f4c57a303a927d3a80d4e173,match
D:\gas_calibrator\_worktrees\v1_5_fixed_wait_window_gate_1aee26d_clean\_handoff\new_algo_001_init_20260627\formal\co2_open_flow_0620_mature_20260627_r1\co2_r2\p008_T30_400ppm_fit,co2,formal_open_flow_route_timing.json,D:\gas_calibrator\_worktrees\v1_5_fixed_wait_window_gate_1aee26d_clean\_handoff\new_algo_001_init_20260627\formal\co2_open_flow_0620_mature_20260627_r1\co2_r2\p008_T30_400ppm_fit\formal_open_flow_route_timing.json,570,570,8667f480eb76da063ee37a8fafd00777cb57af51b286bdcdc7b1d04a1eaed5ed,8667f480eb76da063ee37a8fafd00777cb57af51b286bdcdc7b1d04a1eaed5ed,match
D:\gas_calibrator\_worktrees\v1_5_fixed_wait_window_gate_1aee26d_clean\_handoff\new_algo_001_init_20260627\formal\co2_open_flow_0620_mature_20260627_r1\co2_r2\p008_T30_400ppm_fit,co2,formal_open_flow_sidecar_metadata.json,D:\gas_calibrator\_worktrees\v1_5_fixed_wait_window_gate_1aee26d_clean\_handoff\new_algo_001_init_20260627\formal\co2_open_flow_0620_mature_20260627_r1\co2_r2\p008_T30_400ppm_fit\formal_open_flow_sidecar_metadata.json,1204,1204,50928e71e65c14752a6435b1f8a779d7634816e306c111ba0580ec14a962f2f8,50928e71e65c14752a6435b1f8a779d7634816e306c111ba0580ec14a962f2f8,match
D:\gas_calibrator\_worktrees\v1_5_fixed_wait_window_gate_1aee26d_clean\_handoff\new_algo_001_init_20260627\formal\co2_open_flow_0620_mature_20260627_r1\co2_r2\p008_T30_400ppm_fit,co2,frame_quality_summary.csv,D:\gas_calibrator\_worktrees\v1_5_fixed_wait_window_gate_1aee26d_clean\_handoff\new_algo_001_init_20260627\formal\co2_open_flow_0620_mature_20260627_r1\co2_r2\p008_T30_400ppm_fit\frame_quality_summary.csv,173,173,8e6b8739936020eaec5f2de70aac04aa10eadadef414b3ab9b46aa6eba6a8051,8e6b8739936020eaec5f2de70aac04aa10eadadef414b3ab9b46aa6eba6a8051,match
D:\gas_calibrator\_worktrees\v1_5_fixed_wait_window_gate_1aee26d_clean\_handoff\new_algo_001_init_20260627\formal\co2_open_flow_0620_mature_20260627_r1\co2_r2\p008_T30_400ppm_fit,co2,runtime_config_snapshot.json,D:\gas_calibrator\_worktrees\v1_5_fixed_wait_window_gate_1aee26d_clean\_handoff\new_algo_001_init_20260627\formal\co2_open_flow_0620_mature_20260627_r1\co2_r2\p008_T30_400ppm_fit\runtime_config_snapshot.json,36105,36105,15b7c23b5725a663a950ff066fcad1f8836972025b79ade75dacddec79e8767e,15b7c23b5725a663a950ff066fcad1f8836972025b79ade75dacddec79e8767e,match
D:\gas_calibrator\_worktrees\v1_5_fixed_wait_window_gate_1aee26d_clean\_handoff\new_algo_001_init_20260627\formal\co2_open_flow_0620_mature_20260627_r1\co2_r2\p008_T30_400ppm_fit,co2,samples_machine_readable.csv,D:\gas_calibrator\_worktrees\v1_5_fixed_wait_window_gate_1aee26d_clean\_handoff\new_algo_001_init_20260627\formal\co2_open_flow_0620_mature_20260627_r1\co2_r2\p008_T30_400ppm_fit\samples_machine_readable.csv,48016,48016,eecedb64be55715f8f68eb1902484f984cd6971e9beeb25892495dec48dc42b9,eecedb64be55715f8f68eb1902484f984cd6971e9beeb25892495dec48dc42b9,match
D:\gas_calibrator\_worktrees\v1_5_fixed_wait_window_gate_1aee26d_clean\_handoff\new_algo_001_init_20260627\formal\co2_open_flow_0620_mature_20260627_r1\co2_r2\p009_T30_500ppm_fit,co2,formal_open_flow_route_timing.json,D:\gas_calibrator\_worktrees\v1_5_fixed_wait_window_gate_1aee26d_clean\_handoff\new_algo_001_init_20260627\formal\co2_open_flow_0620_mature_20260627_r1\co2_r2\p009_T30_500ppm_fit\formal_open_flow_route_timing.json,570,570,1cbddac74004a05fafe512cc76f2e27ac9a424cdc6101b6cc5ee13c0403ee411,1cbddac74004a05fafe512cc76f2e27ac9a424cdc6101b6cc5ee13c0403ee411,match
D:\gas_calibrator\_worktrees\v1_5_fixed_wait_window_gate_1aee26d_clean\_handoff\new_algo_001_init_20260627\formal\co2_open_flow_0620_mature_20260627_r1\co2_r2\p009_T30_500ppm_fit,co2,formal_open_flow_sidecar_metadata.json,D:\gas_calibrator\_worktrees\v1_5_fixed_wait_window_gate_1aee26d_clean\_handoff\new_algo_001_init_20260627\formal\co2_open_flow_0620_mature_20260627_r1\co2_r2\p009_T30_500ppm_fit\formal_open_flow_sidecar_metadata.json,1206,1206,850a15a1cdc76c6fca50cf18b7c16fded1e019c7748bd7276e40a888e5325324,850a15a1cdc76c6fca50cf18b7c16fded1e019c7748bd7276e40a888e5325324,match
D:\gas_calibrator\_worktrees\v1_5_fixed_wait_window_gate_1aee26d_clean\_handoff\new_algo_001_init_20260627\formal\co2_open_flow_0620_mature_20260627_r1\co2_r2\p009_T30_500ppm_fit,co2,frame_quality_summary.csv,D:\gas_calibrator\_worktrees\v1_5_fixed_wait_window_gate_1aee26d_clean\_handoff\new_algo_001_init_20260627\formal\co2_open_flow_0620_mature_20260627_r1\co2_r2\p009_T30_500ppm_fit\frame_quality_summary.csv,173,173,18f8c68b1c356326b66e7054e4380b2c8211502032f38ac2322e42694a03b8d3,18f8c68b1c356326b66e7054e4380b2c8211502032f38ac2322e42694a03b8d3,match
D:\gas_calibrator\_worktrees\v1_5_fixed_wait_window_gate_1aee26d_clean\_handoff\new_algo_001_init_20260627\formal\co2_open_flow_0620_mature_20260627_r1\co2_r2\p009_T30_500ppm_fit,co2,runtime_config_snapshot.json,D:\gas_calibrator\_worktrees\v1_5_fixed_wait_window_gate_1aee26d_clean\_handoff\new_algo_001_init_20260627\formal\co2_open_flow_0620_mature_20260627_r1\co2_r2\p009_T30_500ppm_fit\runtime_config_snapshot.json,36105,36105,15b7c23b5725a663a950ff066fcad1f8836972025b79ade75dacddec79e8767e,15b7c23b5725a663a950ff066fcad1f8836972025b79ade75dacddec79e8767e,match
D:\gas_calibrator\_worktrees\v1_5_fixed_wait_window_gate_1aee26d_clean\_handoff\new_algo_001_init_20260627\formal\co2_open_flow_0620_mature_20260627_r1\co2_r2\p009_T30_500ppm_fit,co2,samples_machine_readable.csv,D:\gas_calibrator\_worktrees\v1_5_fixed_wait_window_gate_1aee26d_clean\_handoff\new_algo_001_init_20260627\formal\co2_open_flow_0620_mature_20260627_r1\co2_r2\p009_T30_500ppm_fit\samples_machine_readable.csv,48132,48132,f59d5dfae696887afd18723b68f912f787447e92d386973085b82662ca6f4c63,f59d5dfae696887afd18723b68f912f787447e92d386973085b82662ca6f4c63,match
D:\gas_calibrator\_worktrees\v1_5_fixed_wait_window_gate_1aee26d_clean\_handoff\new_algo_001_init_20260627\formal\co2_open_flow_0620_mature_20260627_r1\co2_r2\p010_T30_600ppm_fit,co2,formal_open_flow_route_timing.json,D:\gas_calibrator\_worktrees\v1_5_fixed_wait_window_gate_1aee26d_clean\_handoff\new_algo_001_init_20260627\formal\co2_open_flow_0620_mature_20260627_r1\co2_r2\p010_T30_600ppm_fit\formal_open_flow_route_timing.json,570,570,dc84faebeae28879cee0f9da665e68d233d6e0813d2e33fcc1d024242d2dd191,dc84faebeae28879cee0f9da665e68d233d6e0813d2e33fcc1d024242d2dd191,match
D:\gas_calibrator\_worktrees\v1_5_fixed_wait_window_gate_1aee26d_clean\_handoff\new_algo_001_init_20260627\formal\co2_open_flow_0620_mature_20260627_r1\co2_r2\p010_T30_600ppm_fit,co2,formal_open_flow_sidecar_metadata.json,D:\gas_calibrator\_worktrees\v1_5_fixed_wait_window_gate_1aee26d_clean\_handoff\new_algo_001_init_20260627\formal\co2_open_flow_0620_mature_20260627_r1\co2_r2\p010_T30_600ppm_fit\formal_open_flow_sidecar_metadata.json,1204,1204,f88f4b1b1a4a2d1cb683b0047a8f767db7004ed0a60622ba273de8e9628af3e7,f88f4b1b1a4a2d1cb683b0047a8f767db7004ed0a60622ba273de8e9628af3e7,match
D:\gas_calibrator\_worktrees\v1_5_fixed_wait_window_gate_1aee26d_clean\_handoff\new_algo_001_init_20260627\formal\co2_open_flow_0620_mature_20260627_r1\co2_r2\p010_T30_600ppm_fit,co2,frame_quality_summary.csv,D:\gas_calibrator\_worktrees\v1_5_fixed_wait_window_gate_1aee26d_clean\_handoff\new_algo_001_init_20260627\formal\co2_open_flow_0620_mature_20260627_r1\co2_r2\p010_T30_600ppm_fit\frame_quality_summary.csv,173,173,b4443da56b2deceb4679e81f52c97f4cce9e655321c1121f2dc03d75571bd1ef,b4443da56b2deceb4679e81f52c97f4cce9e655321c1121f2dc03d75571bd1ef,match
D:\gas_calibrator\_worktrees\v1_5_fixed_wait_window_gate_1aee26d_clean\_handoff\new_algo_001_init_20260627\formal\co2_open_flow_0620_mature_20260627_r1\co2_r2\p010_T30_600ppm_fit,co2,runtime_config_snapshot.json,D:\gas_calibrator\_worktrees\v1_5_fixed_wait_window_gate_1aee26d_clean\_handoff\new_algo_001_init_20260627\formal\co2_open_flow_0620_mature_20260627_r1\co2_r2\p010_T30_600ppm_fit\runtime_config_snapshot.json,36105,36105,15b7c23b5725a663a950ff066fcad1f8836972025b79ade75dacddec79e8767e,15b7c23b5725a663a950ff066fcad1f8836972025b79ade75dacddec79e8767e,match
D:\gas_calibrator\_worktrees\v1_5_fixed_wait_window_gate_1aee26d_clean\_handoff\new_algo_001_init_20260627\formal\co2_open_flow_0620_mature_20260627_r1\co2_r2\p010_T30_600ppm_fit,co2,samples_machine_readable.csv,D:\gas_calibrator\_worktrees\v1_5_fixed_wait_window_gate_1aee26d_clean\_handoff\new_algo_001_init_20260627\formal\co2_open_flow_0620_mature_20260627_r1\co2_r2\p010_T30_600ppm_fit\samples_machine_readable.csv,47999,47999,ed0d0c8ba212790c54f33942e82a6f1544c20caafd8e87cd4b70dfda074281fd,ed0d0c8ba212790c54f33942e82a6f1544c20caafd8e87cd4b70dfda074281fd,match
D:\gas_calibrator\_worktrees\v1_5_fixed_wait_window_gate_1aee26d_clean\_handoff\new_algo_001_init_20260627\formal\co2_open_flow_0620_mature_20260627_r1\co2_r2\p011_T30_700ppm_fit,co2,formal_open_flow_route_timing.json,D:\gas_calibrator\_worktrees\v1_5_fixed_wait_window_gate_1aee26d_clean\_handoff\new_algo_001_init_20260627\formal\co2_open_flow_0620_mature_20260627_r1\co2_r2\p011_T30_700ppm_fit\formal_open_flow_route_timing.json,570,570,472a7b0322fe44195053a2668adb4893e4dd2bc93151ad7c793a900e6f8a262c,472a7b0322fe44195053a2668adb4893e4dd2bc93151ad7c793a900e6f8a262c,match
D:\gas_calibrator\_worktrees\v1_5_fixed_wait_window_gate_1aee26d_clean\_handoff\new_algo_001_init_20260627\formal\co2_open_flow_0620_mature_20260627_r1\co2_r2\p011_T30_700ppm_fit,co2,formal_open_flow_sidecar_metadata.json,D:\gas_calibrator\_worktrees\v1_5_fixed_wait_window_gate_1aee26d_clean\_handoff\new_algo_001_init_20260627\formal\co2_open_flow_0620_mature_20260627_r1\co2_r2\p011_T30_700ppm_fit\formal_open_flow_sidecar_metadata.json,1206,1206,8e0386cdd83d51e3b05825c51de0a20284d283af22cc416636716aa85e7a45ef,8e0386cdd83d51e3b05825c51de0a20284d283af22cc416636716aa85e7a45ef,match
D:\gas_calibrator\_worktrees\v1_5_fixed_wait_window_gate_1aee26d_clean\_handoff\new_algo_001_init_20260627\formal\co2_open_flow_0620_mature_20260627_r1\co2_r2\p011_T30_700ppm_fit,co2,frame_quality_summary.csv,D:\gas_calibrator\_worktrees\v1_5_fixed_wait_window_gate_1aee26d_clean\_handoff\new_algo_001_init_20260627\formal\co2_open_flow_0620_mature_20260627_r1\co2_r2\p011_T30_700ppm_fit\frame_quality_summary.csv,173,173,6f235561078a8116237a86d9dd2afd95984f8b8628313eff0e0adee9b826fa2c,6f235561078a8116237a86d9dd2afd95984f8b8628313eff0e0adee9b826fa2c,match
D:\gas_calibrator\_worktrees\v1_5_fixed_wait_window_gate_1aee26d_clean\_handoff\new_algo_001_init_20260627\formal\co2_open_flow_0620_mature_20260627_r1\co2_r2\p011_T30_700ppm_fit,co2,runtime_config_snapshot.json,D:\gas_calibrator\_worktrees\v1_5_fixed_wait_window_gate_1aee26d_clean\_handoff\new_algo_001_init_20260627\formal\co2_open_flow_0620_mature_20260627_r1\co2_r2\p011_T30_700ppm_fit\runtime_config_snapshot.json,36105,36105,15b7c23b5725a663a950ff066fcad1f8836972025b79ade75dacddec79e8767e,15b7c23b5725a663a950ff066fcad1f8836972025b79ade75dacddec79e8767e,match
D:\gas_calibrator\_worktrees\v1_5_fixed_wait_window_gate_1aee26d_clean\_handoff\new_algo_001_init_20260627\formal\co2_open_flow_0620_mature_20260627_r1\co2_r2\p011_T30_700ppm_fit,co2,samples_machine_readable.csv,D:\gas_calibrator\_worktrees\v1_5_fixed_wait_window_gate_1aee26d_clean\_handoff\new_algo_001_init_20260627\formal\co2_open_flow_0620_mature_20260627_r1\co2_r2\p011_T30_700ppm_fit\samples_machine_readable.csv,48124,48124,62521e2f725035283c0caf0f227439a09e49f46a2499ccb08f097ff722040e11,62521e2f725035283c0caf0f227439a09e49f46a2499ccb08f097ff722040e11,match
D:\gas_calibrator\_worktrees\v1_5_fixed_wait_window_gate_1aee26d_clean\_handoff\new_algo_001_init_20260627\formal\co2_open_flow_0620_mature_20260627_r1\co2_r2\p012_T30_800ppm_fit,co2,formal_open_flow_route_timing.json,D:\gas_calibrator\_worktrees\v1_5_fixed_wait_window_gate_1aee26d_clean\_handoff\new_algo_001_init_20260627\formal\co2_open_flow_0620_mature_20260627_r1\co2_r2\p012_T30_800ppm_fit\formal_open_flow_route_timing.json,570,570,971dc24bb5a78594739b391ec08077ecaf1af4fe6bddbbdbed0752702cdfc1d8,971dc24bb5a78594739b391ec08077ecaf1af4fe6bddbbdbed0752702cdfc1d8,match
D:\gas_calibrator\_worktrees\v1_5_fixed_wait_window_gate_1aee26d_clean\_handoff\new_algo_001_init_20260627\formal\co2_open_flow_0620_mature_20260627_r1\co2_r2\p012_T30_800ppm_fit,co2,formal_open_flow_sidecar_metadata.json,D:\gas_calibrator\_worktrees\v1_5_fixed_wait_window_gate_1aee26d_clean\_handoff\new_algo_001_init_20260627\formal\co2_open_flow_0620_mature_20260627_r1\co2_r2\p012_T30_800ppm_fit\formal_open_flow_sidecar_metadata.json,1204,1204,f570844ef8b79ffd191ff3f817a304e75c145d1132c05d48e8857124657def04,f570844ef8b79ffd191ff3f817a304e75c145d1132c05d48e8857124657def04,match
D:\gas_calibrator\_worktrees\v1_5_fixed_wait_window_gate_1aee26d_clean\_handoff\new_algo_001_init_20260627\formal\co2_open_flow_0620_mature_20260627_r1\co2_r2\p012_T30_800ppm_fit,co2,frame_quality_summary.csv,D:\gas_calibrator\_worktrees\v1_5_fixed_wait_window_gate_1aee26d_clean\_handoff\new_algo_001_init_20260627\formal\co2_open_flow_0620_mature_20260627_r1\co2_r2\p012_T30_800ppm_fit\frame_quality_summary.csv,173,173,17a1a4b5601096b21e7542f8fa024615b0fdadbf1d64a27c164791df82f612fc,17a1a4b5601096b21e7542f8fa024615b0fdadbf1d64a27c164791df82f612fc,match
D:\gas_calibrator\_worktrees\v1_5_fixed_wait_window_gate_1aee26d_clean\_handoff\new_algo_001_init_20260627\formal\co2_open_flow_0620_mature_20260627_r1\co2_r2\p012_T30_800ppm_fit,co2,runtime_config_snapshot.json,D:\gas_calibrator\_worktrees\v1_5_fixed_wait_window_gate_1aee26d_clean\_handoff\new_algo_001_init_20260627\formal\co2_open_flow_0620_mature_20260627_r1\co2_r2\p012_T30_800ppm_fit\runtime_config_snapshot.json,36105,36105,15b7c23b5725a663a950ff066fcad1f8836972025b79ade75dacddec79e8767e,15b7c23b5725a663a950ff066fcad1f8836972025b79ade75dacddec79e8767e,match
D:\gas_calibrator\_worktrees\v1_5_fixed_wait_window_gate_1aee26d_clean\_handoff\new_algo_001_init_20260627\formal\co2_open_flow_0620_mature_20260627_r1\co2_r2\p012_T30_800ppm_fit,co2,samples_machine_readable.csv,D:\gas_calibrator\_worktrees\v1_5_fixed_wait_window_gate_1aee26d_clean\_handoff\new_algo_001_init_20260627\formal\co2_open_flow_0620_mature_20260627_r1\co2_r2\p012_T30_800ppm_fit\samples_machine_readable.csv,48087,48087,21fbbe809744494bab1fc57bafed328db86cd361bd3a6c795b090fef622e7e13,21fbbe809744494bab1fc57bafed328db86cd361bd3a6c795b090fef622e7e13,match
D:\gas_calibrator\_worktrees\v1_5_fixed_wait_window_gate_1aee26d_clean\_handoff\new_algo_001_init_20260627\formal\co2_open_flow_0620_mature_20260627_r1\co2_r2\p013_T30_900ppm_fit,co2,formal_open_flow_route_timing.json,D:\gas_calibrator\_worktrees\v1_5_fixed_wait_window_gate_1aee26d_clean\_handoff\new_algo_001_init_20260627\formal\co2_open_flow_0620_mature_20260627_r1\co2_r2\p013_T30_900ppm_fit\formal_open_flow_route_timing.json,570,570,359a2f3a0fd5deddb56207129154fa988a73fb778b21738ba51bdb96674a0d10,359a2f3a0fd5deddb56207129154fa988a73fb778b21738ba51bdb96674a0d10,match
D:\gas_calibrator\_worktrees\v1_5_fixed_wait_window_gate_1aee26d_clean\_handoff\new_algo_001_init_20260627\formal\co2_open_flow_0620_mature_20260627_r1\co2_r2\p013_T30_900ppm_fit,co2,formal_open_flow_sidecar_metadata.json,D:\gas_calibrator\_worktrees\v1_5_fixed_wait_window_gate_1aee26d_clean\_handoff\new_algo_001_init_20260627\formal\co2_open_flow_0620_mature_20260627_r1\co2_r2\p013_T30_900ppm_fit\formal_open_flow_sidecar_metadata.json,1206,1206,fad789e89d1a75b8b4a110ea697b35c557ccc7f4c385ed7fe6d76eae5ad4c275,fad789e89d1a75b8b4a110ea697b35c557ccc7f4c385ed7fe6d76eae5ad4c275,match
D:\gas_calibrator\_worktrees\v1_5_fixed_wait_window_gate_1aee26d_clean\_handoff\new_algo_001_init_20260627\formal\co2_open_flow_0620_mature_20260627_r1\co2_r2\p013_T30_900ppm_fit,co2,frame_quality_summary.csv,D:\gas_calibrator\_worktrees\v1_5_fixed_wait_window_gate_1aee26d_clean\_handoff\new_algo_001_init_20260627\formal\co2_open_flow_0620_mature_20260627_r1\co2_r2\p013_T30_900ppm_fit\frame_quality_summary.csv,173,173,8aa08ef8660ad9b22bcb9900a9a027735494fb302e2cf155ee6940c496c36a0e,8aa08ef8660ad9b22bcb9900a9a027735494fb302e2cf155ee6940c496c36a0e,match
D:\gas_calibrator\_worktrees\v1_5_fixed_wait_window_gate_1aee26d_clean\_handoff\new_algo_001_init_20260627\formal\co2_open_flow_0620_mature_20260627_r1\co2_r2\p013_T30_900ppm_fit,co2,runtime_config_snapshot.json,D:\gas_calibrator\_worktrees\v1_5_fixed_wait_window_gate_1aee26d_clean\_handoff\new_algo_001_init_20260627\formal\co2_open_flow_0620_mature_20260627_r1\co2_r2\p013_T30_900ppm_fit\runtime_config_snapshot.json,36105,36105,15b7c23b5725a663a950ff066fcad1f8836972025b79ade75dacddec79e8767e,15b7c23b5725a663a950ff066fcad1f8836972025b79ade75dacddec79e8767e,match
D:\gas_calibrator\_worktrees\v1_5_fixed_wait_window_gate_1aee26d_clean\_handoff\new_algo_001_init_20260627\formal\co2_open_flow_0620_mature_20260627_r1\co2_r2\p013_T30_900ppm_fit,co2,samples_machine_readable.csv,D:\gas_calibrator\_worktrees\v1_5_fixed_wait_window_gate_1aee26d_clean\_handoff\new_algo_001_init_20260627\formal\co2_open_flow_0620_mature_20260627_r1\co2_r2\p013_T30_900ppm_fit\samples_machine_readable.csv,48074,48074,3475474a0bf7f59aa1d9a3a31fae1c63e27c623e43ca19b7e3999031c84f52c7,3475474a0bf7f59aa1d9a3a31fae1c63e27c623e43ca19b7e3999031c84f52c7,match
D:\gas_calibrator\_worktrees\v1_5_fixed_wait_window_gate_1aee26d_clean\_handoff\new_algo_001_init_20260627\formal\co2_open_flow_0620_mature_20260627_r1\co2_r2\p014_T30_1000ppm_fit,co2,formal_open_flow_route_timing.json,D:\gas_calibrator\_worktrees\v1_5_fixed_wait_window_gate_1aee26d_clean\_handoff\new_algo_001_init_20260627\formal\co2_open_flow_0620_mature_20260627_r1\co2_r2\p014_T30_1000ppm_fit\formal_open_flow_route_timing.json,572,572,7818ce7d766c2b7f82bab8ea6b2f2c46ef727b8a346031a3609f137079ab5b9c,7818ce7d766c2b7f82bab8ea6b2f2c46ef727b8a346031a3609f137079ab5b9c,match
D:\gas_calibrator\_worktrees\v1_5_fixed_wait_window_gate_1aee26d_clean\_handoff\new_algo_001_init_20260627\formal\co2_open_flow_0620_mature_20260627_r1\co2_r2\p014_T30_1000ppm_fit,co2,formal_open_flow_sidecar_metadata.json,D:\gas_calibrator\_worktrees\v1_5_fixed_wait_window_gate_1aee26d_clean\_handoff\new_algo_001_init_20260627\formal\co2_open_flow_0620_mature_20260627_r1\co2_r2\p014_T30_1000ppm_fit\formal_open_flow_sidecar_metadata.json,1206,1206,e62bee610d00361ce5b699ecaf2e477aecac4575562edd3ad271d46b1d6e25f0,e62bee610d00361ce5b699ecaf2e477aecac4575562edd3ad271d46b1d6e25f0,match
D:\gas_calibrator\_worktrees\v1_5_fixed_wait_window_gate_1aee26d_clean\_handoff\new_algo_001_init_20260627\formal\co2_open_flow_0620_mature_20260627_r1\co2_r2\p014_T30_1000ppm_fit,co2,frame_quality_summary.csv,D:\gas_calibrator\_worktrees\v1_5_fixed_wait_window_gate_1aee26d_clean\_handoff\new_algo_001_init_20260627\formal\co2_open_flow_0620_mature_20260627_r1\co2_r2\p014_T30_1000ppm_fit\frame_quality_summary.csv,174,174,34b287cdc845094c885ecc37e19791aba634a34d8c36b17032e45db84484b105,34b287cdc845094c885ecc37e19791aba634a34d8c36b17032e45db84484b105,match
D:\gas_calibrator\_worktrees\v1_5_fixed_wait_window_gate_1aee26d_clean\_handoff\new_algo_001_init_20260627\formal\co2_open_flow_0620_mature_20260627_r1\co2_r2\p014_T30_1000ppm_fit,co2,runtime_config_snapshot.json,D:\gas_calibrator\_worktrees\v1_5_fixed_wait_window_gate_1aee26d_clean\_handoff\new_algo_001_init_20260627\formal\co2_open_flow_0620_mature_20260627_r1\co2_r2\p014_T30_1000ppm_fit\runtime_config_snapshot.json,36105,36105,15b7c23b5725a663a950ff066fcad1f8836972025b79ade75dacddec79e8767e,15b7c23b5725a663a950ff066fcad1f8836972025b79ade75dacddec79e8767e,match
D:\gas_calibrator\_worktrees\v1_5_fixed_wait_window_gate_1aee26d_clean\_handoff\new_algo_001_init_20260627\formal\co2_open_flow_0620_mature_20260627_r1\co2_r2\p014_T30_1000ppm_fit,co2,samples_machine_readable.csv,D:\gas_calibrator\_worktrees\v1_5_fixed_wait_window_gate_1aee26d_clean\_handoff\new_algo_001_init_20260627\formal\co2_open_flow_0620_mature_20260627_r1\co2_r2\p014_T30_1000ppm_fit\samples_machine_readable.csv,48138,48138,a4661693934bc644468dc99562fdd3bd09c5f533ea69faf4f02e66d6bcf12c07,a4661693934bc644468dc99562fdd3bd09c5f533ea69faf4f02e66d6bcf12c07,match
D:\gas_calibrator\_worktrees\v1_5_fixed_wait_window_gate_1aee26d_clean\_handoff\new_algo_001_init_20260627\formal\co2_open_flow_0620_mature_20260627_r1\co2_r2\p015_T20_0ppm_fit,co2,formal_open_flow_route_timing.json,D:\gas_calibrator\_worktrees\v1_5_fixed_wait_window_gate_1aee26d_clean\_handoff\new_algo_001_init_20260627\formal\co2_open_flow_0620_mature_20260627_r1\co2_r2\p015_T20_0ppm_fit\formal_open_flow_route_timing.json,566,566,9fee4971024471b5f91298a029a555891e43510637819d638fb4e69a76b500c8,9fee4971024471b5f91298a029a555891e43510637819d638fb4e69a76b500c8,match
D:\gas_calibrator\_worktrees\v1_5_fixed_wait_window_gate_1aee26d_clean\_handoff\new_algo_001_init_20260627\formal\co2_open_flow_0620_mature_20260627_r1\co2_r2\p015_T20_0ppm_fit,co2,formal_open_flow_sidecar_metadata.json,D:\gas_calibrator\_worktrees\v1_5_fixed_wait_window_gate_1aee26d_clean\_handoff\new_algo_001_init_20260627\formal\co2_open_flow_0620_mature_20260627_r1\co2_r2\p015_T20_0ppm_fit\formal_open_flow_sidecar_metadata.json,1200,1200,7415ebff754d0a2b7bcddbeb112ecc18ef7fef2fe4e5204b389846e1f7ac73d0,7415ebff754d0a2b7bcddbeb112ecc18ef7fef2fe4e5204b389846e1f7ac73d0,match
D:\gas_calibrator\_worktrees\v1_5_fixed_wait_window_gate_1aee26d_clean\_handoff\new_algo_001_init_20260627\formal\co2_open_flow_0620_mature_20260627_r1\co2_r2\p015_T20_0ppm_fit,co2,frame_quality_summary.csv,D:\gas_calibrator\_worktrees\v1_5_fixed_wait_window_gate_1aee26d_clean\_handoff\new_algo_001_init_20260627\formal\co2_open_flow_0620_mature_20260627_r1\co2_r2\p015_T20_0ppm_fit\frame_quality_summary.csv,171,171,e93dca7fcdacb8b1949b0c76ed8df0019eeaaea0c2e87834802096caf367e3de,e93dca7fcdacb8b1949b0c76ed8df0019eeaaea0c2e87834802096caf367e3de,match
D:\gas_calibrator\_worktrees\v1_5_fixed_wait_window_gate_1aee26d_clean\_handoff\new_algo_001_init_20260627\formal\co2_open_flow_0620_mature_20260627_r1\co2_r2\p015_T20_0ppm_fit,co2,runtime_config_snapshot.json,D:\gas_calibrator\_worktrees\v1_5_fixed_wait_window_gate_1aee26d_clean\_handoff\new_algo_001_init_20260627\formal\co2_open_flow_0620_mature_20260627_r1\co2_r2\p015_T20_0ppm_fit\runtime_config_snapshot.json,36105,36105,15b7c23b5725a663a950ff066fcad1f8836972025b79ade75dacddec79e8767e,15b7c23b5725a663a950ff066fcad1f8836972025b79ade75dacddec79e8767e,match
D:\gas_calibrator\_worktrees\v1_5_fixed_wait_window_gate_1aee26d_clean\_handoff\new_algo_001_init_20260627\formal\co2_open_flow_0620_mature_20260627_r1\co2_r2\p015_T20_0ppm_fit,co2,samples_machine_readable.csv,D:\gas_calibrator\_worktrees\v1_5_fixed_wait_window_gate_1aee26d_clean\_handoff\new_algo_001_init_20260627\formal\co2_open_flow_0620_mature_20260627_r1\co2_r2\p015_T20_0ppm_fit\samples_machine_readable.csv,47821,47821,401f49e7db333caffbc7a06ec3f55f5336274b1d9238484cb9166efd09adc5e8,401f49e7db333caffbc7a06ec3f55f5336274b1d9238484cb9166efd09adc5e8,match
D:\gas_calibrator\_worktrees\v1_5_fixed_wait_window_gate_1aee26d_clean\_handoff\new_algo_001_init_20260627\formal\co2_open_flow_0620_mature_20260627_r1\co2_r2\p016_T20_100ppm_fit,co2,formal_open_flow_route_timing.json,D:\gas_calibrator\_worktrees\v1_5_fixed_wait_window_gate_1aee26d_clean\_handoff\new_algo_001_init_20260627\formal\co2_open_flow_0620_mature_20260627_r1\co2_r2\p016_T20_100ppm_fit\formal_open_flow_route_timing.json,570,570,0bcde780060cd6401c5073560bca4e65a834391c89cbdddae67608165942d824,0bcde780060cd6401c5073560bca4e65a834391c89cbdddae67608165942d824,match
D:\gas_calibrator\_worktrees\v1_5_fixed_wait_window_gate_1aee26d_clean\_handoff\new_algo_001_init_20260627\formal\co2_open_flow_0620_mature_20260627_r1\co2_r2\p016_T20_100ppm_fit,co2,formal_open_flow_sidecar_metadata.json,D:\gas_calibrator\_worktrees\v1_5_fixed_wait_window_gate_1aee26d_clean\_handoff\new_algo_001_init_20260627\formal\co2_open_flow_0620_mature_20260627_r1\co2_r2\p016_T20_100ppm_fit\formal_open_flow_sidecar_metadata.json,1206,1206,b1756c664edb5cae03291738b88fe03b2f191121e9665c5d1a0d6033d0eed745,b1756c664edb5cae03291738b88fe03b2f191121e9665c5d1a0d6033d0eed745,match
D:\gas_calibrator\_worktrees\v1_5_fixed_wait_window_gate_1aee26d_clean\_handoff\new_algo_001_init_20260627\formal\co2_open_flow_0620_mature_20260627_r1\co2_r2\p016_T20_100ppm_fit,co2,frame_quality_summary.csv,D:\gas_calibrator\_worktrees\v1_5_fixed_wait_window_gate_1aee26d_clean\_handoff\new_algo_001_init_20260627\formal\co2_open_flow_0620_mature_20260627_r1\co2_r2\p016_T20_100ppm_fit\frame_quality_summary.csv,173,173,3fa8bd4d04793ce4914370f5f97d7cdb7f83adaba2c4abfe32c1eaaa1e0b40f4,3fa8bd4d04793ce4914370f5f97d7cdb7f83adaba2c4abfe32c1eaaa1e0b40f4,match
D:\gas_calibrator\_worktrees\v1_5_fixed_wait_window_gate_1aee26d_clean\_handoff\new_algo_001_init_20260627\formal\co2_open_flow_0620_mature_20260627_r1\co2_r2\p016_T20_100ppm_fit,co2,runtime_config_snapshot.json,D:\gas_calibrator\_worktrees\v1_5_fixed_wait_window_gate_1aee26d_clean\_handoff\new_algo_001_init_20260627\formal\co2_open_flow_0620_mature_20260627_r1\co2_r2\p016_T20_100ppm_fit\runtime_config_snapshot.json,36105,36105,15b7c23b5725a663a950ff066fcad1f8836972025b79ade75dacddec79e8767e,15b7c23b5725a663a950ff066fcad1f8836972025b79ade75dacddec79e8767e,match
D:\gas_calibrator\_worktrees\v1_5_fixed_wait_window_gate_1aee26d_clean\_handoff\new_algo_001_init_20260627\formal\co2_open_flow_0620_mature_20260627_r1\co2_r2\p016_T20_100ppm_fit,co2,samples_machine_readable.csv,D:\gas_calibrator\_worktrees\v1_5_fixed_wait_window_gate_1aee26d_clean\_handoff\new_algo_001_init_20260627\formal\co2_open_flow_0620_mature_20260627_r1\co2_r2\p016_T20_100ppm_fit\samples_machine_readable.csv,48039,48039,96ad9a820ec11cedb8bfbcc0b6186655f583fcf1c2b4bd5dcbe962b750900308,96ad9a820ec11cedb8bfbcc0b6186655f583fcf1c2b4bd5dcbe962b750900308,match
D:\gas_calibrator\_worktrees\v1_5_fixed_wait_window_gate_1aee26d_clean\_handoff\new_algo_001_init_20260627\formal\co2_open_flow_0620_mature_20260627_r1\co2_r2\p017_T20_200ppm_fit,co2,formal_open_flow_route_timing.json,D:\gas_calibrator\_worktrees\v1_5_fixed_wait_window_gate_1aee26d_clean\_handoff\new_algo_001_init_20260627\formal\co2_open_flow_0620_mature_20260627_r1\co2_r2\p017_T20_200ppm_fit\formal_open_flow_route_timing.json,529,529,40000c3f937c5e6148fd8af15fe265fbbad6ffed49f14e6e74d2e3c9cd2ab017,40000c3f937c5e6148fd8af15fe265fbbad6ffed49f14e6e74d2e3c9cd2ab017,match
D:\gas_calibrator\_worktrees\v1_5_fixed_wait_window_gate_1aee26d_clean\_handoff\new_algo_001_init_20260627\formal\co2_open_flow_0620_mature_20260627_r1\co2_r2\p017_T20_200ppm_fit,co2,formal_open_flow_sidecar_metadata.json,D:\gas_calibrator\_worktrees\v1_5_fixed_wait_window_gate_1aee26d_clean\_handoff\new_algo_001_init_20260627\formal\co2_open_flow_0620_mature_20260627_r1\co2_r2\p017_T20_200ppm_fit\formal_open_flow_sidecar_metadata.json,1204,1204,1ea29882e86bed1119bfbfd2c6851014695660643a219d2c450f7a1d2e233de9,1ea29882e86bed1119bfbfd2c6851014695660643a219d2c450f7a1d2e233de9,match
D:\gas_calibrator\_worktrees\v1_5_fixed_wait_window_gate_1aee26d_clean\_handoff\new_algo_001_init_20260627\formal\co2_open_flow_0620_mature_20260627_r1\co2_r2\p017_T20_200ppm_fit,co2,runtime_config_snapshot.json,D:\gas_calibrator\_worktrees\v1_5_fixed_wait_window_gate_1aee26d_clean\_handoff\new_algo_001_init_20260627\formal\co2_open_flow_0620_mature_20260627_r1\co2_r2\p017_T20_200ppm_fit\runtime_config_snapshot.json,36105,36105,15b7c23b5725a663a950ff066fcad1f8836972025b79ade75dacddec79e8767e,15b7c23b5725a663a950ff066fcad1f8836972025b79ade75dacddec79e8767e,match
D:\gas_calibrator\_worktrees\v1_5_fixed_wait_window_gate_1aee26d_clean\_handoff\new_algo_001_init_20260627\formal\co2_open_flow_0620_mature_20260627_r1\co2_r2\p018_T20_300ppm_fit,co2,formal_open_flow_route_timing.json,D:\gas_calibrator\_worktrees\v1_5_fixed_wait_window_gate_1aee26d_clean\_handoff\new_algo_001_init_20260627\formal\co2_open_flow_0620_mature_20260627_r1\co2_r2\p018_T20_300ppm_fit\formal_open_flow_route_timing.json,570,570,5ae6ceebab777cfd43c955425b8e892eb489fdea2baeec8e46fad88650313d9c,5ae6ceebab777cfd43c955425b8e892eb489fdea2baeec8e46fad88650313d9c,match
D:\gas_calibrator\_worktrees\v1_5_fixed_wait_window_gate_1aee26d_clean\_handoff\new_algo_001_init_20260627\formal\co2_open_flow_0620_mature_20260627_r1\co2_r2\p018_T20_300ppm_fit,co2,formal_open_flow_sidecar_metadata.json,D:\gas_calibrator\_worktrees\v1_5_fixed_wait_window_gate_1aee26d_clean\_handoff\new_algo_001_init_20260627\formal\co2_open_flow_0620_mature_20260627_r1\co2_r2\p018_T20_300ppm_fit\formal_open_flow_sidecar_metadata.json,1206,1206,5f2ab323fc2927476965fb818236d6a17a737f983a21a2b651a4b37578f362c5,5f2ab323fc2927476965fb818236d6a17a737f983a21a2b651a4b37578f362c5,match
D:\gas_calibrator\_worktrees\v1_5_fixed_wait_window_gate_1aee26d_clean\_handoff\new_algo_001_init_20260627\formal\co2_open_flow_0620_mature_20260627_r1\co2_r2\p018_T20_300ppm_fit,co2,frame_quality_summary.csv,D:\gas_calibrator\_worktrees\v1_5_fixed_wait_window_gate_1aee26d_clean\_handoff\new_algo_001_init_20260627\formal\co2_open_flow_0620_mature_20260627_r1\co2_r2\p018_T20_300ppm_fit\frame_quality_summary.csv,173,173,cec83b2bfbd0c5ab59194047c42fb31ba4a402bd851ff3ae950a5ddd077b6f4b,cec83b2bfbd0c5ab59194047c42fb31ba4a402bd851ff3ae950a5ddd077b6f4b,match
D:\gas_calibrator\_worktrees\v1_5_fixed_wait_window_gate_1aee26d_clean\_handoff\new_algo_001_init_20260627\formal\co2_open_flow_0620_mature_20260627_r1\co2_r2\p018_T20_300ppm_fit,co2,runtime_config_snapshot.json,D:\gas_calibrator\_worktrees\v1_5_fixed_wait_window_gate_1aee26d_clean\_handoff\new_algo_001_init_20260627\formal\co2_open_flow_0620_mature_20260627_r1\co2_r2\p018_T20_300ppm_fit\runtime_config_snapshot.json,36105,36105,15b7c23b5725a663a950ff066fcad1f8836972025b79ade75dacddec79e8767e,15b7c23b5725a663a950ff066fcad1f8836972025b79ade75dacddec79e8767e,match
D:\gas_calibrator\_worktrees\v1_5_fixed_wait_window_gate_1aee26d_clean\_handoff\new_algo_001_init_20260627\formal\co2_open_flow_0620_mature_20260627_r1\co2_r2\p018_T20_300ppm_fit,co2,samples_machine_readable.csv,D:\gas_calibrator\_worktrees\v1_5_fixed_wait_window_gate_1aee26d_clean\_handoff\new_algo_001_init_20260627\formal\co2_open_flow_0620_mature_20260627_r1\co2_r2\p018_T20_300ppm_fit\samples_machine_readable.csv,48082,48082,0155337eca4a425dc6282f40c81aa17f690f991e9a7cdeb54d987d45027cd319,0155337eca4a425dc6282f40c81aa17f690f991e9a7cdeb54d987d45027cd319,match
D:\gas_calibrator\_worktrees\v1_5_fixed_wait_window_gate_1aee26d_clean\_handoff\new_algo_001_init_20260627\formal\co2_open_flow_0620_mature_20260627_r1\co2_r2\p019_T20_400ppm_fit,co2,formal_open_flow_route_timing.json,D:\gas_calibrator\_worktrees\v1_5_fixed_wait_window_gate_1aee26d_clean\_handoff\new_algo_001_init_20260627\formal\co2_open_flow_0620_mature_20260627_r1\co2_r2\p019_T20_400ppm_fit\formal_open_flow_route_timing.json,570,570,b600ab5d67742dffa14682d93cc30d8131f22a546839c126f0df36f44e666fe2,b600ab5d67742dffa14682d93cc30d8131f22a546839c126f0df36f44e666fe2,match
D:\gas_calibrator\_worktrees\v1_5_fixed_wait_window_gate_1aee26d_clean\_handoff\new_algo_001_init_20260627\formal\co2_open_flow_0620_mature_20260627_r1\co2_r2\p019_T20_400ppm_fit,co2,formal_open_flow_sidecar_metadata.json,D:\gas_calibrator\_worktrees\v1_5_fixed_wait_window_gate_1aee26d_clean\_handoff\new_algo_001_init_20260627\formal\co2_open_flow_0620_mature_20260627_r1\co2_r2\p019_T20_400ppm_fit\formal_open_flow_sidecar_metadata.json,1204,1204,f6d9d2d6375408164443ee5186514b236025b8e58eed7226476308d04bc9b438,f6d9d2d6375408164443ee5186514b236025b8e58eed7226476308d04bc9b438,match
D:\gas_calibrator\_worktrees\v1_5_fixed_wait_window_gate_1aee26d_clean\_handoff\new_algo_001_init_20260627\formal\co2_open_flow_0620_mature_20260627_r1\co2_r2\p019_T20_400ppm_fit,co2,frame_quality_summary.csv,D:\gas_calibrator\_worktrees\v1_5_fixed_wait_window_gate_1aee26d_clean\_handoff\new_algo_001_init_20260627\formal\co2_open_flow_0620_mature_20260627_r1\co2_r2\p019_T20_400ppm_fit\frame_quality_summary.csv,173,173,8e6b8739936020eaec5f2de70aac04aa10eadadef414b3ab9b46aa6eba6a8051,8e6b8739936020eaec5f2de70aac04aa10eadadef414b3ab9b46aa6eba6a8051,match
D:\gas_calibrator\_worktrees\v1_5_fixed_wait_window_gate_1aee26d_clean\_handoff\new_algo_001_init_20260627\formal\co2_open_flow_0620_mature_20260627_r1\co2_r2\p019_T20_400ppm_fit,co2,runtime_config_snapshot.json,D:\gas_calibrator\_worktrees\v1_5_fixed_wait_window_gate_1aee26d_clean\_handoff\new_algo_001_init_20260627\formal\co2_open_flow_0620_mature_20260627_r1\co2_r2\p019_T20_400ppm_fit\runtime_config_snapshot.json,36105,36105,15b7c23b5725a663a950ff066fcad1f8836972025b79ade75dacddec79e8767e,15b7c23b5725a663a950ff066fcad1f8836972025b79ade75dacddec79e8767e,match
D:\gas_calibrator\_worktrees\v1_5_fixed_wait_window_gate_1aee26d_clean\_handoff\new_algo_001_init_20260627\formal\co2_open_flow_0620_mature_20260627_r1\co2_r2\p019_T20_400ppm_fit,co2,samples_machine_readable.csv,D:\gas_calibrator\_worktrees\v1_5_fixed_wait_window_gate_1aee26d_clean\_handoff\new_algo_001_init_20260627\formal\co2_open_flow_0620_mature_20260627_r1\co2_r2\p019_T20_400ppm_fit\samples_machine_readable.csv,48124,48124,ab5913da50b96ee8ebba9a6cdab58091a934ab91ada1f82f5eec5a476b6863e1,ab5913da50b96ee8ebba9a6cdab58091a934ab91ada1f82f5eec5a476b6863e1,match
D:\gas_calibrator\_worktrees\v1_5_fixed_wait_window_gate_1aee26d_clean\_handoff\new_algo_001_init_20260627\formal\co2_open_flow_0620_mature_20260627_r1\co2_r2\p020_T20_500ppm_fit,co2,formal_open_flow_route_timing.json,D:\gas_calibrator\_worktrees\v1_5_fixed_wait_window_gate_1aee26d_clean\_handoff\new_algo_001_init_20260627\formal\co2_open_flow_0620_mature_20260627_r1\co2_r2\p020_T20_500ppm_fit\formal_open_flow_route_timing.json,570,570,d7def374cecc1d29381b4b687dcd028ef3e13a2f22ada9e209d957de05da708e,d7def374cecc1d29381b4b687dcd028ef3e13a2f22ada9e209d957de05da708e,match
D:\gas_calibrator\_worktrees\v1_5_fixed_wait_window_gate_1aee26d_clean\_handoff\new_algo_001_init_20260627\formal\co2_open_flow_0620_mature_20260627_r1\co2_r2\p020_T20_500ppm_fit,co2,formal_open_flow_sidecar_metadata.json,D:\gas_calibrator\_worktrees\v1_5_fixed_wait_window_gate_1aee26d_clean\_handoff\new_algo_001_init_20260627\formal\co2_open_flow_0620_mature_20260627_r1\co2_r2\p020_T20_500ppm_fit\formal_open_flow_sidecar_metadata.json,1206,1206,0cd197c29baeecedc977ba4b42717066a32dad4e14a91ade6146942a7e105846,0cd197c29baeecedc977ba4b42717066a32dad4e14a91ade6146942a7e105846,match
D:\gas_calibrator\_worktrees\v1_5_fixed_wait_window_gate_1aee26d_clean\_handoff\new_algo_001_init_20260627\formal\co2_open_flow_0620_mature_20260627_r1\co2_r2\p020_T20_500ppm_fit,co2,frame_quality_summary.csv,D:\gas_calibrator\_worktrees\v1_5_fixed_wait_window_gate_1aee26d_clean\_handoff\new_algo_001_init_20260627\formal\co2_open_flow_0620_mature_20260627_r1\co2_r2\p020_T20_500ppm_fit\frame_quality_summary.csv,173,173,18f8c68b1c356326b66e7054e4380b2c8211502032f38ac2322e42694a03b8d3,18f8c68b1c356326b66e7054e4380b2c8211502032f38ac2322e42694a03b8d3,match
D:\gas_calibrator\_worktrees\v1_5_fixed_wait_window_gate_1aee26d_clean\_handoff\new_algo_001_init_20260627\formal\co2_open_flow_0620_mature_20260627_r1\co2_r2\p020_T20_500ppm_fit,co2,runtime_config_snapshot.json,D:\gas_calibrator\_worktrees\v1_5_fixed_wait_window_gate_1aee26d_clean\_handoff\new_algo_001_init_20260627\formal\co2_open_flow_0620_mature_20260627_r1\co2_r2\p020_T20_500ppm_fit\runtime_config_snapshot.json,36105,36105,15b7c23b5725a663a950ff066fcad1f8836972025b79ade75dacddec79e8767e,15b7c23b5725a663a950ff066fcad1f8836972025b79ade75dacddec79e8767e,match
D:\gas_calibrator\_worktrees\v1_5_fixed_wait_window_gate_1aee26d_clean\_handoff\new_algo_001_init_20260627\formal\co2_open_flow_0620_mature_20260627_r1\co2_r2\p020_T20_500ppm_fit,co2,samples_machine_readable.csv,D:\gas_calibrator\_worktrees\v1_5_fixed_wait_window_gate_1aee26d_clean\_handoff\new_algo_001_init_20260627\formal\co2_open_flow_0620_mature_20260627_r1\co2_r2\p020_T20_500ppm_fit\samples_machine_readable.csv,48076,48076,f42801ec326dd4cd1c4f98c1ee5cda0c2b4ef206a197f5ebe9ac59188bb4d69a,f42801ec326dd4cd1c4f98c1ee5cda0c2b4ef206a197f5ebe9ac59188bb4d69a,match
D:\gas_calibrator\_worktrees\v1_5_fixed_wait_window_gate_1aee26d_clean\_handoff\new_algo_001_init_20260627\formal\co2_open_flow_0620_mature_20260627_r1\co2_r2\p021_T20_600ppm_fit,co2,formal_open_flow_route_timing.json,D:\gas_calibrator\_worktrees\v1_5_fixed_wait_window_gate_1aee26d_clean\_handoff\new_algo_001_init_20260627\formal\co2_open_flow_0620_mature_20260627_r1\co2_r2\p021_T20_600ppm_fit\formal_open_flow_route_timing.json,570,570,144ce3b943339b771ec48b188cadf1d33d0f381cce8c0f8bbf48f6753b13c65d,144ce3b943339b771ec48b188cadf1d33d0f381cce8c0f8bbf48f6753b13c65d,match
D:\gas_calibrator\_worktrees\v1_5_fixed_wait_window_gate_1aee26d_clean\_handoff\new_algo_001_init_20260627\formal\co2_open_flow_0620_mature_20260627_r1\co2_r2\p021_T20_600ppm_fit,co2,formal_open_flow_sidecar_metadata.json,D:\gas_calibrator\_worktrees\v1_5_fixed_wait_window_gate_1aee26d_clean\_handoff\new_algo_001_init_20260627\formal\co2_open_flow_0620_mature_20260627_r1\co2_r2\p021_T20_600ppm_fit\formal_open_flow_sidecar_metadata.json,1204,1204,987db47ad538ab3a396d48b733e2ff72ebc6c7c7cdfce3c7bf9c8a5133c6d229,987db47ad538ab3a396d48b733e2ff72ebc6c7c7cdfce3c7bf9c8a5133c6d229,match
D:\gas_calibrator\_worktrees\v1_5_fixed_wait_window_gate_1aee26d_clean\_handoff\new_algo_001_init_20260627\formal\co2_open_flow_0620_mature_20260627_r1\co2_r2\p021_T20_600ppm_fit,co2,frame_quality_summary.csv,D:\gas_calibrator\_worktrees\v1_5_fixed_wait_window_gate_1aee26d_clean\_handoff\new_algo_001_init_20260627\formal\co2_open_flow_0620_mature_20260627_r1\co2_r2\p021_T20_600ppm_fit\frame_quality_summary.csv,173,173,b4443da56b2deceb4679e81f52c97f4cce9e655321c1121f2dc03d75571bd1ef,b4443da56b2deceb4679e81f52c97f4cce9e655321c1121f2dc03d75571bd1ef,match
D:\gas_calibrator\_worktrees\v1_5_fixed_wait_window_gate_1aee26d_clean\_handoff\new_algo_001_init_20260627\formal\co2_open_flow_0620_mature_20260627_r1\co2_r2\p021_T20_600ppm_fit,co2,runtime_config_snapshot.json,D:\gas_calibrator\_worktrees\v1_5_fixed_wait_window_gate_1aee26d_clean\_handoff\new_algo_001_init_20260627\formal\co2_open_flow_0620_mature_20260627_r1\co2_r2\p021_T20_600ppm_fit\runtime_config_snapshot.json,36105,36105,15b7c23b5725a663a950ff066fcad1f8836972025b79ade75dacddec79e8767e,15b7c23b5725a663a950ff066fcad1f8836972025b79ade75dacddec79e8767e,match
D:\gas_calibrator\_worktrees\v1_5_fixed_wait_window_gate_1aee26d_clean\_handoff\new_algo_001_init_20260627\formal\co2_open_flow_0620_mature_20260627_r1\co2_r2\p021_T20_600ppm_fit,co2,samples_machine_readable.csv,D:\gas_calibrator\_worktrees\v1_5_fixed_wait_window_gate_1aee26d_clean\_handoff\new_algo_001_init_20260627\formal\co2_open_flow_0620_mature_20260627_r1\co2_r2\p021_T20_600ppm_fit\samples_machine_readable.csv,48143,48143,4ee8723d5d7379a7d0fd66c27b8a0a7ffe53fec570dfc6eadbad3de64c827ee2,4ee8723d5d7379a7d0fd66c27b8a0a7ffe53fec570dfc6eadbad3de64c827ee2,match
D:\gas_calibrator\_worktrees\v1_5_fixed_wait_window_gate_1aee26d_clean\_handoff\new_algo_001_init_20260627\formal\co2_open_flow_0620_mature_20260627_r1\co2_r2\p022_T20_700ppm_fit,co2,formal_open_flow_route_timing.json,D:\gas_calibrator\_worktrees\v1_5_fixed_wait_window_gate_1aee26d_clean\_handoff\new_algo_001_init_20260627\formal\co2_open_flow_0620_mature_20260627_r1\co2_r2\p022_T20_700ppm_fit\formal_open_flow_route_timing.json,570,570,dfcea8a09ee96bf8e50f1da41943a2efee52473f272b54bdb036e5e09e6751bc,dfcea8a09ee96bf8e50f1da41943a2efee52473f272b54bdb036e5e09e6751bc,match
D:\gas_calibrator\_worktrees\v1_5_fixed_wait_window_gate_1aee26d_clean\_handoff\new_algo_001_init_20260627\formal\co2_open_flow_0620_mature_20260627_r1\co2_r2\p022_T20_700ppm_fit,co2,formal_open_flow_sidecar_metadata.json,D:\gas_calibrator\_worktrees\v1_5_fixed_wait_window_gate_1aee26d_clean\_handoff\new_algo_001_init_20260627\formal\co2_open_flow_0620_mature_20260627_r1\co2_r2\p022_T20_700ppm_fit\formal_open_flow_sidecar_metadata.json,1206,1206,1579273c6c889da69c287d2273e00d5868ea33cf840d0e7ae24d37234baec986,1579273c6c889da69c287d2273e00d5868ea33cf840d0e7ae24d37234baec986,match
D:\gas_calibrator\_worktrees\v1_5_fixed_wait_window_gate_1aee26d_clean\_handoff\new_algo_001_init_20260627\formal\co2_open_flow_0620_mature_20260627_r1\co2_r2\p022_T20_700ppm_fit,co2,frame_quality_summary.csv,D:\gas_calibrator\_worktrees\v1_5_fixed_wait_window_gate_1aee26d_clean\_handoff\new_algo_001_init_20260627\formal\co2_open_flow_0620_mature_20260627_r1\co2_r2\p022_T20_700ppm_fit\frame_quality_summary.csv,173,173,6f235561078a8116237a86d9dd2afd95984f8b8628313eff0e0adee9b826fa2c,6f235561078a8116237a86d9dd2afd95984f8b8628313eff0e0adee9b826fa2c,match
D:\gas_calibrator\_worktrees\v1_5_fixed_wait_window_gate_1aee26d_clean\_handoff\new_algo_001_init_20260627\formal\co2_open_flow_0620_mature_20260627_r1\co2_r2\p022_T20_700ppm_fit,co2,runtime_config_snapshot.json,D:\gas_calibrator\_worktrees\v1_5_fixed_wait_window_gate_1aee26d_clean\_handoff\new_algo_001_init_20260627\formal\co2_open_flow_0620_mature_20260627_r1\co2_r2\p022_T20_700ppm_fit\runtime_config_snapshot.json,36105,36105,15b7c23b5725a663a950ff066fcad1f8836972025b79ade75dacddec79e8767e,15b7c23b5725a663a950ff066fcad1f8836972025b79ade75dacddec79e8767e,match
D:\gas_calibrator\_worktrees\v1_5_fixed_wait_window_gate_1aee26d_clean\_handoff\new_algo_001_init_20260627\formal\co2_open_flow_0620_mature_20260627_r1\co2_r2\p022_T20_700ppm_fit,co2,samples_machine_readable.csv,D:\gas_calibrator\_worktrees\v1_5_fixed_wait_window_gate_1aee26d_clean\_handoff\new_algo_001_init_20260627\formal\co2_open_flow_0620_mature_20260627_r1\co2_r2\p022_T20_700ppm_fit\samples_machine_readable.csv,48054,48054,fec893264ccc18d7615323a85fd57b222202c9f5fdc9526bb255966f56ad4930,fec893264ccc18d7615323a85fd57b222202c9f5fdc9526bb255966f56ad4930,match
D:\gas_calibrator\_worktrees\v1_5_fixed_wait_window_gate_1aee26d_clean\_handoff\new_algo_001_init_20260627\formal\co2_open_flow_0620_mature_20260627_r1\co2_r2\p023_T20_800ppm_fit,co2,formal_open_flow_route_timing.json,D:\gas_calibrator\_worktrees\v1_5_fixed_wait_window_gate_1aee26d_clean\_handoff\new_algo_001_init_20260627\formal\co2_open_flow_0620_mature_20260627_r1\co2_r2\p023_T20_800ppm_fit\formal_open_flow_route_timing.json,570,570,f82230e1dc236a89b6cb25883d9f735b5e907aed8c6416d377a2a6d68c51f88a,f82230e1dc236a89b6cb25883d9f735b5e907aed8c6416d377a2a6d68c51f88a,match
D:\gas_calibrator\_worktrees\v1_5_fixed_wait_window_gate_1aee26d_clean\_handoff\new_algo_001_init_20260627\formal\co2_open_flow_0620_mature_20260627_r1\co2_r2\p023_T20_800ppm_fit,co2,formal_open_flow_sidecar_metadata.json,D:\gas_calibrator\_worktrees\v1_5_fixed_wait_window_gate_1aee26d_clean\_handoff\new_algo_001_init_20260627\formal\co2_open_flow_0620_mature_20260627_r1\co2_r2\p023_T20_800ppm_fit\formal_open_flow_sidecar_metadata.json,1204,1204,4ada61202c31273f0c51732e6e67658b9806bca084b0c1b87289e42a083b9666,4ada61202c31273f0c51732e6e67658b9806bca084b0c1b87289e42a083b9666,match
D:\gas_calibrator\_worktrees\v1_5_fixed_wait_window_gate_1aee26d_clean\_handoff\new_algo_001_init_20260627\formal\co2_open_flow_0620_mature_20260627_r1\co2_r2\p023_T20_800ppm_fit,co2,frame_quality_summary.csv,D:\gas_calibrator\_worktrees\v1_5_fixed_wait_window_gate_1aee26d_clean\_handoff\new_algo_001_init_20260627\formal\co2_open_flow_0620_mature_20260627_r1\co2_r2\p023_T20_800ppm_fit\frame_quality_summary.csv,173,173,17a1a4b5601096b21e7542f8fa024615b0fdadbf1d64a27c164791df82f612fc,17a1a4b5601096b21e7542f8fa024615b0fdadbf1d64a27c164791df82f612fc,match
D:\gas_calibrator\_worktrees\v1_5_fixed_wait_window_gate_1aee26d_clean\_handoff\new_algo_001_init_20260627\formal\co2_open_flow_0620_mature_20260627_r1\co2_r2\p023_T20_800ppm_fit,co2,runtime_config_snapshot.json,D:\gas_calibrator\_worktrees\v1_5_fixed_wait_window_gate_1aee26d_clean\_handoff\new_algo_001_init_20260627\formal\co2_open_flow_0620_mature_20260627_r1\co2_r2\p023_T20_800ppm_fit\runtime_config_snapshot.json,36105,36105,15b7c23b5725a663a950ff066fcad1f8836972025b79ade75dacddec79e8767e,15b7c23b5725a663a950ff066fcad1f8836972025b79ade75dacddec79e8767e,match
D:\gas_calibrator\_worktrees\v1_5_fixed_wait_window_gate_1aee26d_clean\_handoff\new_algo_001_init_20260627\formal\co2_open_flow_0620_mature_20260627_r1\co2_r2\p023_T20_800ppm_fit,co2,samples_machine_readable.csv,D:\gas_calibrator\_worktrees\v1_5_fixed_wait_window_gate_1aee26d_clean\_handoff\new_algo_001_init_20260627\formal\co2_open_flow_0620_mature_20260627_r1\co2_r2\p023_T20_800ppm_fit\samples_machine_readable.csv,48076,48076,e048cb40214e7da7f03c52f86cbf0a6520906683dbb21e169ce9cf868d57eb4b,e048cb40214e7da7f03c52f86cbf0a6520906683dbb21e169ce9cf868d57eb4b,match
D:\gas_calibrator\_worktrees\v1_5_fixed_wait_window_gate_1aee26d_clean\_handoff\new_algo_001_init_20260627\formal\co2_open_flow_0620_mature_20260627_r1\co2_r2\p024_T20_900ppm_fit,co2,formal_open_flow_route_timing.json,D:\gas_calibrator\_worktrees\v1_5_fixed_wait_window_gate_1aee26d_clean\_handoff\new_algo_001_init_20260627\formal\co2_open_flow_0620_mature_20260627_r1\co2_r2\p024_T20_900ppm_fit\formal_open_flow_route_timing.json,570,570,bdf78e8eeea80266ca99aecd4f06b6c0aefb2418de611414371878e43a679a3d,bdf78e8eeea80266ca99aecd4f06b6c0aefb2418de611414371878e43a679a3d,match
D:\gas_calibrator\_worktrees\v1_5_fixed_wait_window_gate_1aee26d_clean\_handoff\new_algo_001_init_20260627\formal\co2_open_flow_0620_mature_20260627_r1\co2_r2\p024_T20_900ppm_fit,co2,formal_open_flow_sidecar_metadata.json,D:\gas_calibrator\_worktrees\v1_5_fixed_wait_window_gate_1aee26d_clean\_handoff\new_algo_001_init_20260627\formal\co2_open_flow_0620_mature_20260627_r1\co2_r2\p024_T20_900ppm_fit\formal_open_flow_sidecar_metadata.json,1206,1206,14b4b82a396b1d5ebca11e0632b1c6ef0b3f860d6fe37aef1e85daf3ab66b122,14b4b82a396b1d5ebca11e0632b1c6ef0b3f860d6fe37aef1e85daf3ab66b122,match
D:\gas_calibrator\_worktrees\v1_5_fixed_wait_window_gate_1aee26d_clean\_handoff\new_algo_001_init_20260627\formal\co2_open_flow_0620_mature_20260627_r1\co2_r2\p024_T20_900ppm_fit,co2,frame_quality_summary.csv,D:\gas_calibrator\_worktrees\v1_5_fixed_wait_window_gate_1aee26d_clean\_handoff\new_algo_001_init_20260627\formal\co2_open_flow_0620_mature_20260627_r1\co2_r2\p024_T20_900ppm_fit\frame_quality_summary.csv,173,173,8aa08ef8660ad9b22bcb9900a9a027735494fb302e2cf155ee6940c496c36a0e,8aa08ef8660ad9b22bcb9900a9a027735494fb302e2cf155ee6940c496c36a0e,match
D:\gas_calibrator\_worktrees\v1_5_fixed_wait_window_gate_1aee26d_clean\_handoff\new_algo_001_init_20260627\formal\co2_open_flow_0620_mature_20260627_r1\co2_r2\p024_T20_900ppm_fit,co2,runtime_config_snapshot.json,D:\gas_calibrator\_worktrees\v1_5_fixed_wait_window_gate_1aee26d_clean\_handoff\new_algo_001_init_20260627\formal\co2_open_flow_0620_mature_20260627_r1\co2_r2\p024_T20_900ppm_fit\runtime_config_snapshot.json,36105,36105,15b7c23b5725a663a950ff066fcad1f8836972025b79ade75dacddec79e8767e,15b7c23b5725a663a950ff066fcad1f8836972025b79ade75dacddec79e8767e,match
D:\gas_calibrator\_worktrees\v1_5_fixed_wait_window_gate_1aee26d_clean\_handoff\new_algo_001_init_20260627\formal\co2_open_flow_0620_mature_20260627_r1\co2_r2\p024_T20_900ppm_fit,co2,samples_machine_readable.csv,D:\gas_calibrator\_worktrees\v1_5_fixed_wait_window_gate_1aee26d_clean\_handoff\new_algo_001_init_20260627\formal\co2_open_flow_0620_mature_20260627_r1\co2_r2\p024_T20_900ppm_fit\samples_machine_readable.csv,48098,48098,f19256cc4973202d6c44645bde34ea02c1106411cbbd82635d50a740103d4fd2,f19256cc4973202d6c44645bde34ea02c1106411cbbd82635d50a740103d4fd2,match
D:\gas_calibrator\_worktrees\v1_5_fixed_wait_window_gate_1aee26d_clean\_handoff\new_algo_001_init_20260627\formal\co2_open_flow_0620_mature_20260627_r1\co2_r2\p025_T20_1000ppm_fit,co2,formal_open_flow_route_timing.json,D:\gas_calibrator\_worktrees\v1_5_fixed_wait_window_gate_1aee26d_clean\_handoff\new_algo_001_init_20260627\formal\co2_open_flow_0620_mature_20260627_r1\co2_r2\p025_T20_1000ppm_fit\formal_open_flow_route_timing.json,572,572,f34f4198285fa7176165af6da19e7246416b2acad15726e132ada27f6bb00cbf,f34f4198285fa7176165af6da19e7246416b2acad15726e132ada27f6bb00cbf,match
D:\gas_calibrator\_worktrees\v1_5_fixed_wait_window_gate_1aee26d_clean\_handoff\new_algo_001_init_20260627\formal\co2_open_flow_0620_mature_20260627_r1\co2_r2\p025_T20_1000ppm_fit,co2,formal_open_flow_sidecar_metadata.json,D:\gas_calibrator\_worktrees\v1_5_fixed_wait_window_gate_1aee26d_clean\_handoff\new_algo_001_init_20260627\formal\co2_open_flow_0620_mature_20260627_r1\co2_r2\p025_T20_1000ppm_fit\formal_open_flow_sidecar_metadata.json,1206,1206,4acadd4a207fd80e71d4be327dbd35110211f0e3dc23e743e148c0f57c172735,4acadd4a207fd80e71d4be327dbd35110211f0e3dc23e743e148c0f57c172735,match
D:\gas_calibrator\_worktrees\v1_5_fixed_wait_window_gate_1aee26d_clean\_handoff\new_algo_001_init_20260627\formal\co2_open_flow_0620_mature_20260627_r1\co2_r2\p025_T20_1000ppm_fit,co2,frame_quality_summary.csv,D:\gas_calibrator\_worktrees\v1_5_fixed_wait_window_gate_1aee26d_clean\_handoff\new_algo_001_init_20260627\formal\co2_open_flow_0620_mature_20260627_r1\co2_r2\p025_T20_1000ppm_fit\frame_quality_summary.csv,174,174,34b287cdc845094c885ecc37e19791aba634a34d8c36b17032e45db84484b105,34b287cdc845094c885ecc37e19791aba634a34d8c36b17032e45db84484b105,match
D:\gas_calibrator\_worktrees\v1_5_fixed_wait_window_gate_1aee26d_clean\_handoff\new_algo_001_init_20260627\formal\co2_open_flow_0620_mature_20260627_r1\co2_r2\p025_T20_1000ppm_fit,co2,runtime_config_snapshot.json,D:\gas_calibrator\_worktrees\v1_5_fixed_wait_window_gate_1aee26d_clean\_handoff\new_algo_001_init_20260627\formal\co2_open_flow_0620_mature_20260627_r1\co2_r2\p025_T20_1000ppm_fit\runtime_config_snapshot.json,36105,36105,15b7c23b5725a663a950ff066fcad1f8836972025b79ade75dacddec79e8767e,15b7c23b5725a663a950ff066fcad1f8836972025b79ade75dacddec79e8767e,match
D:\gas_calibrator\_worktrees\v1_5_fixed_wait_window_gate_1aee26d_clean\_handoff\new_algo_001_init_20260627\formal\co2_open_flow_0620_mature_20260627_r1\co2_r2\p025_T20_1000ppm_fit,co2,samples_machine_readable.csv,D:\gas_calibrator\_worktrees\v1_5_fixed_wait_window_gate_1aee26d_clean\_handoff\new_algo_001_init_20260627\formal\co2_open_flow_0620_mature_20260627_r1\co2_r2\p025_T20_1000ppm_fit\samples_machine_readable.csv,48128,48128,9b83ae20a9632494b3676c57639cd0e518a6fb61f10f6feb28ca31dca83af96d,9b83ae20a9632494b3676c57639cd0e518a6fb61f10f6feb28ca31dca83af96d,match
D:\gas_calibrator\_worktrees\v1_5_fixed_wait_window_gate_1aee26d_clean\_handoff\new_algo_001_init_20260627\formal\co2_open_flow_0620_mature_20260627_r1\co2_r2\p026_T10_0ppm_fit,co2,formal_open_flow_route_timing.json,D:\gas_calibrator\_worktrees\v1_5_fixed_wait_window_gate_1aee26d_clean\_handoff\new_algo_001_init_20260627\formal\co2_open_flow_0620_mature_20260627_r1\co2_r2\p026_T10_0ppm_fit\formal_open_flow_route_timing.json,566,566,dbddf81427802ff61388b6d4cc78628c3eb82e58f1c2b977a8ef85d4b8087558,dbddf81427802ff61388b6d4cc78628c3eb82e58f1c2b977a8ef85d4b8087558,match
D:\gas_calibrator\_worktrees\v1_5_fixed_wait_window_gate_1aee26d_clean\_handoff\new_algo_001_init_20260627\formal\co2_open_flow_0620_mature_20260627_r1\co2_r2\p026_T10_0ppm_fit,co2,formal_open_flow_sidecar_metadata.json,D:\gas_calibrator\_worktrees\v1_5_fixed_wait_window_gate_1aee26d_clean\_handoff\new_algo_001_init_20260627\formal\co2_open_flow_0620_mature_20260627_r1\co2_r2\p026_T10_0ppm_fit\formal_open_flow_sidecar_metadata.json,1200,1200,201f08d306e848193c246ed68ce6933479a5999bc444214efb67d21b2c1d2d32,201f08d306e848193c246ed68ce6933479a5999bc444214efb67d21b2c1d2d32,match
D:\gas_calibrator\_worktrees\v1_5_fixed_wait_window_gate_1aee26d_clean\_handoff\new_algo_001_init_20260627\formal\co2_open_flow_0620_mature_20260627_r1\co2_r2\p026_T10_0ppm_fit,co2,frame_quality_summary.csv,D:\gas_calibrator\_worktrees\v1_5_fixed_wait_window_gate_1aee26d_clean\_handoff\new_algo_001_init_20260627\formal\co2_open_flow_0620_mature_20260627_r1\co2_r2\p026_T10_0ppm_fit\frame_quality_summary.csv,171,171,e93dca7fcdacb8b1949b0c76ed8df0019eeaaea0c2e87834802096caf367e3de,e93dca7fcdacb8b1949b0c76ed8df0019eeaaea0c2e87834802096caf367e3de,match
D:\gas_calibrator\_worktrees\v1_5_fixed_wait_window_gate_1aee26d_clean\_handoff\new_algo_001_init_20260627\formal\co2_open_flow_0620_mature_20260627_r1\co2_r2\p026_T10_0ppm_fit,co2,runtime_config_snapshot.json,D:\gas_calibrator\_worktrees\v1_5_fixed_wait_window_gate_1aee26d_clean\_handoff\new_algo_001_init_20260627\formal\co2_open_flow_0620_mature_20260627_r1\co2_r2\p026_T10_0ppm_fit\runtime_config_snapshot.json,36105,36105,15b7c23b5725a663a950ff066fcad1f8836972025b79ade75dacddec79e8767e,15b7c23b5725a663a950ff066fcad1f8836972025b79ade75dacddec79e8767e,match
D:\gas_calibrator\_worktrees\v1_5_fixed_wait_window_gate_1aee26d_clean\_handoff\new_algo_001_init_20260627\formal\co2_open_flow_0620_mature_20260627_r1\co2_r2\p026_T10_0ppm_fit,co2,samples_machine_readable.csv,D:\gas_calibrator\_worktrees\v1_5_fixed_wait_window_gate_1aee26d_clean\_handoff\new_algo_001_init_20260627\formal\co2_open_flow_0620_mature_20260627_r1\co2_r2\p026_T10_0ppm_fit\samples_machine_readable.csv,47843,47843,b27f81fcc45acc9c2418da96a69a5d14fb63971f146a28656e29dc7f845fdb96,b27f81fcc45acc9c2418da96a69a5d14fb63971f146a28656e29dc7f845fdb96,match
D:\gas_calibrator\_worktrees\v1_5_fixed_wait_window_gate_1aee26d_clean\_handoff\new_algo_001_init_20260627\formal\co2_open_flow_0620_mature_20260627_r1\co2_r2\p027_T10_100ppm_fit,co2,formal_open_flow_route_timing.json,D:\gas_calibrator\_worktrees\v1_5_fixed_wait_window_gate_1aee26d_clean\_handoff\new_algo_001_init_20260627\formal\co2_open_flow_0620_mature_20260627_r1\co2_r2\p027_T10_100ppm_fit\formal_open_flow_route_timing.json,570,570,2b3a37d281ceccf501963dce849ee9fde78c35d2c0dd3e469805abc22667a713,2b3a37d281ceccf501963dce849ee9fde78c35d2c0dd3e469805abc22667a713,match
D:\gas_calibrator\_worktrees\v1_5_fixed_wait_window_gate_1aee26d_clean\_handoff\new_algo_001_init_20260627\formal\co2_open_flow_0620_mature_20260627_r1\co2_r2\p027_T10_100ppm_fit,co2,formal_open_flow_sidecar_metadata.json,D:\gas_calibrator\_worktrees\v1_5_fixed_wait_window_gate_1aee26d_clean\_handoff\new_algo_001_init_20260627\formal\co2_open_flow_0620_mature_20260627_r1\co2_r2\p027_T10_100ppm_fit\formal_open_flow_sidecar_metadata.json,1206,1206,ccff6679d80490997200702d23201af9b44a60c5ceea8029ee575a30603f148a,ccff6679d80490997200702d23201af9b44a60c5ceea8029ee575a30603f148a,match
D:\gas_calibrator\_worktrees\v1_5_fixed_wait_window_gate_1aee26d_clean\_handoff\new_algo_001_init_20260627\formal\co2_open_flow_0620_mature_20260627_r1\co2_r2\p027_T10_100ppm_fit,co2,frame_quality_summary.csv,D:\gas_calibrator\_worktrees\v1_5_fixed_wait_window_gate_1aee26d_clean\_handoff\new_algo_001_init_20260627\formal\co2_open_flow_0620_mature_20260627_r1\co2_r2\p027_T10_100ppm_fit\frame_quality_summary.csv,173,173,3fa8bd4d04793ce4914370f5f97d7cdb7f83adaba2c4abfe32c1eaaa1e0b40f4,3fa8bd4d04793ce4914370f5f97d7cdb7f83adaba2c4abfe32c1eaaa1e0b40f4,match
D:\gas_calibrator\_worktrees\v1_5_fixed_wait_window_gate_1aee26d_clean\_handoff\new_algo_001_init_20260627\formal\co2_open_flow_0620_mature_20260627_r1\co2_r2\p027_T10_100ppm_fit,co2,runtime_config_snapshot.json,D:\gas_calibrator\_worktrees\v1_5_fixed_wait_window_gate_1aee26d_clean\_handoff\new_algo_001_init_20260627\formal\co2_open_flow_0620_mature_20260627_r1\co2_r2\p027_T10_100ppm_fit\runtime_config_snapshot.json,36105,36105,15b7c23b5725a663a950ff066fcad1f8836972025b79ade75dacddec79e8767e,15b7c23b5725a663a950ff066fcad1f8836972025b79ade75dacddec79e8767e,match
D:\gas_calibrator\_worktrees\v1_5_fixed_wait_window_gate_1aee26d_clean\_handoff\new_algo_001_init_20260627\formal\co2_open_flow_0620_mature_20260627_r1\co2_r2\p027_T10_100ppm_fit,co2,samples_machine_readable.csv,D:\gas_calibrator\_worktrees\v1_5_fixed_wait_window_gate_1aee26d_clean\_handoff\new_algo_001_init_20260627\formal\co2_open_flow_0620_mature_20260627_r1\co2_r2\p027_T10_100ppm_fit\samples_machine_readable.csv,48098,48098,73e50cc8f92951ba2e72ce0bae36c663d3d8496044d5cc5d1d86e0f09a380c3d,73e50cc8f92951ba2e72ce0bae36c663d3d8496044d5cc5d1d86e0f09a380c3d,match
D:\gas_calibrator\_worktrees\v1_5_fixed_wait_window_gate_1aee26d_clean\_handoff\new_algo_001_init_20260627\formal\co2_open_flow_0620_mature_20260627_r1\co2_r2\p028_T10_200ppm_fit,co2,formal_open_flow_route_timing.json,D:\gas_calibrator\_worktrees\v1_5_fixed_wait_window_gate_1aee26d_clean\_handoff\new_algo_001_init_20260627\formal\co2_open_flow_0620_mature_20260627_r1\co2_r2\p028_T10_200ppm_fit\formal_open_flow_route_timing.json,570,570,3704610914daffbfcb3b1351f8102562194c669c72a4d0b644569bcb9677e7b9,3704610914daffbfcb3b1351f8102562194c669c72a4d0b644569bcb9677e7b9,match
D:\gas_calibrator\_worktrees\v1_5_fixed_wait_window_gate_1aee26d_clean\_handoff\new_algo_001_init_20260627\formal\co2_open_flow_0620_mature_20260627_r1\co2_r2\p028_T10_200ppm_fit,co2,formal_open_flow_sidecar_metadata.json,D:\gas_calibrator\_worktrees\v1_5_fixed_wait_window_gate_1aee26d_clean\_handoff\new_algo_001_init_20260627\formal\co2_open_flow_0620_mature_20260627_r1\co2_r2\p028_T10_200ppm_fit\formal_open_flow_sidecar_metadata.json,1204,1204,a734942e6302be430bd5d3612367cc7724f6fa1471863afcf04e7d3863c14965,a734942e6302be430bd5d3612367cc7724f6fa1471863afcf04e7d3863c14965,match
D:\gas_calibrator\_worktrees\v1_5_fixed_wait_window_gate_1aee26d_clean\_handoff\new_algo_001_init_20260627\formal\co2_open_flow_0620_mature_20260627_r1\co2_r2\p028_T10_200ppm_fit,co2,frame_quality_summary.csv,D:\gas_calibrator\_worktrees\v1_5_fixed_wait_window_gate_1aee26d_clean\_handoff\new_algo_001_init_20260627\formal\co2_open_flow_0620_mature_20260627_r1\co2_r2\p028_T10_200ppm_fit\frame_quality_summary.csv,173,173,5a899716325d500815f8e1c4f61879159c345b8fafbf78b528a5d1d2a02f11ad,5a899716325d500815f8e1c4f61879159c345b8fafbf78b528a5d1d2a02f11ad,match
D:\gas_calibrator\_worktrees\v1_5_fixed_wait_window_gate_1aee26d_clean\_handoff\new_algo_001_init_20260627\formal\co2_open_flow_0620_mature_20260627_r1\co2_r2\p028_T10_200ppm_fit,co2,runtime_config_snapshot.json,D:\gas_calibrator\_worktrees\v1_5_fixed_wait_window_gate_1aee26d_clean\_handoff\new_algo_001_init_20260627\formal\co2_open_flow_0620_mature_20260627_r1\co2_r2\p028_T10_200ppm_fit\runtime_config_snapshot.json,36105,36105,15b7c23b5725a663a950ff066fcad1f8836972025b79ade75dacddec79e8767e,15b7c23b5725a663a950ff066fcad1f8836972025b79ade75dacddec79e8767e,match
D:\gas_calibrator\_worktrees\v1_5_fixed_wait_window_gate_1aee26d_clean\_handoff\new_algo_001_init_20260627\formal\co2_open_flow_0620_mature_20260627_r1\co2_r2\p028_T10_200ppm_fit,co2,samples_machine_readable.csv,D:\gas_calibrator\_worktrees\v1_5_fixed_wait_window_gate_1aee26d_clean\_handoff\new_algo_001_init_20260627\formal\co2_open_flow_0620_mature_20260627_r1\co2_r2\p028_T10_200ppm_fit\samples_machine_readable.csv,48115,48115,e9cbcfe04e4dd843a665b052469c3b58a7682d61216033551408d1e634b164b5,e9cbcfe04e4dd843a665b052469c3b58a7682d61216033551408d1e634b164b5,match
D:\gas_calibrator\_worktrees\v1_5_fixed_wait_window_gate_1aee26d_clean\_handoff\new_algo_001_init_20260627\formal\co2_open_flow_0620_mature_20260627_r1\co2_r2\p029_T10_300ppm_fit,co2,formal_open_flow_route_timing.json,D:\gas_calibrator\_worktrees\v1_5_fixed_wait_window_gate_1aee26d_clean\_handoff\new_algo_001_init_20260627\formal\co2_open_flow_0620_mature_20260627_r1\co2_r2\p029_T10_300ppm_fit\formal_open_flow_route_timing.json,570,570,35e085d426b59c590e2232f3a382fe498c39fa14f8a1b330f5557e033d050a61,35e085d426b59c590e2232f3a382fe498c39fa14f8a1b330f5557e033d050a61,match
D:\gas_calibrator\_worktrees\v1_5_fixed_wait_window_gate_1aee26d_clean\_handoff\new_algo_001_init_20260627\formal\co2_open_flow_0620_mature_20260627_r1\co2_r2\p029_T10_300ppm_fit,co2,formal_open_flow_sidecar_metadata.json,D:\gas_calibrator\_worktrees\v1_5_fixed_wait_window_gate_1aee26d_clean\_handoff\new_algo_001_init_20260627\formal\co2_open_flow_0620_mature_20260627_r1\co2_r2\p029_T10_300ppm_fit\formal_open_flow_sidecar_metadata.json,1206,1206,4263cf67c8bf65eb940fc8610ce86756818a96aee7e189f151c23ff42e557c74,4263cf67c8bf65eb940fc8610ce86756818a96aee7e189f151c23ff42e557c74,match
D:\gas_calibrator\_worktrees\v1_5_fixed_wait_window_gate_1aee26d_clean\_handoff\new_algo_001_init_20260627\formal\co2_open_flow_0620_mature_20260627_r1\co2_r2\p029_T10_300ppm_fit,co2,frame_quality_summary.csv,D:\gas_calibrator\_worktrees\v1_5_fixed_wait_window_gate_1aee26d_clean\_handoff\new_algo_001_init_20260627\formal\co2_open_flow_0620_mature_20260627_r1\co2_r2\p029_T10_300ppm_fit\frame_quality_summary.csv,173,173,cec83b2bfbd0c5ab59194047c42fb31ba4a402bd851ff3ae950a5ddd077b6f4b,cec83b2bfbd0c5ab59194047c42fb31ba4a402bd851ff3ae950a5ddd077b6f4b,match
D:\gas_calibrator\_worktrees\v1_5_fixed_wait_window_gate_1aee26d_clean\_handoff\new_algo_001_init_20260627\formal\co2_open_flow_0620_mature_20260627_r1\co2_r2\p029_T10_300ppm_fit,co2,runtime_config_snapshot.json,D:\gas_calibrator\_worktrees\v1_5_fixed_wait_window_gate_1aee26d_clean\_handoff\new_algo_001_init_20260627\formal\co2_open_flow_0620_mature_20260627_r1\co2_r2\p029_T10_300ppm_fit\runtime_config_snapshot.json,36105,36105,15b7c23b5725a663a950ff066fcad1f8836972025b79ade75dacddec79e8767e,15b7c23b5725a663a950ff066fcad1f8836972025b79ade75dacddec79e8767e,match
D:\gas_calibrator\_worktrees\v1_5_fixed_wait_window_gate_1aee26d_clean\_handoff\new_algo_001_init_20260627\formal\co2_open_flow_0620_mature_20260627_r1\co2_r2\p029_T10_300ppm_fit,co2,samples_machine_readable.csv,D:\gas_calibrator\_worktrees\v1_5_fixed_wait_window_gate_1aee26d_clean\_handoff\new_algo_001_init_20260627\formal\co2_open_flow_0620_mature_20260627_r1\co2_r2\p029_T10_300ppm_fit\samples_machine_readable.csv,48114,48114,facccd609006973bcd96085920634bbe04971922756d495737677997d160e50d,facccd609006973bcd96085920634bbe04971922756d495737677997d160e50d,match
D:\gas_calibrator\_worktrees\v1_5_fixed_wait_window_gate_1aee26d_clean\_handoff\new_algo_001_init_20260627\formal\co2_open_flow_0620_mature_20260627_r1\co2_r2\p030_T10_400ppm_fit,co2,formal_open_flow_route_timing.json,D:\gas_calibrator\_worktrees\v1_5_fixed_wait_window_gate_1aee26d_clean\_handoff\new_algo_001_init_20260627\formal\co2_open_flow_0620_mature_20260627_r1\co2_r2\p030_T10_400ppm_fit\formal_open_flow_route_timing.json,570,570,ea0ad47fb65a00e6a35453e03a51bc6d6c552ecddade300c402cc497ce8d3ae6,ea0ad47fb65a00e6a35453e03a51bc6d6c552ecddade300c402cc497ce8d3ae6,match
D:\gas_calibrator\_worktrees\v1_5_fixed_wait_window_gate_1aee26d_clean\_handoff\new_algo_001_init_20260627\formal\co2_open_flow_0620_mature_20260627_r1\co2_r2\p030_T10_400ppm_fit,co2,formal_open_flow_sidecar_metadata.json,D:\gas_calibrator\_worktrees\v1_5_fixed_wait_window_gate_1aee26d_clean\_handoff\new_algo_001_init_20260627\formal\co2_open_flow_0620_mature_20260627_r1\co2_r2\p030_T10_400ppm_fit\formal_open_flow_sidecar_metadata.json,1204,1204,80e5471a42e6854a41627572c298524810ae9da8b24c65b261d8c561cb04250d,80e5471a42e6854a41627572c298524810ae9da8b24c65b261d8c561cb04250d,match
D:\gas_calibrator\_worktrees\v1_5_fixed_wait_window_gate_1aee26d_clean\_handoff\new_algo_001_init_20260627\formal\co2_open_flow_0620_mature_20260627_r1\co2_r2\p030_T10_400ppm_fit,co2,frame_quality_summary.csv,D:\gas_calibrator\_worktrees\v1_5_fixed_wait_window_gate_1aee26d_clean\_handoff\new_algo_001_init_20260627\formal\co2_open_flow_0620_mature_20260627_r1\co2_r2\p030_T10_400ppm_fit\frame_quality_summary.csv,173,173,8e6b8739936020eaec5f2de70aac04aa10eadadef414b3ab9b46aa6eba6a8051,8e6b8739936020eaec5f2de70aac04aa10eadadef414b3ab9b46aa6eba6a8051,match
D:\gas_calibrator\_worktrees\v1_5_fixed_wait_window_gate_1aee26d_clean\_handoff\new_algo_001_init_20260627\formal\co2_open_flow_0620_mature_20260627_r1\co2_r2\p030_T10_400ppm_fit,co2,runtime_config_snapshot.json,D:\gas_calibrator\_worktrees\v1_5_fixed_wait_window_gate_1aee26d_clean\_handoff\new_algo_001_init_20260627\formal\co2_open_flow_0620_mature_20260627_r1\co2_r2\p030_T10_400ppm_fit\runtime_config_snapshot.json,36105,36105,15b7c23b5725a663a950ff066fcad1f8836972025b79ade75dacddec79e8767e,15b7c23b5725a663a950ff066fcad1f8836972025b79ade75dacddec79e8767e,match
D:\gas_calibrator\_worktrees\v1_5_fixed_wait_window_gate_1aee26d_clean\_handoff\new_algo_001_init_20260627\formal\co2_open_flow_0620_mature_20260627_r1\co2_r2\p030_T10_400ppm_fit,co2,samples_machine_readable.csv,D:\gas_calibrator\_worktrees\v1_5_fixed_wait_window_gate_1aee26d_clean\_handoff\new_algo_001_init_20260627\formal\co2_open_flow_0620_mature_20260627_r1\co2_r2\p030_T10_400ppm_fit\samples_machine_readable.csv,48034,48034,46bb348919102c81e399079786d59c7c59ea9d5c519d5f219f5c0615c612dd2d,46bb348919102c81e399079786d59c7c59ea9d5c519d5f219f5c0615c612dd2d,match
D:\gas_calibrator\_worktrees\v1_5_fixed_wait_window_gate_1aee26d_clean\_handoff\new_algo_001_init_20260627\formal\co2_open_flow_0620_mature_20260627_r1\co2_r2\p031_T10_500ppm_fit,co2,formal_open_flow_route_timing.json,D:\gas_calibrator\_worktrees\v1_5_fixed_wait_window_gate_1aee26d_clean\_handoff\new_algo_001_init_20260627\formal\co2_open_flow_0620_mature_20260627_r1\co2_r2\p031_T10_500ppm_fit\formal_open_flow_route_timing.json,570,570,ca41d3d57a15bbec7123c6f07954528877dd6ccdaa7e41b571e5940531e8cb5a,ca41d3d57a15bbec7123c6f07954528877dd6ccdaa7e41b571e5940531e8cb5a,match
D:\gas_calibrator\_worktrees\v1_5_fixed_wait_window_gate_1aee26d_clean\_handoff\new_algo_001_init_20260627\formal\co2_open_flow_0620_mature_20260627_r1\co2_r2\p031_T10_500ppm_fit,co2,formal_open_flow_sidecar_metadata.json,D:\gas_calibrator\_worktrees\v1_5_fixed_wait_window_gate_1aee26d_clean\_handoff\new_algo_001_init_20260627\formal\co2_open_flow_0620_mature_20260627_r1\co2_r2\p031_T10_500ppm_fit\formal_open_flow_sidecar_metadata.json,1206,1206,047a776ea8a4b98694bd8e91502ac5b7bb9e52c88abd2b99cd4899df11d26841,047a776ea8a4b98694bd8e91502ac5b7bb9e52c88abd2b99cd4899df11d26841,match
D:\gas_calibrator\_worktrees\v1_5_fixed_wait_window_gate_1aee26d_clean\_handoff\new_algo_001_init_20260627\formal\co2_open_flow_0620_mature_20260627_r1\co2_r2\p031_T10_500ppm_fit,co2,frame_quality_summary.csv,D:\gas_calibrator\_worktrees\v1_5_fixed_wait_window_gate_1aee26d_clean\_handoff\new_algo_001_init_20260627\formal\co2_open_flow_0620_mature_20260627_r1\co2_r2\p031_T10_500ppm_fit\frame_quality_summary.csv,173,173,18f8c68b1c356326b66e7054e4380b2c8211502032f38ac2322e42694a03b8d3,18f8c68b1c356326b66e7054e4380b2c8211502032f38ac2322e42694a03b8d3,match
D:\gas_calibrator\_worktrees\v1_5_fixed_wait_window_gate_1aee26d_clean\_handoff\new_algo_001_init_20260627\formal\co2_open_flow_0620_mature_20260627_r1\co2_r2\p031_T10_500ppm_fit,co2,runtime_config_snapshot.json,D:\gas_calibrator\_worktrees\v1_5_fixed_wait_window_gate_1aee26d_clean\_handoff\new_algo_001_init_20260627\formal\co2_open_flow_0620_mature_20260627_r1\co2_r2\p031_T10_500ppm_fit\runtime_config_snapshot.json,36105,36105,15b7c23b5725a663a950ff066fcad1f8836972025b79ade75dacddec79e8767e,15b7c23b5725a663a950ff066fcad1f8836972025b79ade75dacddec79e8767e,match
D:\gas_calibrator\_worktrees\v1_5_fixed_wait_window_gate_1aee26d_clean\_handoff\new_algo_001_init_20260627\formal\co2_open_flow_0620_mature_20260627_r1\co2_r2\p031_T10_500ppm_fit,co2,samples_machine_readable.csv,D:\gas_calibrator\_worktrees\v1_5_fixed_wait_window_gate_1aee26d_clean\_handoff\new_algo_001_init_20260627\formal\co2_open_flow_0620_mature_20260627_r1\co2_r2\p031_T10_500ppm_fit\samples_machine_readable.csv,47985,47985,32d676fcd8742e67c2121b818539024b73fb7793108a9d7487af2ef5b9c2ca73,32d676fcd8742e67c2121b818539024b73fb7793108a9d7487af2ef5b9c2ca73,match
D:\gas_calibrator\_worktrees\v1_5_fixed_wait_window_gate_1aee26d_clean\_handoff\new_algo_001_init_20260627\formal\co2_open_flow_0620_mature_20260627_r1\co2_r2\p032_T10_600ppm_fit,co2,formal_open_flow_route_timing.json,D:\gas_calibrator\_worktrees\v1_5_fixed_wait_window_gate_1aee26d_clean\_handoff\new_algo_001_init_20260627\formal\co2_open_flow_0620_mature_20260627_r1\co2_r2\p032_T10_600ppm_fit\formal_open_flow_route_timing.json,570,570,a87779bcdf9fe884fa52831dbc1e212a8edf4c2294322b95aa146311a91a417b,a87779bcdf9fe884fa52831dbc1e212a8edf4c2294322b95aa146311a91a417b,match
D:\gas_calibrator\_worktrees\v1_5_fixed_wait_window_gate_1aee26d_clean\_handoff\new_algo_001_init_20260627\formal\co2_open_flow_0620_mature_20260627_r1\co2_r2\p032_T10_600ppm_fit,co2,formal_open_flow_sidecar_metadata.json,D:\gas_calibrator\_worktrees\v1_5_fixed_wait_window_gate_1aee26d_clean\_handoff\new_algo_001_init_20260627\formal\co2_open_flow_0620_mature_20260627_r1\co2_r2\p032_T10_600ppm_fit\formal_open_flow_sidecar_metadata.json,1204,1204,fc3275af027d066461cf381ac564821934ab001d267ebc5c353ef909cbb048ba,fc3275af027d066461cf381ac564821934ab001d267ebc5c353ef909cbb048ba,match
D:\gas_calibrator\_worktrees\v1_5_fixed_wait_window_gate_1aee26d_clean\_handoff\new_algo_001_init_20260627\formal\co2_open_flow_0620_mature_20260627_r1\co2_r2\p032_T10_600ppm_fit,co2,frame_quality_summary.csv,D:\gas_calibrator\_worktrees\v1_5_fixed_wait_window_gate_1aee26d_clean\_handoff\new_algo_001_init_20260627\formal\co2_open_flow_0620_mature_20260627_r1\co2_r2\p032_T10_600ppm_fit\frame_quality_summary.csv,173,173,b4443da56b2deceb4679e81f52c97f4cce9e655321c1121f2dc03d75571bd1ef,b4443da56b2deceb4679e81f52c97f4cce9e655321c1121f2dc03d75571bd1ef,match
D:\gas_calibrator\_worktrees\v1_5_fixed_wait_window_gate_1aee26d_clean\_handoff\new_algo_001_init_20260627\formal\co2_open_flow_0620_mature_20260627_r1\co2_r2\p032_T10_600ppm_fit,co2,runtime_config_snapshot.json,D:\gas_calibrator\_worktrees\v1_5_fixed_wait_window_gate_1aee26d_clean\_handoff\new_algo_001_init_20260627\formal\co2_open_flow_0620_mature_20260627_r1\co2_r2\p032_T10_600ppm_fit\runtime_config_snapshot.json,36105,36105,15b7c23b5725a663a950ff066fcad1f8836972025b79ade75dacddec79e8767e,15b7c23b5725a663a950ff066fcad1f8836972025b79ade75dacddec79e8767e,match
D:\gas_calibrator\_worktrees\v1_5_fixed_wait_window_gate_1aee26d_clean\_handoff\new_algo_001_init_20260627\formal\co2_open_flow_0620_mature_20260627_r1\co2_r2\p032_T10_600ppm_fit,co2,samples_machine_readable.csv,D:\gas_calibrator\_worktrees\v1_5_fixed_wait_window_gate_1aee26d_clean\_handoff\new_algo_001_init_20260627\formal\co2_open_flow_0620_mature_20260627_r1\co2_r2\p032_T10_600ppm_fit\samples_machine_readable.csv,48102,48102,8df954f5673173911d79bc190971860112a5a87c0ae59df30c303cb20ababb81,8df954f5673173911d79bc190971860112a5a87c0ae59df30c303cb20ababb81,match
D:\gas_calibrator\_worktrees\v1_5_fixed_wait_window_gate_1aee26d_clean\_handoff\new_algo_001_init_20260627\formal\co2_open_flow_0620_mature_20260627_r1\co2_r2\p033_T10_700ppm_fit,co2,formal_open_flow_route_timing.json,D:\gas_calibrator\_worktrees\v1_5_fixed_wait_window_gate_1aee26d_clean\_handoff\new_algo_001_init_20260627\formal\co2_open_flow_0620_mature_20260627_r1\co2_r2\p033_T10_700ppm_fit\formal_open_flow_route_timing.json,570,570,1a8109e3b580511b9757b3aea082addf6f76166f475c53093a437df06c1bb876,1a8109e3b580511b9757b3aea082addf6f76166f475c53093a437df06c1bb876,match
D:\gas_calibrator\_worktrees\v1_5_fixed_wait_window_gate_1aee26d_clean\_handoff\new_algo_001_init_20260627\formal\co2_open_flow_0620_mature_20260627_r1\co2_r2\p033_T10_700ppm_fit,co2,formal_open_flow_sidecar_metadata.json,D:\gas_calibrator\_worktrees\v1_5_fixed_wait_window_gate_1aee26d_clean\_handoff\new_algo_001_init_20260627\formal\co2_open_flow_0620_mature_20260627_r1\co2_r2\p033_T10_700ppm_fit\formal_open_flow_sidecar_metadata.json,1206,1206,143e3f0c9b3df07081a0f2fda1afc96e505b7ce1e37916993ef346bf31e3ac59,143e3f0c9b3df07081a0f2fda1afc96e505b7ce1e37916993ef346bf31e3ac59,match
D:\gas_calibrator\_worktrees\v1_5_fixed_wait_window_gate_1aee26d_clean\_handoff\new_algo_001_init_20260627\formal\co2_open_flow_0620_mature_20260627_r1\co2_r2\p033_T10_700ppm_fit,co2,frame_quality_summary.csv,D:\gas_calibrator\_worktrees\v1_5_fixed_wait_window_gate_1aee26d_clean\_handoff\new_algo_001_init_20260627\formal\co2_open_flow_0620_mature_20260627_r1\co2_r2\p033_T10_700ppm_fit\frame_quality_summary.csv,173,173,6f235561078a8116237a86d9dd2afd95984f8b8628313eff0e0adee9b826fa2c,6f235561078a8116237a86d9dd2afd95984f8b8628313eff0e0adee9b826fa2c,match
D:\gas_calibrator\_worktrees\v1_5_fixed_wait_window_gate_1aee26d_clean\_handoff\new_algo_001_init_20260627\formal\co2_open_flow_0620_mature_20260627_r1\co2_r2\p033_T10_700ppm_fit,co2,runtime_config_snapshot.json,D:\gas_calibrator\_worktrees\v1_5_fixed_wait_window_gate_1aee26d_clean\_handoff\new_algo_001_init_20260627\formal\co2_open_flow_0620_mature_20260627_r1\co2_r2\p033_T10_700ppm_fit\runtime_config_snapshot.json,36105,36105,15b7c23b5725a663a950ff066fcad1f8836972025b79ade75dacddec79e8767e,15b7c23b5725a663a950ff066fcad1f8836972025b79ade75dacddec79e8767e,match
D:\gas_calibrator\_worktrees\v1_5_fixed_wait_window_gate_1aee26d_clean\_handoff\new_algo_001_init_20260627\formal\co2_open_flow_0620_mature_20260627_r1\co2_r2\p033_T10_700ppm_fit,co2,samples_machine_readable.csv,D:\gas_calibrator\_worktrees\v1_5_fixed_wait_window_gate_1aee26d_clean\_handoff\new_algo_001_init_20260627\formal\co2_open_flow_0620_mature_20260627_r1\co2_r2\p033_T10_700ppm_fit\samples_machine_readable.csv,48059,48059,4e4d8436008c5b4dd8c01bbc2bc61713dbde774719634dcf88445086f418b0a8,4e4d8436008c5b4dd8c01bbc2bc61713dbde774719634dcf88445086f418b0a8,match
D:\gas_calibrator\_worktrees\v1_5_fixed_wait_window_gate_1aee26d_clean\_handoff\new_algo_001_init_20260627\formal\co2_open_flow_0620_mature_20260627_r1\co2_r2\p034_T10_800ppm_fit,co2,formal_open_flow_route_timing.json,D:\gas_calibrator\_worktrees\v1_5_fixed_wait_window_gate_1aee26d_clean\_handoff\new_algo_001_init_20260627\formal\co2_open_flow_0620_mature_20260627_r1\co2_r2\p034_T10_800ppm_fit\formal_open_flow_route_timing.json,570,570,bdf25af20fc02ca5a924ea613506b6f348cb910b86eb980248975b829118c87b,bdf25af20fc02ca5a924ea613506b6f348cb910b86eb980248975b829118c87b,match
D:\gas_calibrator\_worktrees\v1_5_fixed_wait_window_gate_1aee26d_clean\_handoff\new_algo_001_init_20260627\formal\co2_open_flow_0620_mature_20260627_r1\co2_r2\p034_T10_800ppm_fit,co2,formal_open_flow_sidecar_metadata.json,D:\gas_calibrator\_worktrees\v1_5_fixed_wait_window_gate_1aee26d_clean\_handoff\new_algo_001_init_20260627\formal\co2_open_flow_0620_mature_20260627_r1\co2_r2\p034_T10_800ppm_fit\formal_open_flow_sidecar_metadata.json,1204,1204,fc5539a33c9424e6275f5e7b16b138d99da90778f6c1384287ee222c14571d4a,fc5539a33c9424e6275f5e7b16b138d99da90778f6c1384287ee222c14571d4a,match
D:\gas_calibrator\_worktrees\v1_5_fixed_wait_window_gate_1aee26d_clean\_handoff\new_algo_001_init_20260627\formal\co2_open_flow_0620_mature_20260627_r1\co2_r2\p034_T10_800ppm_fit,co2,frame_quality_summary.csv,D:\gas_calibrator\_worktrees\v1_5_fixed_wait_window_gate_1aee26d_clean\_handoff\new_algo_001_init_20260627\formal\co2_open_flow_0620_mature_20260627_r1\co2_r2\p034_T10_800ppm_fit\frame_quality_summary.csv,173,173,17a1a4b5601096b21e7542f8fa024615b0fdadbf1d64a27c164791df82f612fc,17a1a4b5601096b21e7542f8fa024615b0fdadbf1d64a27c164791df82f612fc,match
D:\gas_calibrator\_worktrees\v1_5_fixed_wait_window_gate_1aee26d_clean\_handoff\new_algo_001_init_20260627\formal\co2_open_flow_0620_mature_20260627_r1\co2_r2\p034_T10_800ppm_fit,co2,runtime_config_snapshot.json,D:\gas_calibrator\_worktrees\v1_5_fixed_wait_window_gate_1aee26d_clean\_handoff\new_algo_001_init_20260627\formal\co2_open_flow_0620_mature_20260627_r1\co2_r2\p034_T10_800ppm_fit\runtime_config_snapshot.json,36105,36105,15b7c23b5725a663a950ff066fcad1f8836972025b79ade75dacddec79e8767e,15b7c23b5725a663a950ff066fcad1f8836972025b79ade75dacddec79e8767e,match
D:\gas_calibrator\_worktrees\v1_5_fixed_wait_window_gate_1aee26d_clean\_handoff\new_algo_001_init_20260627\formal\co2_open_flow_0620_mature_20260627_r1\co2_r2\p034_T10_800ppm_fit,co2,samples_machine_readable.csv,D:\gas_calibrator\_worktrees\v1_5_fixed_wait_window_gate_1aee26d_clean\_handoff\new_algo_001_init_20260627\formal\co2_open_flow_0620_mature_20260627_r1\co2_r2\p034_T10_800ppm_fit\samples_machine_readable.csv,48093,48093,6c9f663bf2490426f190a401ae89d82c89972f48ec411b9429aded90302aa837,6c9f663bf2490426f190a401ae89d82c89972f48ec411b9429aded90302aa837,match
D:\gas_calibrator\_worktrees\v1_5_fixed_wait_window_gate_1aee26d_clean\_handoff\new_algo_001_init_20260627\formal\co2_open_flow_0620_mature_20260627_r1\co2_r2\p035_T10_900ppm_fit,co2,formal_open_flow_route_timing.json,D:\gas_calibrator\_worktrees\v1_5_fixed_wait_window_gate_1aee26d_clean\_handoff\new_algo_001_init_20260627\formal\co2_open_flow_0620_mature_20260627_r1\co2_r2\p035_T10_900ppm_fit\formal_open_flow_route_timing.json,570,570,b320b93eca2b870a0026d5031b8456a2f06f1d4857a1fa79f2c9318597903968,b320b93eca2b870a0026d5031b8456a2f06f1d4857a1fa79f2c9318597903968,match
D:\gas_calibrator\_worktrees\v1_5_fixed_wait_window_gate_1aee26d_clean\_handoff\new_algo_001_init_20260627\formal\co2_open_flow_0620_mature_20260627_r1\co2_r2\p035_T10_900ppm_fit,co2,formal_open_flow_sidecar_metadata.json,D:\gas_calibrator\_worktrees\v1_5_fixed_wait_window_gate_1aee26d_clean\_handoff\new_algo_001_init_20260627\formal\co2_open_flow_0620_mature_20260627_r1\co2_r2\p035_T10_900ppm_fit\formal_open_flow_sidecar_metadata.json,1206,1206,8cc1f42ad12d91ae289997e698ca65da99621d5a4a7a9cfc476ebd052c633c44,8cc1f42ad12d91ae289997e698ca65da99621d5a4a7a9cfc476ebd052c633c44,match
D:\gas_calibrator\_worktrees\v1_5_fixed_wait_window_gate_1aee26d_clean\_handoff\new_algo_001_init_20260627\formal\co2_open_flow_0620_mature_20260627_r1\co2_r2\p035_T10_900ppm_fit,co2,frame_quality_summary.csv,D:\gas_calibrator\_worktrees\v1_5_fixed_wait_window_gate_1aee26d_clean\_handoff\new_algo_001_init_20260627\formal\co2_open_flow_0620_mature_20260627_r1\co2_r2\p035_T10_900ppm_fit\frame_quality_summary.csv,173,173,8aa08ef8660ad9b22bcb9900a9a027735494fb302e2cf155ee6940c496c36a0e,8aa08ef8660ad9b22bcb9900a9a027735494fb302e2cf155ee6940c496c36a0e,match
D:\gas_calibrator\_worktrees\v1_5_fixed_wait_window_gate_1aee26d_clean\_handoff\new_algo_001_init_20260627\formal\co2_open_flow_0620_mature_20260627_r1\co2_r2\p035_T10_900ppm_fit,co2,runtime_config_snapshot.json,D:\gas_calibrator\_worktrees\v1_5_fixed_wait_window_gate_1aee26d_clean\_handoff\new_algo_001_init_20260627\formal\co2_open_flow_0620_mature_20260627_r1\co2_r2\p035_T10_900ppm_fit\runtime_config_snapshot.json,36105,36105,15b7c23b5725a663a950ff066fcad1f8836972025b79ade75dacddec79e8767e,15b7c23b5725a663a950ff066fcad1f8836972025b79ade75dacddec79e8767e,match
D:\gas_calibrator\_worktrees\v1_5_fixed_wait_window_gate_1aee26d_clean\_handoff\new_algo_001_init_20260627\formal\co2_open_flow_0620_mature_20260627_r1\co2_r2\p035_T10_900ppm_fit,co2,samples_machine_readable.csv,D:\gas_calibrator\_worktrees\v1_5_fixed_wait_window_gate_1aee26d_clean\_handoff\new_algo_001_init_20260627\formal\co2_open_flow_0620_mature_20260627_r1\co2_r2\p035_T10_900ppm_fit\samples_machine_readable.csv,48066,48066,dbb8c6d1f3c7b8f5853a03112c811beaab099562c215e2746c2a0f1df6acc5cb,dbb8c6d1f3c7b8f5853a03112c811beaab099562c215e2746c2a0f1df6acc5cb,match
D:\gas_calibrator\_worktrees\v1_5_fixed_wait_window_gate_1aee26d_clean\_handoff\new_algo_001_init_20260627\formal\co2_open_flow_0620_mature_20260627_r1\co2_r2\p036_T10_1000ppm_fit,co2,formal_open_flow_route_timing.json,D:\gas_calibrator\_worktrees\v1_5_fixed_wait_window_gate_1aee26d_clean\_handoff\new_algo_001_init_20260627\formal\co2_open_flow_0620_mature_20260627_r1\co2_r2\p036_T10_1000ppm_fit\formal_open_flow_route_timing.json,572,572,bcabac027b2eac1d680f4f1322549ad7d6a1df9b4ce90766557ac4ba923c747c,bcabac027b2eac1d680f4f1322549ad7d6a1df9b4ce90766557ac4ba923c747c,match
D:\gas_calibrator\_worktrees\v1_5_fixed_wait_window_gate_1aee26d_clean\_handoff\new_algo_001_init_20260627\formal\co2_open_flow_0620_mature_20260627_r1\co2_r2\p036_T10_1000ppm_fit,co2,formal_open_flow_sidecar_metadata.json,D:\gas_calibrator\_worktrees\v1_5_fixed_wait_window_gate_1aee26d_clean\_handoff\new_algo_001_init_20260627\formal\co2_open_flow_0620_mature_20260627_r1\co2_r2\p036_T10_1000ppm_fit\formal_open_flow_sidecar_metadata.json,1206,1206,dd455d9a05967da2eade48dd5d883dad6856e046f1a847c9b71d424338b5d089,dd455d9a05967da2eade48dd5d883dad6856e046f1a847c9b71d424338b5d089,match
D:\gas_calibrator\_worktrees\v1_5_fixed_wait_window_gate_1aee26d_clean\_handoff\new_algo_001_init_20260627\formal\co2_open_flow_0620_mature_20260627_r1\co2_r2\p036_T10_1000ppm_fit,co2,frame_quality_summary.csv,D:\gas_calibrator\_worktrees\v1_5_fixed_wait_window_gate_1aee26d_clean\_handoff\new_algo_001_init_20260627\formal\co2_open_flow_0620_mature_20260627_r1\co2_r2\p036_T10_1000ppm_fit\frame_quality_summary.csv,174,174,34b287cdc845094c885ecc37e19791aba634a34d8c36b17032e45db84484b105,34b287cdc845094c885ecc37e19791aba634a34d8c36b17032e45db84484b105,match
D:\gas_calibrator\_worktrees\v1_5_fixed_wait_window_gate_1aee26d_clean\_handoff\new_algo_001_init_20260627\formal\co2_open_flow_0620_mature_20260627_r1\co2_r2\p036_T10_1000ppm_fit,co2,runtime_config_snapshot.json,D:\gas_calibrator\_worktrees\v1_5_fixed_wait_window_gate_1aee26d_clean\_handoff\new_algo_001_init_20260627\formal\co2_open_flow_0620_mature_20260627_r1\co2_r2\p036_T10_1000ppm_fit\runtime_config_snapshot.json,36105,36105,15b7c23b5725a663a950ff066fcad1f8836972025b79ade75dacddec79e8767e,15b7c23b5725a663a950ff066fcad1f8836972025b79ade75dacddec79e8767e,match
D:\gas_calibrator\_worktrees\v1_5_fixed_wait_window_gate_1aee26d_clean\_handoff\new_algo_001_init_20260627\formal\co2_open_flow_0620_mature_20260627_r1\co2_r2\p036_T10_1000ppm_fit,co2,samples_machine_readable.csv,D:\gas_calibrator\_worktrees\v1_5_fixed_wait_window_gate_1aee26d_clean\_handoff\new_algo_001_init_20260627\formal\co2_open_flow_0620_mature_20260627_r1\co2_r2\p036_T10_1000ppm_fit\samples_machine_readable.csv,48123,48123,f0d43f98c9920367fcb35e91055efe400d0bd373059ac30d1c49d9f22e192e93,f0d43f98c9920367fcb35e91055efe400d0bd373059ac30d1c49d9f22e192e93,match
D:\gas_calibrator\_worktrees\v1_5_fixed_wait_window_gate_1aee26d_clean\_handoff\new_algo_001_init_20260627\formal\co2_open_flow_0620_mature_20260627_r1\co2_r2\p037_T0_0ppm_fit,co2,formal_open_flow_route_timing.json,D:\gas_calibrator\_worktrees\v1_5_fixed_wait_window_gate_1aee26d_clean\_handoff\new_algo_001_init_20260627\formal\co2_open_flow_0620_mature_20260627_r1\co2_r2\p037_T0_0ppm_fit\formal_open_flow_route_timing.json,565,565,51c783666a5aa29e30a98b8fda68661a60c6072769daadf52f6d3b3605a2d059,51c783666a5aa29e30a98b8fda68661a60c6072769daadf52f6d3b3605a2d059,match
D:\gas_calibrator\_worktrees\v1_5_fixed_wait_window_gate_1aee26d_clean\_handoff\new_algo_001_init_20260627\formal\co2_open_flow_0620_mature_20260627_r1\co2_r2\p037_T0_0ppm_fit,co2,formal_open_flow_sidecar_metadata.json,D:\gas_calibrator\_worktrees\v1_5_fixed_wait_window_gate_1aee26d_clean\_handoff\new_algo_001_init_20260627\formal\co2_open_flow_0620_mature_20260627_r1\co2_r2\p037_T0_0ppm_fit\formal_open_flow_sidecar_metadata.json,1199,1199,346f44457cc152eb9b98a9b70fb189501489c1f438751cd60cd3342f231e752d,346f44457cc152eb9b98a9b70fb189501489c1f438751cd60cd3342f231e752d,match
D:\gas_calibrator\_worktrees\v1_5_fixed_wait_window_gate_1aee26d_clean\_handoff\new_algo_001_init_20260627\formal\co2_open_flow_0620_mature_20260627_r1\co2_r2\p037_T0_0ppm_fit,co2,frame_quality_summary.csv,D:\gas_calibrator\_worktrees\v1_5_fixed_wait_window_gate_1aee26d_clean\_handoff\new_algo_001_init_20260627\formal\co2_open_flow_0620_mature_20260627_r1\co2_r2\p037_T0_0ppm_fit\frame_quality_summary.csv,171,171,e93dca7fcdacb8b1949b0c76ed8df0019eeaaea0c2e87834802096caf367e3de,e93dca7fcdacb8b1949b0c76ed8df0019eeaaea0c2e87834802096caf367e3de,match
D:\gas_calibrator\_worktrees\v1_5_fixed_wait_window_gate_1aee26d_clean\_handoff\new_algo_001_init_20260627\formal\co2_open_flow_0620_mature_20260627_r1\co2_r2\p037_T0_0ppm_fit,co2,runtime_config_snapshot.json,D:\gas_calibrator\_worktrees\v1_5_fixed_wait_window_gate_1aee26d_clean\_handoff\new_algo_001_init_20260627\formal\co2_open_flow_0620_mature_20260627_r1\co2_r2\p037_T0_0ppm_fit\runtime_config_snapshot.json,36105,36105,15b7c23b5725a663a950ff066fcad1f8836972025b79ade75dacddec79e8767e,15b7c23b5725a663a950ff066fcad1f8836972025b79ade75dacddec79e8767e,match
D:\gas_calibrator\_worktrees\v1_5_fixed_wait_window_gate_1aee26d_clean\_handoff\new_algo_001_init_20260627\formal\co2_open_flow_0620_mature_20260627_r1\co2_r2\p037_T0_0ppm_fit,co2,samples_machine_readable.csv,D:\gas_calibrator\_worktrees\v1_5_fixed_wait_window_gate_1aee26d_clean\_handoff\new_algo_001_init_20260627\formal\co2_open_flow_0620_mature_20260627_r1\co2_r2\p037_T0_0ppm_fit\samples_machine_readable.csv,47853,47853,fb9f014fb1697e27aaab874deb24abf10ccdd2c1de70ea7230b391aea1f3c800,fb9f014fb1697e27aaab874deb24abf10ccdd2c1de70ea7230b391aea1f3c800,match
D:\gas_calibrator\_worktrees\v1_5_fixed_wait_window_gate_1aee26d_clean\_handoff\new_algo_001_init_20260627\formal\co2_open_flow_0620_mature_20260627_r1\co2_r2\p038_T0_400ppm_fit,co2,formal_open_flow_route_timing.json,D:\gas_calibrator\_worktrees\v1_5_fixed_wait_window_gate_1aee26d_clean\_handoff\new_algo_001_init_20260627\formal\co2_open_flow_0620_mature_20260627_r1\co2_r2\p038_T0_400ppm_fit\formal_open_flow_route_timing.json,569,569,8189d4d1779e3ccd34066ef4a673df6074d60f287e417bc0abea9e7aa6765bd6,8189d4d1779e3ccd34066ef4a673df6074d60f287e417bc0abea9e7aa6765bd6,match
D:\gas_calibrator\_worktrees\v1_5_fixed_wait_window_gate_1aee26d_clean\_handoff\new_algo_001_init_20260627\formal\co2_open_flow_0620_mature_20260627_r1\co2_r2\p038_T0_400ppm_fit,co2,formal_open_flow_sidecar_metadata.json,D:\gas_calibrator\_worktrees\v1_5_fixed_wait_window_gate_1aee26d_clean\_handoff\new_algo_001_init_20260627\formal\co2_open_flow_0620_mature_20260627_r1\co2_r2\p038_T0_400ppm_fit\formal_open_flow_sidecar_metadata.json,1203,1203,6ee2d3fa5f22ccc7049b84aee760a3ede0d0509501caff48512490eb9cc45505,6ee2d3fa5f22ccc7049b84aee760a3ede0d0509501caff48512490eb9cc45505,match
D:\gas_calibrator\_worktrees\v1_5_fixed_wait_window_gate_1aee26d_clean\_handoff\new_algo_001_init_20260627\formal\co2_open_flow_0620_mature_20260627_r1\co2_r2\p038_T0_400ppm_fit,co2,frame_quality_summary.csv,D:\gas_calibrator\_worktrees\v1_5_fixed_wait_window_gate_1aee26d_clean\_handoff\new_algo_001_init_20260627\formal\co2_open_flow_0620_mature_20260627_r1\co2_r2\p038_T0_400ppm_fit\frame_quality_summary.csv,173,173,8e6b8739936020eaec5f2de70aac04aa10eadadef414b3ab9b46aa6eba6a8051,8e6b8739936020eaec5f2de70aac04aa10eadadef414b3ab9b46aa6eba6a8051,match
D:\gas_calibrator\_worktrees\v1_5_fixed_wait_window_gate_1aee26d_clean\_handoff\new_algo_001_init_20260627\formal\co2_open_flow_0620_mature_20260627_r1\co2_r2\p038_T0_400ppm_fit,co2,runtime_config_snapshot.json,D:\gas_calibrator\_worktrees\v1_5_fixed_wait_window_gate_1aee26d_clean\_handoff\new_algo_001_init_20260627\formal\co2_open_flow_0620_mature_20260627_r1\co2_r2\p038_T0_400ppm_fit\runtime_config_snapshot.json,36105,36105,15b7c23b5725a663a950ff066fcad1f8836972025b79ade75dacddec79e8767e,15b7c23b5725a663a950ff066fcad1f8836972025b79ade75dacddec79e8767e,match
D:\gas_calibrator\_worktrees\v1_5_fixed_wait_window_gate_1aee26d_clean\_handoff\new_algo_001_init_20260627\formal\co2_open_flow_0620_mature_20260627_r1\co2_r2\p038_T0_400ppm_fit,co2,samples_machine_readable.csv,D:\gas_calibrator\_worktrees\v1_5_fixed_wait_window_gate_1aee26d_clean\_handoff\new_algo_001_init_20260627\formal\co2_open_flow_0620_mature_20260627_r1\co2_r2\p038_T0_400ppm_fit\samples_machine_readable.csv,48045,48045,8c724d82a801fd2f589a483f279a621fec226345b3b4159e874f264a1cd33470,8c724d82a801fd2f589a483f279a621fec226345b3b4159e874f264a1cd33470,match
D:\gas_calibrator\_worktrees\v1_5_fixed_wait_window_gate_1aee26d_clean\_handoff\new_algo_001_init_20260627\formal\co2_open_flow_0620_mature_20260627_r1\co2_r2\p039_T0_1000ppm_fit,co2,formal_open_flow_route_timing.json,D:\gas_calibrator\_worktrees\v1_5_fixed_wait_window_gate_1aee26d_clean\_handoff\new_algo_001_init_20260627\formal\co2_open_flow_0620_mature_20260627_r1\co2_r2\p039_T0_1000ppm_fit\formal_open_flow_route_timing.json,571,571,b37b75aa0fac3eb38fb1fe1064edbdfb0ab555bdeaf4386c6be1cc81bfbb4915,b37b75aa0fac3eb38fb1fe1064edbdfb0ab555bdeaf4386c6be1cc81bfbb4915,match
D:\gas_calibrator\_worktrees\v1_5_fixed_wait_window_gate_1aee26d_clean\_handoff\new_algo_001_init_20260627\formal\co2_open_flow_0620_mature_20260627_r1\co2_r2\p039_T0_1000ppm_fit,co2,formal_open_flow_sidecar_metadata.json,D:\gas_calibrator\_worktrees\v1_5_fixed_wait_window_gate_1aee26d_clean\_handoff\new_algo_001_init_20260627\formal\co2_open_flow_0620_mature_20260627_r1\co2_r2\p039_T0_1000ppm_fit\formal_open_flow_sidecar_metadata.json,1205,1205,3d42f55a546baf27d7cd4bc611ece3d05309ef1374c0f0ce68a9ff609fedb7dd,3d42f55a546baf27d7cd4bc611ece3d05309ef1374c0f0ce68a9ff609fedb7dd,match
D:\gas_calibrator\_worktrees\v1_5_fixed_wait_window_gate_1aee26d_clean\_handoff\new_algo_001_init_20260627\formal\co2_open_flow_0620_mature_20260627_r1\co2_r2\p039_T0_1000ppm_fit,co2,frame_quality_summary.csv,D:\gas_calibrator\_worktrees\v1_5_fixed_wait_window_gate_1aee26d_clean\_handoff\new_algo_001_init_20260627\formal\co2_open_flow_0620_mature_20260627_r1\co2_r2\p039_T0_1000ppm_fit\frame_quality_summary.csv,174,174,34b287cdc845094c885ecc37e19791aba634a34d8c36b17032e45db84484b105,34b287cdc845094c885ecc37e19791aba634a34d8c36b17032e45db84484b105,match
D:\gas_calibrator\_worktrees\v1_5_fixed_wait_window_gate_1aee26d_clean\_handoff\new_algo_001_init_20260627\formal\co2_open_flow_0620_mature_20260627_r1\co2_r2\p039_T0_1000ppm_fit,co2,runtime_config_snapshot.json,D:\gas_calibrator\_worktrees\v1_5_fixed_wait_window_gate_1aee26d_clean\_handoff\new_algo_001_init_20260627\formal\co2_open_flow_0620_mature_20260627_r1\co2_r2\p039_T0_1000ppm_fit\runtime_config_snapshot.json,36105,36105,15b7c23b5725a663a950ff066fcad1f8836972025b79ade75dacddec79e8767e,15b7c23b5725a663a950ff066fcad1f8836972025b79ade75dacddec79e8767e,match
D:\gas_calibrator\_worktrees\v1_5_fixed_wait_window_gate_1aee26d_clean\_handoff\new_algo_001_init_20260627\formal\co2_open_flow_0620_mature_20260627_r1\co2_r2\p039_T0_1000ppm_fit,co2,samples_machine_readable.csv,D:\gas_calibrator\_worktrees\v1_5_fixed_wait_window_gate_1aee26d_clean\_handoff\new_algo_001_init_20260627\formal\co2_open_flow_0620_mature_20260627_r1\co2_r2\p039_T0_1000ppm_fit\samples_machine_readable.csv,48080,48080,7fb7e13b5d2c6892055f19603794381d2dddb10d4a7f9bf8e91881a4c510371f,7fb7e13b5d2c6892055f19603794381d2dddb10d4a7f9bf8e91881a4c510371f,match
D:\gas_calibrator\_worktrees\v1_5_fixed_wait_window_gate_1aee26d_clean\_handoff\new_algo_001_init_20260627\formal\co2_resume_20260628\co2_Tm10_Tm20_COM35_r1\p001_Tm10_0ppm_fit,co2,formal_open_flow_route_timing.json,D:\gas_calibrator\_worktrees\v1_5_fixed_wait_window_gate_1aee26d_clean\_handoff\new_algo_001_init_20260627\formal\co2_resume_20260628\co2_Tm10_Tm20_COM35_r1\p001_Tm10_0ppm_fit\formal_open_flow_route_timing.json,567,567,8437b35331ec851b44a04dad9c5b6441f3a839ae9e93c583b617847cf27023f7,8437b35331ec851b44a04dad9c5b6441f3a839ae9e93c583b617847cf27023f7,match
D:\gas_calibrator\_worktrees\v1_5_fixed_wait_window_gate_1aee26d_clean\_handoff\new_algo_001_init_20260627\formal\co2_resume_20260628\co2_Tm10_Tm20_COM35_r1\p001_Tm10_0ppm_fit,co2,formal_open_flow_sidecar_metadata.json,D:\gas_calibrator\_worktrees\v1_5_fixed_wait_window_gate_1aee26d_clean\_handoff\new_algo_001_init_20260627\formal\co2_resume_20260628\co2_Tm10_Tm20_COM35_r1\p001_Tm10_0ppm_fit\formal_open_flow_sidecar_metadata.json,1201,1201,7f0e802a3f9877492b0fdc2418ef39cdbd1be8bd397851ef1e226ae8b5e9d902,7f0e802a3f9877492b0fdc2418ef39cdbd1be8bd397851ef1e226ae8b5e9d902,match
D:\gas_calibrator\_worktrees\v1_5_fixed_wait_window_gate_1aee26d_clean\_handoff\new_algo_001_init_20260627\formal\co2_resume_20260628\co2_Tm10_Tm20_COM35_r1\p001_Tm10_0ppm_fit,co2,frame_quality_summary.csv,D:\gas_calibrator\_worktrees\v1_5_fixed_wait_window_gate_1aee26d_clean\_handoff\new_algo_001_init_20260627\formal\co2_resume_20260628\co2_Tm10_Tm20_COM35_r1\p001_Tm10_0ppm_fit\frame_quality_summary.csv,171,171,e93dca7fcdacb8b1949b0c76ed8df0019eeaaea0c2e87834802096caf367e3de,e93dca7fcdacb8b1949b0c76ed8df0019eeaaea0c2e87834802096caf367e3de,match
D:\gas_calibrator\_worktrees\v1_5_fixed_wait_window_gate_1aee26d_clean\_handoff\new_algo_001_init_20260627\formal\co2_resume_20260628\co2_Tm10_Tm20_COM35_r1\p001_Tm10_0ppm_fit,co2,runtime_config_snapshot.json,D:\gas_calibrator\_worktrees\v1_5_fixed_wait_window_gate_1aee26d_clean\_handoff\new_algo_001_init_20260627\formal\co2_resume_20260628\co2_Tm10_Tm20_COM35_r1\p001_Tm10_0ppm_fit\runtime_config_snapshot.json,36333,36333,c10a14389143e3b1df98f949185439d48b5f00a5bde138a20a596b613f4bb689,c10a14389143e3b1df98f949185439d48b5f00a5bde138a20a596b613f4bb689,match
D:\gas_calibrator\_worktrees\v1_5_fixed_wait_window_gate_1aee26d_clean\_handoff\new_algo_001_init_20260627\formal\co2_resume_20260628\co2_Tm10_Tm20_COM35_r1\p001_Tm10_0ppm_fit,co2,samples_machine_readable.csv,D:\gas_calibrator\_worktrees\v1_5_fixed_wait_window_gate_1aee26d_clean\_handoff\new_algo_001_init_20260627\formal\co2_resume_20260628\co2_Tm10_Tm20_COM35_r1\p001_Tm10_0ppm_fit\samples_machine_readable.csv,47950,47950,48f66204c158a266468088cad4919623ed3c63194b5d67513dc36febce57d9f6,48f66204c158a266468088cad4919623ed3c63194b5d67513dc36febce57d9f6,match
D:\gas_calibrator\_worktrees\v1_5_fixed_wait_window_gate_1aee26d_clean\_handoff\new_algo_001_init_20260627\formal\co2_resume_20260628\co2_Tm10_Tm20_COM35_r1\p002_Tm10_400ppm_fit,co2,formal_open_flow_route_timing.json,D:\gas_calibrator\_worktrees\v1_5_fixed_wait_window_gate_1aee26d_clean\_handoff\new_algo_001_init_20260627\formal\co2_resume_20260628\co2_Tm10_Tm20_COM35_r1\p002_Tm10_400ppm_fit\formal_open_flow_route_timing.json,571,571,64ffdd99e970615e722ed92382edb8c2f09b23975c3ad71014debee48b63f4ec,64ffdd99e970615e722ed92382edb8c2f09b23975c3ad71014debee48b63f4ec,match
D:\gas_calibrator\_worktrees\v1_5_fixed_wait_window_gate_1aee26d_clean\_handoff\new_algo_001_init_20260627\formal\co2_resume_20260628\co2_Tm10_Tm20_COM35_r1\p002_Tm10_400ppm_fit,co2,formal_open_flow_sidecar_metadata.json,D:\gas_calibrator\_worktrees\v1_5_fixed_wait_window_gate_1aee26d_clean\_handoff\new_algo_001_init_20260627\formal\co2_resume_20260628\co2_Tm10_Tm20_COM35_r1\p002_Tm10_400ppm_fit\formal_open_flow_sidecar_metadata.json,1205,1205,d281d2e5dc1d1c99d33ad7cf162d400c8f7255e4764549f3b081656a8c2ca215,d281d2e5dc1d1c99d33ad7cf162d400c8f7255e4764549f3b081656a8c2ca215,match
D:\gas_calibrator\_worktrees\v1_5_fixed_wait_window_gate_1aee26d_clean\_handoff\new_algo_001_init_20260627\formal\co2_resume_20260628\co2_Tm10_Tm20_COM35_r1\p002_Tm10_400ppm_fit,co2,frame_quality_summary.csv,D:\gas_calibrator\_worktrees\v1_5_fixed_wait_window_gate_1aee26d_clean\_handoff\new_algo_001_init_20260627\formal\co2_resume_20260628\co2_Tm10_Tm20_COM35_r1\p002_Tm10_400ppm_fit\frame_quality_summary.csv,173,173,8e6b8739936020eaec5f2de70aac04aa10eadadef414b3ab9b46aa6eba6a8051,8e6b8739936020eaec5f2de70aac04aa10eadadef414b3ab9b46aa6eba6a8051,match
D:\gas_calibrator\_worktrees\v1_5_fixed_wait_window_gate_1aee26d_clean\_handoff\new_algo_001_init_20260627\formal\co2_resume_20260628\co2_Tm10_Tm20_COM35_r1\p002_Tm10_400ppm_fit,co2,runtime_config_snapshot.json,D:\gas_calibrator\_worktrees\v1_5_fixed_wait_window_gate_1aee26d_clean\_handoff\new_algo_001_init_20260627\formal\co2_resume_20260628\co2_Tm10_Tm20_COM35_r1\p002_Tm10_400ppm_fit\runtime_config_snapshot.json,36333,36333,c10a14389143e3b1df98f949185439d48b5f00a5bde138a20a596b613f4bb689,c10a14389143e3b1df98f949185439d48b5f00a5bde138a20a596b613f4bb689,match
D:\gas_calibrator\_worktrees\v1_5_fixed_wait_window_gate_1aee26d_clean\_handoff\new_algo_001_init_20260627\formal\co2_resume_20260628\co2_Tm10_Tm20_COM35_r1\p002_Tm10_400ppm_fit,co2,samples_machine_readable.csv,D:\gas_calibrator\_worktrees\v1_5_fixed_wait_window_gate_1aee26d_clean\_handoff\new_algo_001_init_20260627\formal\co2_resume_20260628\co2_Tm10_Tm20_COM35_r1\p002_Tm10_400ppm_fit\samples_machine_readable.csv,48105,48105,20d47f677cd9d0e0b2f61793c8b54b82b2696f9d5f82ba77d69810f535baec30,20d47f677cd9d0e0b2f61793c8b54b82b2696f9d5f82ba77d69810f535baec30,match
D:\gas_calibrator\_worktrees\v1_5_fixed_wait_window_gate_1aee26d_clean\_handoff\new_algo_001_init_20260627\formal\co2_resume_20260628\co2_Tm10_Tm20_COM35_r1\p003_Tm10_1000ppm_fit,co2,formal_open_flow_route_timing.json,D:\gas_calibrator\_worktrees\v1_5_fixed_wait_window_gate_1aee26d_clean\_handoff\new_algo_001_init_20260627\formal\co2_resume_20260628\co2_Tm10_Tm20_COM35_r1\p003_Tm10_1000ppm_fit\formal_open_flow_route_timing.json,573,573,7f8ad56b8d45a5439632ca5abce07e12ac3f051bd07354643c8db1ed658c26b8,7f8ad56b8d45a5439632ca5abce07e12ac3f051bd07354643c8db1ed658c26b8,match
D:\gas_calibrator\_worktrees\v1_5_fixed_wait_window_gate_1aee26d_clean\_handoff\new_algo_001_init_20260627\formal\co2_resume_20260628\co2_Tm10_Tm20_COM35_r1\p003_Tm10_1000ppm_fit,co2,formal_open_flow_sidecar_metadata.json,D:\gas_calibrator\_worktrees\v1_5_fixed_wait_window_gate_1aee26d_clean\_handoff\new_algo_001_init_20260627\formal\co2_resume_20260628\co2_Tm10_Tm20_COM35_r1\p003_Tm10_1000ppm_fit\formal_open_flow_sidecar_metadata.json,1207,1207,a254912ca88d85b8a02c0bf507c138c892e446ef65c97ebfe932f646e8cc281e,a254912ca88d85b8a02c0bf507c138c892e446ef65c97ebfe932f646e8cc281e,match
D:\gas_calibrator\_worktrees\v1_5_fixed_wait_window_gate_1aee26d_clean\_handoff\new_algo_001_init_20260627\formal\co2_resume_20260628\co2_Tm10_Tm20_COM35_r1\p003_Tm10_1000ppm_fit,co2,frame_quality_summary.csv,D:\gas_calibrator\_worktrees\v1_5_fixed_wait_window_gate_1aee26d_clean\_handoff\new_algo_001_init_20260627\formal\co2_resume_20260628\co2_Tm10_Tm20_COM35_r1\p003_Tm10_1000ppm_fit\frame_quality_summary.csv,174,174,34b287cdc845094c885ecc37e19791aba634a34d8c36b17032e45db84484b105,34b287cdc845094c885ecc37e19791aba634a34d8c36b17032e45db84484b105,match
D:\gas_calibrator\_worktrees\v1_5_fixed_wait_window_gate_1aee26d_clean\_handoff\new_algo_001_init_20260627\formal\co2_resume_20260628\co2_Tm10_Tm20_COM35_r1\p003_Tm10_1000ppm_fit,co2,runtime_config_snapshot.json,D:\gas_calibrator\_worktrees\v1_5_fixed_wait_window_gate_1aee26d_clean\_handoff\new_algo_001_init_20260627\formal\co2_resume_20260628\co2_Tm10_Tm20_COM35_r1\p003_Tm10_1000ppm_fit\runtime_config_snapshot.json,36333,36333,c10a14389143e3b1df98f949185439d48b5f00a5bde138a20a596b613f4bb689,c10a14389143e3b1df98f949185439d48b5f00a5bde138a20a596b613f4bb689,match
D:\gas_calibrator\_worktrees\v1_5_fixed_wait_window_gate_1aee26d_clean\_handoff\new_algo_001_init_20260627\formal\co2_resume_20260628\co2_Tm10_Tm20_COM35_r1\p003_Tm10_1000ppm_fit,co2,samples_machine_readable.csv,D:\gas_calibrator\_worktrees\v1_5_fixed_wait_window_gate_1aee26d_clean\_handoff\new_algo_001_init_20260627\formal\co2_resume_20260628\co2_Tm10_Tm20_COM35_r1\p003_Tm10_1000ppm_fit\samples_machine_readable.csv,48165,48165,39693f3f7b10afd4fd6ff7cd2e360e702782e52e4b8173be87576100a5602830,39693f3f7b10afd4fd6ff7cd2e360e702782e52e4b8173be87576100a5602830,match
D:\gas_calibrator\_worktrees\v1_5_fixed_wait_window_gate_1aee26d_clean\_handoff\new_algo_001_init_20260627\formal\co2_resume_20260628\co2_Tm10_Tm20_COM35_r1\p004_Tm20_0ppm_fit,co2,formal_open_flow_route_timing.json,D:\gas_calibrator\_worktrees\v1_5_fixed_wait_window_gate_1aee26d_clean\_handoff\new_algo_001_init_20260627\formal\co2_resume_20260628\co2_Tm10_Tm20_COM35_r1\p004_Tm20_0ppm_fit\formal_open_flow_route_timing.json,567,567,60971efc766c1ebf5bf9782f9b352555c048bd424564aa4986c0d722c63655f8,60971efc766c1ebf5bf9782f9b352555c048bd424564aa4986c0d722c63655f8,match
D:\gas_calibrator\_worktrees\v1_5_fixed_wait_window_gate_1aee26d_clean\_handoff\new_algo_001_init_20260627\formal\co2_resume_20260628\co2_Tm10_Tm20_COM35_r1\p004_Tm20_0ppm_fit,co2,formal_open_flow_sidecar_metadata.json,D:\gas_calibrator\_worktrees\v1_5_fixed_wait_window_gate_1aee26d_clean\_handoff\new_algo_001_init_20260627\formal\co2_resume_20260628\co2_Tm10_Tm20_COM35_r1\p004_Tm20_0ppm_fit\formal_open_flow_sidecar_metadata.json,1201,1201,baa74e4743fa831517e83df2ac9469da9e84b7e5fe9b5931e635d6519eb3785a,baa74e4743fa831517e83df2ac9469da9e84b7e5fe9b5931e635d6519eb3785a,match
D:\gas_calibrator\_worktrees\v1_5_fixed_wait_window_gate_1aee26d_clean\_handoff\new_algo_001_init_20260627\formal\co2_resume_20260628\co2_Tm10_Tm20_COM35_r1\p004_Tm20_0ppm_fit,co2,frame_quality_summary.csv,D:\gas_calibrator\_worktrees\v1_5_fixed_wait_window_gate_1aee26d_clean\_handoff\new_algo_001_init_20260627\formal\co2_resume_20260628\co2_Tm10_Tm20_COM35_r1\p004_Tm20_0ppm_fit\frame_quality_summary.csv,171,171,e93dca7fcdacb8b1949b0c76ed8df0019eeaaea0c2e87834802096caf367e3de,e93dca7fcdacb8b1949b0c76ed8df0019eeaaea0c2e87834802096caf367e3de,match
D:\gas_calibrator\_worktrees\v1_5_fixed_wait_window_gate_1aee26d_clean\_handoff\new_algo_001_init_20260627\formal\co2_resume_20260628\co2_Tm10_Tm20_COM35_r1\p004_Tm20_0ppm_fit,co2,runtime_config_snapshot.json,D:\gas_calibrator\_worktrees\v1_5_fixed_wait_window_gate_1aee26d_clean\_handoff\new_algo_001_init_20260627\formal\co2_resume_20260628\co2_Tm10_Tm20_COM35_r1\p004_Tm20_0ppm_fit\runtime_config_snapshot.json,36333,36333,c10a14389143e3b1df98f949185439d48b5f00a5bde138a20a596b613f4bb689,c10a14389143e3b1df98f949185439d48b5f00a5bde138a20a596b613f4bb689,match
D:\gas_calibrator\_worktrees\v1_5_fixed_wait_window_gate_1aee26d_clean\_handoff\new_algo_001_init_20260627\formal\co2_resume_20260628\co2_Tm10_Tm20_COM35_r1\p004_Tm20_0ppm_fit,co2,samples_machine_readable.csv,D:\gas_calibrator\_worktrees\v1_5_fixed_wait_window_gate_1aee26d_clean\_handoff\new_algo_001_init_20260627\formal\co2_resume_20260628\co2_Tm10_Tm20_COM35_r1\p004_Tm20_0ppm_fit\samples_machine_readable.csv,47869,47869,dde3ec01d6e2634aa23629854c0b6f46f4a4da623424fa20d3e784135f110a40,dde3ec01d6e2634aa23629854c0b6f46f4a4da623424fa20d3e784135f110a40,match
D:\gas_calibrator\_worktrees\v1_5_fixed_wait_window_gate_1aee26d_clean\_handoff\new_algo_001_init_20260627\formal\co2_resume_20260628\co2_Tm10_Tm20_COM35_r1\p005_Tm20_400ppm_fit,co2,formal_open_flow_route_timing.json,D:\gas_calibrator\_worktrees\v1_5_fixed_wait_window_gate_1aee26d_clean\_handoff\new_algo_001_init_20260627\formal\co2_resume_20260628\co2_Tm10_Tm20_COM35_r1\p005_Tm20_400ppm_fit\formal_open_flow_route_timing.json,571,571,a17213688a681a869206247a368f4baf5e9ce602213268fd0a4d119056499574,a17213688a681a869206247a368f4baf5e9ce602213268fd0a4d119056499574,match
D:\gas_calibrator\_worktrees\v1_5_fixed_wait_window_gate_1aee26d_clean\_handoff\new_algo_001_init_20260627\formal\co2_resume_20260628\co2_Tm10_Tm20_COM35_r1\p005_Tm20_400ppm_fit,co2,formal_open_flow_sidecar_metadata.json,D:\gas_calibrator\_worktrees\v1_5_fixed_wait_window_gate_1aee26d_clean\_handoff\new_algo_001_init_20260627\formal\co2_resume_20260628\co2_Tm10_Tm20_COM35_r1\p005_Tm20_400ppm_fit\formal_open_flow_sidecar_metadata.json,1205,1205,7d01a145d21abb5fa4b08e01e47b12a0d4c41f114b994071b641e5962e78b9f4,7d01a145d21abb5fa4b08e01e47b12a0d4c41f114b994071b641e5962e78b9f4,match
D:\gas_calibrator\_worktrees\v1_5_fixed_wait_window_gate_1aee26d_clean\_handoff\new_algo_001_init_20260627\formal\co2_resume_20260628\co2_Tm10_Tm20_COM35_r1\p005_Tm20_400ppm_fit,co2,frame_quality_summary.csv,D:\gas_calibrator\_worktrees\v1_5_fixed_wait_window_gate_1aee26d_clean\_handoff\new_algo_001_init_20260627\formal\co2_resume_20260628\co2_Tm10_Tm20_COM35_r1\p005_Tm20_400ppm_fit\frame_quality_summary.csv,173,173,8e6b8739936020eaec5f2de70aac04aa10eadadef414b3ab9b46aa6eba6a8051,8e6b8739936020eaec5f2de70aac04aa10eadadef414b3ab9b46aa6eba6a8051,match
D:\gas_calibrator\_worktrees\v1_5_fixed_wait_window_gate_1aee26d_clean\_handoff\new_algo_001_init_20260627\formal\co2_resume_20260628\co2_Tm10_Tm20_COM35_r1\p005_Tm20_400ppm_fit,co2,runtime_config_snapshot.json,D:\gas_calibrator\_worktrees\v1_5_fixed_wait_window_gate_1aee26d_clean\_handoff\new_algo_001_init_20260627\formal\co2_resume_20260628\co2_Tm10_Tm20_COM35_r1\p005_Tm20_400ppm_fit\runtime_config_snapshot.json,36333,36333,c10a14389143e3b1df98f949185439d48b5f00a5bde138a20a596b613f4bb689,c10a14389143e3b1df98f949185439d48b5f00a5bde138a20a596b613f4bb689,match
D:\gas_calibrator\_worktrees\v1_5_fixed_wait_window_gate_1aee26d_clean\_handoff\new_algo_001_init_20260627\formal\co2_resume_20260628\co2_Tm10_Tm20_COM35_r1\p005_Tm20_400ppm_fit,co2,samples_machine_readable.csv,D:\gas_calibrator\_worktrees\v1_5_fixed_wait_window_gate_1aee26d_clean\_handoff\new_algo_001_init_20260627\formal\co2_resume_20260628\co2_Tm10_Tm20_COM35_r1\p005_Tm20_400ppm_fit\samples_machine_readable.csv,48112,48112,dea65fc12c58ffd75c5e7f8dad7ead17a7e684b278322a87f46e20f8b5113348,dea65fc12c58ffd75c5e7f8dad7ead17a7e684b278322a87f46e20f8b5113348,match
D:\gas_calibrator\_worktrees\v1_5_fixed_wait_window_gate_1aee26d_clean\_handoff\new_algo_001_init_20260627\formal\co2_resume_20260628\co2_Tm10_Tm20_COM35_r1\p006_Tm20_1000ppm_fit,co2,formal_open_flow_route_timing.json,D:\gas_calibrator\_worktrees\v1_5_fixed_wait_window_gate_1aee26d_clean\_handoff\new_algo_001_init_20260627\formal\co2_resume_20260628\co2_Tm10_Tm20_COM35_r1\p006_Tm20_1000ppm_fit\formal_open_flow_route_timing.json,532,532,00144085442050c6011c7bf702f066a7e20b7934857355d3ed93e7d264626065,00144085442050c6011c7bf702f066a7e20b7934857355d3ed93e7d264626065,match
D:\gas_calibrator\_worktrees\v1_5_fixed_wait_window_gate_1aee26d_clean\_handoff\new_algo_001_init_20260627\formal\co2_resume_20260628\co2_Tm10_Tm20_COM35_r1\p006_Tm20_1000ppm_fit,co2,formal_open_flow_sidecar_metadata.json,D:\gas_calibrator\_worktrees\v1_5_fixed_wait_window_gate_1aee26d_clean\_handoff\new_algo_001_init_20260627\formal\co2_resume_20260628\co2_Tm10_Tm20_COM35_r1\p006_Tm20_1000ppm_fit\formal_open_flow_sidecar_metadata.json,1207,1207,6500544ba1a164ebda0e3dae59eb6004d008e1a5a0164649d4b09f5d3333e542,6500544ba1a164ebda0e3dae59eb6004d008e1a5a0164649d4b09f5d3333e542,match
D:\gas_calibrator\_worktrees\v1_5_fixed_wait_window_gate_1aee26d_clean\_handoff\new_algo_001_init_20260627\formal\co2_resume_20260628\co2_Tm10_Tm20_COM35_r1\p006_Tm20_1000ppm_fit,co2,runtime_config_snapshot.json,D:\gas_calibrator\_worktrees\v1_5_fixed_wait_window_gate_1aee26d_clean\_handoff\new_algo_001_init_20260627\formal\co2_resume_20260628\co2_Tm10_Tm20_COM35_r1\p006_Tm20_1000ppm_fit\runtime_config_snapshot.json,36333,36333,c10a14389143e3b1df98f949185439d48b5f00a5bde138a20a596b613f4bb689,c10a14389143e3b1df98f949185439d48b5f00a5bde138a20a596b613f4bb689,match
D:\gas_calibrator\_worktrees\v1_5_fixed_wait_window_gate_1aee26d_clean\_handoff\new_algo_001_init_20260627\formal\co2_resume_20260628\co2_Tm10_Tm20_COM35_r1\p006_Tm20_1000ppm_fit_retry1,co2,formal_open_flow_route_timing.json,D:\gas_calibrator\_worktrees\v1_5_fixed_wait_window_gate_1aee26d_clean\_handoff\new_algo_001_init_20260627\formal\co2_resume_20260628\co2_Tm10_Tm20_COM35_r1\p006_Tm20_1000ppm_fit_retry1\formal_open_flow_route_timing.json,580,580,4d663b08a2390c49160cace4d886ff078030f79ea326eacb63731558b0c3c236,4d663b08a2390c49160cace4d886ff078030f79ea326eacb63731558b0c3c236,match
D:\gas_calibrator\_worktrees\v1_5_fixed_wait_window_gate_1aee26d_clean\_handoff\new_algo_001_init_20260627\formal\co2_resume_20260628\co2_Tm10_Tm20_COM35_r1\p006_Tm20_1000ppm_fit_retry1,co2,formal_open_flow_sidecar_metadata.json,D:\gas_calibrator\_worktrees\v1_5_fixed_wait_window_gate_1aee26d_clean\_handoff\new_algo_001_init_20260627\formal\co2_resume_20260628\co2_Tm10_Tm20_COM35_r1\p006_Tm20_1000ppm_fit_retry1\formal_open_flow_sidecar_metadata.json,1214,1214,0d620c18bd2ec7d148744c5e60fc71e81efc0e13b5a6776d81c29b51fd3ae4be,0d620c18bd2ec7d148744c5e60fc71e81efc0e13b5a6776d81c29b51fd3ae4be,match
D:\gas_calibrator\_worktrees\v1_5_fixed_wait_window_gate_1aee26d_clean\_handoff\new_algo_001_init_20260627\formal\co2_resume_20260628\co2_Tm10_Tm20_COM35_r1\p006_Tm20_1000ppm_fit_retry1,co2,frame_quality_summary.csv,D:\gas_calibrator\_worktrees\v1_5_fixed_wait_window_gate_1aee26d_clean\_handoff\new_algo_001_init_20260627\formal\co2_resume_20260628\co2_Tm10_Tm20_COM35_r1\p006_Tm20_1000ppm_fit_retry1\frame_quality_summary.csv,174,174,34b287cdc845094c885ecc37e19791aba634a34d8c36b17032e45db84484b105,34b287cdc845094c885ecc37e19791aba634a34d8c36b17032e45db84484b105,match
D:\gas_calibrator\_worktrees\v1_5_fixed_wait_window_gate_1aee26d_clean\_handoff\new_algo_001_init_20260627\formal\co2_resume_20260628\co2_Tm10_Tm20_COM35_r1\p006_Tm20_1000ppm_fit_retry1,co2,runtime_config_snapshot.json,D:\gas_calibrator\_worktrees\v1_5_fixed_wait_window_gate_1aee26d_clean\_handoff\new_algo_001_init_20260627\formal\co2_resume_20260628\co2_Tm10_Tm20_COM35_r1\p006_Tm20_1000ppm_fit_retry1\runtime_config_snapshot.json,36333,36333,c10a14389143e3b1df98f949185439d48b5f00a5bde138a20a596b613f4bb689,c10a14389143e3b1df98f949185439d48b5f00a5bde138a20a596b613f4bb689,match
D:\gas_calibrator\_worktrees\v1_5_fixed_wait_window_gate_1aee26d_clean\_handoff\new_algo_001_init_20260627\formal\co2_resume_20260628\co2_Tm10_Tm20_COM35_r1\p006_Tm20_1000ppm_fit_retry1,co2,samples_machine_readable.csv,D:\gas_calibrator\_worktrees\v1_5_fixed_wait_window_gate_1aee26d_clean\_handoff\new_algo_001_init_20260627\formal\co2_resume_20260628\co2_Tm10_Tm20_COM35_r1\p006_Tm20_1000ppm_fit_retry1\samples_machine_readable.csv,48356,48356,878fa14d0e23bd631bcf13ded39371d2c2d81f9bded2731881386933bcd5e9b5,878fa14d0e23bd631bcf13ded39371d2c2d81f9bded2731881386933bcd5e9b5,match
D:\gas_calibrator\_p9_20260706\h2o_005_bridge_repeat_20c_305070_v1\p001_T20_HG20C_30RH_h2o,h2o,formal_h2o_open_flow_sidecar_metadata.json,D:\gas_calibrator\_p9_20260706\h2o_005_bridge_repeat_20c_305070_v1\p001_T20_HG20C_30RH_h2o\formal_h2o_open_flow_sidecar_metadata.json,2111,2111,8d5827a1efa1a20a724b5870fe747718809ddd30e79a765c874887da73e62732,8d5827a1efa1a20a724b5870fe747718809ddd30e79a765c874887da73e62732,match
D:\gas_calibrator\_p9_20260706\h2o_005_bridge_repeat_20c_305070_v1\p001_T20_HG20C_30RH_h2o,h2o,frame_quality_summary.csv,D:\gas_calibrator\_p9_20260706\h2o_005_bridge_repeat_20c_305070_v1\p001_T20_HG20C_30RH_h2o\frame_quality_summary.csv,523,523,6fa690945724660f386fc6dfd03308d78d67d19cb0a5d80679996691020c28e0,6fa690945724660f386fc6dfd03308d78d67d19cb0a5d80679996691020c28e0,match
D:\gas_calibrator\_p9_20260706\h2o_005_bridge_repeat_20c_305070_v1\p001_T20_HG20C_30RH_h2o,h2o,runtime_config_snapshot.json,D:\gas_calibrator\_p9_20260706\h2o_005_bridge_repeat_20c_305070_v1\p001_T20_HG20C_30RH_h2o\runtime_config_snapshot.json,37655,37655,ddb4fa420ef39daa984065393835f88ed093acbc0b01bd574395bf78be1e6da0,ddb4fa420ef39daa984065393835f88ed093acbc0b01bd574395bf78be1e6da0,match
D:\gas_calibrator\_p9_20260706\h2o_005_bridge_repeat_20c_305070_v1\p001_T20_HG20C_30RH_h2o,h2o,samples_machine_readable.csv,D:\gas_calibrator\_p9_20260706\h2o_005_bridge_repeat_20c_305070_v1\p001_T20_HG20C_30RH_h2o\samples_machine_readable.csv,140422,140422,0b280a2b7cf33c8000f650daa6d5e2169e249387a21b0d2775b64a8714658651,0b280a2b7cf33c8000f650daa6d5e2169e249387a21b0d2775b64a8714658651,match
D:\gas_calibrator\_p9_20260706\h2o_005_bridge_repeat_20c_305070_v1\p002_T20_HG20C_50RH_h2o,h2o,formal_h2o_open_flow_sidecar_metadata.json,D:\gas_calibrator\_p9_20260706\h2o_005_bridge_repeat_20c_305070_v1\p002_T20_HG20C_50RH_h2o\formal_h2o_open_flow_sidecar_metadata.json,2112,2112,7b847443791193fbfaa14902313447e43c39d4cb9f70cf13b74131a7d7dd3b7d,7b847443791193fbfaa14902313447e43c39d4cb9f70cf13b74131a7d7dd3b7d,match
D:\gas_calibrator\_p9_20260706\h2o_005_bridge_repeat_20c_305070_v1\p002_T20_HG20C_50RH_h2o,h2o,frame_quality_summary.csv,D:\gas_calibrator\_p9_20260706\h2o_005_bridge_repeat_20c_305070_v1\p002_T20_HG20C_50RH_h2o\frame_quality_summary.csv,523,523,d8817ffef80c5f03934138f2fccb9f61d451749d4a3c2fe889cb0911b6982bb2,d8817ffef80c5f03934138f2fccb9f61d451749d4a3c2fe889cb0911b6982bb2,match
D:\gas_calibrator\_p9_20260706\h2o_005_bridge_repeat_20c_305070_v1\p002_T20_HG20C_50RH_h2o,h2o,runtime_config_snapshot.json,D:\gas_calibrator\_p9_20260706\h2o_005_bridge_repeat_20c_305070_v1\p002_T20_HG20C_50RH_h2o\runtime_config_snapshot.json,37655,37655,ddb4fa420ef39daa984065393835f88ed093acbc0b01bd574395bf78be1e6da0,ddb4fa420ef39daa984065393835f88ed093acbc0b01bd574395bf78be1e6da0,match
D:\gas_calibrator\_p9_20260706\h2o_005_bridge_repeat_20c_305070_v1\p002_T20_HG20C_50RH_h2o,h2o,samples_machine_readable.csv,D:\gas_calibrator\_p9_20260706\h2o_005_bridge_repeat_20c_305070_v1\p002_T20_HG20C_50RH_h2o\samples_machine_readable.csv,140656,140656,57f35d9cbb0c5d6ed265ab681ce5db83173c9b6d4eaa46164506706e9aff4189,57f35d9cbb0c5d6ed265ab681ce5db83173c9b6d4eaa46164506706e9aff4189,match
D:\gas_calibrator\_p9_20260706\h2o_005_bridge_repeat_20c_305070_v1\p003_T20_HG20C_70RH_h2o,h2o,formal_h2o_open_flow_sidecar_metadata.json,D:\gas_calibrator\_p9_20260706\h2o_005_bridge_repeat_20c_305070_v1\p003_T20_HG20C_70RH_h2o\formal_h2o_open_flow_sidecar_metadata.json,2113,2113,f97d23ba1e9b009b5de047926183822caba0750d25a0173fb131b8af875b24e2,f97d23ba1e9b009b5de047926183822caba0750d25a0173fb131b8af875b24e2,match
D:\gas_calibrator\_p9_20260706\h2o_005_bridge_repeat_20c_305070_v1\p003_T20_HG20C_70RH_h2o,h2o,frame_quality_summary.csv,D:\gas_calibrator\_p9_20260706\h2o_005_bridge_repeat_20c_305070_v1\p003_T20_HG20C_70RH_h2o\frame_quality_summary.csv,523,523,5571c7374f3beff18a87ae0c581b1053ee7aeba8352fd55d5e3769333b6c8875,5571c7374f3beff18a87ae0c581b1053ee7aeba8352fd55d5e3769333b6c8875,match
D:\gas_calibrator\_p9_20260706\h2o_005_bridge_repeat_20c_305070_v1\p003_T20_HG20C_70RH_h2o,h2o,runtime_config_snapshot.json,D:\gas_calibrator\_p9_20260706\h2o_005_bridge_repeat_20c_305070_v1\p003_T20_HG20C_70RH_h2o\runtime_config_snapshot.json,37655,37655,ddb4fa420ef39daa984065393835f88ed093acbc0b01bd574395bf78be1e6da0,ddb4fa420ef39daa984065393835f88ed093acbc0b01bd574395bf78be1e6da0,match
D:\gas_calibrator\_p9_20260706\h2o_005_bridge_repeat_20c_305070_v1\p003_T20_HG20C_70RH_h2o,h2o,samples_machine_readable.csv,D:\gas_calibrator\_p9_20260706\h2o_005_bridge_repeat_20c_305070_v1\p003_T20_HG20C_70RH_h2o\samples_machine_readable.csv,140636,140636,137df85281ff6b18bf87e737ea5d1b8472c42f795f648b5f30244be128e3315a,137df85281ff6b18bf87e737ea5d1b8472c42f795f648b5f30244be128e3315a,match
D:\gas_calibrator\_p9_20260706\h2o_6old_0620clean_mature13_g4\p001_T0_HG0C_50RH_h2o,h2o,formal_h2o_open_flow_sidecar_metadata.json,D:\gas_calibrator\_p9_20260706\h2o_6old_0620clean_mature13_g4\p001_T0_HG0C_50RH_h2o\formal_h2o_open_flow_sidecar_metadata.json,2109,2109,6fad94bc0278b7c5bcb48e875308e7ca41eb7f86ccb0cb6659720195deaf7819,6fad94bc0278b7c5bcb48e875308e7ca41eb7f86ccb0cb6659720195deaf7819,match
D:\gas_calibrator\_p9_20260706\h2o_6old_0620clean_mature13_g4\p001_T0_HG0C_50RH_h2o,h2o,frame_quality_summary.csv,D:\gas_calibrator\_p9_20260706\h2o_6old_0620clean_mature13_g4\p001_T0_HG0C_50RH_h2o\frame_quality_summary.csv,535,535,5e85c1358d8d54c52689079354985f93270fd93c064e8303e62c1de899929fd4,5e85c1358d8d54c52689079354985f93270fd93c064e8303e62c1de899929fd4,match
D:\gas_calibrator\_p9_20260706\h2o_6old_0620clean_mature13_g4\p001_T0_HG0C_50RH_h2o,h2o,runtime_config_snapshot.json,D:\gas_calibrator\_p9_20260706\h2o_6old_0620clean_mature13_g4\p001_T0_HG0C_50RH_h2o\runtime_config_snapshot.json,37650,37650,46cbde09a780766f72bae72d06969d8ee34f8ddc46e26f9e8fedb6f348ba11a2,46cbde09a780766f72bae72d06969d8ee34f8ddc46e26f9e8fedb6f348ba11a2,match
D:\gas_calibrator\_p9_20260706\h2o_6old_0620clean_mature13_g4\p001_T0_HG0C_50RH_h2o,h2o,samples_machine_readable.csv,D:\gas_calibrator\_p9_20260706\h2o_6old_0620clean_mature13_g4\p001_T0_HG0C_50RH_h2o\samples_machine_readable.csv,141130,141130,6016e09d3da678ac7595b5c1b01fa3ba16c12603b803231ea95bae9e6fcf1acd,6016e09d3da678ac7595b5c1b01fa3ba16c12603b803231ea95bae9e6fcf1acd,match
D:\gas_calibrator\_p9_20260706\h2o_6old_0620clean_mature13_p002_retry1\p002_T10_HG10C_30RH_retry1,h2o,formal_h2o_open_flow_sidecar_metadata.json,D:\gas_calibrator\_p9_20260706\h2o_6old_0620clean_mature13_p002_retry1\p002_T10_HG10C_30RH_retry1\formal_h2o_open_flow_sidecar_metadata.json,2114,2114,3aafbd0ea2d63450f3be4c58fe97676c4635d2c2b93e3ccb2c31fe4ad354481b,3aafbd0ea2d63450f3be4c58fe97676c4635d2c2b93e3ccb2c31fe4ad354481b,match
D:\gas_calibrator\_p9_20260706\h2o_6old_0620clean_mature13_p002_retry1\p002_T10_HG10C_30RH_retry1,h2o,frame_quality_summary.csv,D:\gas_calibrator\_p9_20260706\h2o_6old_0620clean_mature13_p002_retry1\p002_T10_HG10C_30RH_retry1\frame_quality_summary.csv,541,541,7776fcf44662c2af9d6b64dfd8a5c332653a7b55fd37674b3cd45899a0e85706,7776fcf44662c2af9d6b64dfd8a5c332653a7b55fd37674b3cd45899a0e85706,match
D:\gas_calibrator\_p9_20260706\h2o_6old_0620clean_mature13_p002_retry1\p002_T10_HG10C_30RH_retry1,h2o,runtime_config_snapshot.json,D:\gas_calibrator\_p9_20260706\h2o_6old_0620clean_mature13_p002_retry1\p002_T10_HG10C_30RH_retry1\runtime_config_snapshot.json,37659,37659,4906767e82f98d1debb20373ca6989748f9e7b4deff2e5627c30b2030fe0fd95,4906767e82f98d1debb20373ca6989748f9e7b4deff2e5627c30b2030fe0fd95,match
D:\gas_calibrator\_p9_20260706\h2o_6old_0620clean_mature13_p002_retry1\p002_T10_HG10C_30RH_retry1,h2o,samples_machine_readable.csv,D:\gas_calibrator\_p9_20260706\h2o_6old_0620clean_mature13_p002_retry1\p002_T10_HG10C_30RH_retry1\samples_machine_readable.csv,141530,141530,a31385e1f72dd4b46257808bd30fa9b90f7b6662cc6a9bc77a945f88de34633b,a31385e1f72dd4b46257808bd30fa9b90f7b6662cc6a9bc77a945f88de34633b,match
D:\gas_calibrator\_p9_20260706\h2o_6old_0620clean_mature13_remaining_p003_p013_g5\p001_T10_HG10C_50RH_h2o,h2o,formal_h2o_open_flow_sidecar_metadata.json,D:\gas_calibrator\_p9_20260706\h2o_6old_0620clean_mature13_remaining_p003_p013_g5\p001_T10_HG10C_50RH_h2o\formal_h2o_open_flow_sidecar_metadata.json,2111,2111,910f905fec3b6c03f7c576401ee89ae8bcdf9a495b476237b773fd8b864292b8,910f905fec3b6c03f7c576401ee89ae8bcdf9a495b476237b773fd8b864292b8,match
D:\gas_calibrator\_p9_20260706\h2o_6old_0620clean_mature13_remaining_p003_p013_g5\p001_T10_HG10C_50RH_h2o,h2o,frame_quality_summary.csv,D:\gas_calibrator\_p9_20260706\h2o_6old_0620clean_mature13_remaining_p003_p013_g5\p001_T10_HG10C_50RH_h2o\frame_quality_summary.csv,541,541,4408ac8e691b547edc8aa4fdcddab0bdd5d881829f61ebba90ab977c0a8fbdc9,4408ac8e691b547edc8aa4fdcddab0bdd5d881829f61ebba90ab977c0a8fbdc9,match
D:\gas_calibrator\_p9_20260706\h2o_6old_0620clean_mature13_remaining_p003_p013_g5\p001_T10_HG10C_50RH_h2o,h2o,runtime_config_snapshot.json,D:\gas_calibrator\_p9_20260706\h2o_6old_0620clean_mature13_remaining_p003_p013_g5\p001_T10_HG10C_50RH_h2o\runtime_config_snapshot.json,37670,37670,ebac91e07cd36447eb3cab43e7cbe48785b00d0f7bfbcf9fef709f72a9e810cf,ebac91e07cd36447eb3cab43e7cbe48785b00d0f7bfbcf9fef709f72a9e810cf,match
D:\gas_calibrator\_p9_20260706\h2o_6old_0620clean_mature13_remaining_p003_p013_g5\p001_T10_HG10C_50RH_h2o,h2o,samples_machine_readable.csv,D:\gas_calibrator\_p9_20260706\h2o_6old_0620clean_mature13_remaining_p003_p013_g5\p001_T10_HG10C_50RH_h2o\samples_machine_readable.csv,141506,141506,edf9a8326551f40f855a41d03ecc8d03d2c5cc4336fcd6c751622fc82b827f99,edf9a8326551f40f855a41d03ecc8d03d2c5cc4336fcd6c751622fc82b827f99,match
D:\gas_calibrator\_p9_20260706\h2o_6old_0620clean_mature13_remaining_p003_p013_g5\p002_T10_HG10C_70RH_h2o,h2o,formal_h2o_open_flow_sidecar_metadata.json,D:\gas_calibrator\_p9_20260706\h2o_6old_0620clean_mature13_remaining_p003_p013_g5\p002_T10_HG10C_70RH_h2o\formal_h2o_open_flow_sidecar_metadata.json,2111,2111,e72b40861d824a4dfa4f772ab8714a91a840766132cc2909f50b69057356149a,e72b40861d824a4dfa4f772ab8714a91a840766132cc2909f50b69057356149a,match
D:\gas_calibrator\_p9_20260706\h2o_6old_0620clean_mature13_remaining_p003_p013_g5\p002_T10_HG10C_70RH_h2o,h2o,frame_quality_summary.csv,D:\gas_calibrator\_p9_20260706\h2o_6old_0620clean_mature13_remaining_p003_p013_g5\p002_T10_HG10C_70RH_h2o\frame_quality_summary.csv,541,541,f1fe0f174f2e71f90f49e1dbaa1713b8fdbbaf82cf87bc18b3e45d156ded0202,f1fe0f174f2e71f90f49e1dbaa1713b8fdbbaf82cf87bc18b3e45d156ded0202,match
D:\gas_calibrator\_p9_20260706\h2o_6old_0620clean_mature13_remaining_p003_p013_g5\p002_T10_HG10C_70RH_h2o,h2o,runtime_config_snapshot.json,D:\gas_calibrator\_p9_20260706\h2o_6old_0620clean_mature13_remaining_p003_p013_g5\p002_T10_HG10C_70RH_h2o\runtime_config_snapshot.json,37670,37670,ebac91e07cd36447eb3cab43e7cbe48785b00d0f7bfbcf9fef709f72a9e810cf,ebac91e07cd36447eb3cab43e7cbe48785b00d0f7bfbcf9fef709f72a9e810cf,match
D:\gas_calibrator\_p9_20260706\h2o_6old_0620clean_mature13_remaining_p003_p013_g5\p002_T10_HG10C_70RH_h2o,h2o,samples_machine_readable.csv,D:\gas_calibrator\_p9_20260706\h2o_6old_0620clean_mature13_remaining_p003_p013_g5\p002_T10_HG10C_70RH_h2o\samples_machine_readable.csv,141458,141458,5b2cbc1321255b31b86bf9b3a6c36736079abe89521c92a27b095d1badc6b480,5b2cbc1321255b31b86bf9b3a6c36736079abe89521c92a27b095d1badc6b480,match
D:\gas_calibrator\_p9_20260706\h2o_6old_0620clean_mature13_remaining_p003_p013_g5\p003_T20_HG20C_30RH_h2o,h2o,formal_h2o_open_flow_sidecar_metadata.json,D:\gas_calibrator\_p9_20260706\h2o_6old_0620clean_mature13_remaining_p003_p013_g5\p003_T20_HG20C_30RH_h2o\formal_h2o_open_flow_sidecar_metadata.json,2111,2111,3bae86c70c08ae9bf51d93dba1c5bd48162c8b882934202be44d55d45eedd1c7,3bae86c70c08ae9bf51d93dba1c5bd48162c8b882934202be44d55d45eedd1c7,match
D:\gas_calibrator\_p9_20260706\h2o_6old_0620clean_mature13_remaining_p003_p013_g5\p003_T20_HG20C_30RH_h2o,h2o,frame_quality_summary.csv,D:\gas_calibrator\_p9_20260706\h2o_6old_0620clean_mature13_remaining_p003_p013_g5\p003_T20_HG20C_30RH_h2o\frame_quality_summary.csv,541,541,4446d42ab26033bd38c05897245ee52822fd8ba97510cba8e2a6d6a21ca0f50c,4446d42ab26033bd38c05897245ee52822fd8ba97510cba8e2a6d6a21ca0f50c,match
D:\gas_calibrator\_p9_20260706\h2o_6old_0620clean_mature13_remaining_p003_p013_g5\p003_T20_HG20C_30RH_h2o,h2o,runtime_config_snapshot.json,D:\gas_calibrator\_p9_20260706\h2o_6old_0620clean_mature13_remaining_p003_p013_g5\p003_T20_HG20C_30RH_h2o\runtime_config_snapshot.json,37670,37670,ebac91e07cd36447eb3cab43e7cbe48785b00d0f7bfbcf9fef709f72a9e810cf,ebac91e07cd36447eb3cab43e7cbe48785b00d0f7bfbcf9fef709f72a9e810cf,match
D:\gas_calibrator\_p9_20260706\h2o_6old_0620clean_mature13_remaining_p003_p013_g5\p003_T20_HG20C_30RH_h2o,h2o,samples_machine_readable.csv,D:\gas_calibrator\_p9_20260706\h2o_6old_0620clean_mature13_remaining_p003_p013_g5\p003_T20_HG20C_30RH_h2o\samples_machine_readable.csv,141460,141460,6f0cf086d02c3d385968c1aa9adb94c5735afa59e591264997c98acd68dc5bc7,6f0cf086d02c3d385968c1aa9adb94c5735afa59e591264997c98acd68dc5bc7,match
D:\gas_calibrator\_p9_20260706\h2o_6old_0620clean_mature13_remaining_p003_p013_g5\p004_T20_HG20C_50RH_h2o,h2o,formal_h2o_open_flow_sidecar_metadata.json,D:\gas_calibrator\_p9_20260706\h2o_6old_0620clean_mature13_remaining_p003_p013_g5\p004_T20_HG20C_50RH_h2o\formal_h2o_open_flow_sidecar_metadata.json,2112,2112,496de84aacd4c33b7143197e548b6c544d95b8a64a760a9177814c1e0a079031,496de84aacd4c33b7143197e548b6c544d95b8a64a760a9177814c1e0a079031,match
D:\gas_calibrator\_p9_20260706\h2o_6old_0620clean_mature13_remaining_p003_p013_g5\p004_T20_HG20C_50RH_h2o,h2o,frame_quality_summary.csv,D:\gas_calibrator\_p9_20260706\h2o_6old_0620clean_mature13_remaining_p003_p013_g5\p004_T20_HG20C_50RH_h2o\frame_quality_summary.csv,541,541,42065b967b7e5d8f89ac48b01dd5266871d4ba83ef21792f66f348182b69e263,42065b967b7e5d8f89ac48b01dd5266871d4ba83ef21792f66f348182b69e263,match
D:\gas_calibrator\_p9_20260706\h2o_6old_0620clean_mature13_remaining_p003_p013_g5\p004_T20_HG20C_50RH_h2o,h2o,runtime_config_snapshot.json,D:\gas_calibrator\_p9_20260706\h2o_6old_0620clean_mature13_remaining_p003_p013_g5\p004_T20_HG20C_50RH_h2o\runtime_config_snapshot.json,37670,37670,ebac91e07cd36447eb3cab43e7cbe48785b00d0f7bfbcf9fef709f72a9e810cf,ebac91e07cd36447eb3cab43e7cbe48785b00d0f7bfbcf9fef709f72a9e810cf,match
D:\gas_calibrator\_p9_20260706\h2o_6old_0620clean_mature13_remaining_p003_p013_g5\p004_T20_HG20C_50RH_h2o,h2o,samples_machine_readable.csv,D:\gas_calibrator\_p9_20260706\h2o_6old_0620clean_mature13_remaining_p003_p013_g5\p004_T20_HG20C_50RH_h2o\samples_machine_readable.csv,140896,140896,25a9b28d04a9c3686f1c4987296b37bdd69d8440bb5c2a60101aa8e67c67682a,25a9b28d04a9c3686f1c4987296b37bdd69d8440bb5c2a60101aa8e67c67682a,match
D:\gas_calibrator\_p9_20260706\h2o_6old_0620clean_mature13_remaining_p003_p013_g5\p005_T20_HG20C_70RH_h2o,h2o,formal_h2o_open_flow_sidecar_metadata.json,D:\gas_calibrator\_p9_20260706\h2o_6old_0620clean_mature13_remaining_p003_p013_g5\p005_T20_HG20C_70RH_h2o\formal_h2o_open_flow_sidecar_metadata.json,2113,2113,7c1441d75fdd3b1be2c379a4bcc5ef4fbcee4b4925a7f4c2b60f85a27b13d0c0,7c1441d75fdd3b1be2c379a4bcc5ef4fbcee4b4925a7f4c2b60f85a27b13d0c0,match
D:\gas_calibrator\_p9_20260706\h2o_6old_0620clean_mature13_remaining_p003_p013_g5\p005_T20_HG20C_70RH_h2o,h2o,frame_quality_summary.csv,D:\gas_calibrator\_p9_20260706\h2o_6old_0620clean_mature13_remaining_p003_p013_g5\p005_T20_HG20C_70RH_h2o\frame_quality_summary.csv,541,541,88491f8480b77888aef97585fb2fd759193b367cc9fd8a5f6a75619bd9dcc264,88491f8480b77888aef97585fb2fd759193b367cc9fd8a5f6a75619bd9dcc264,match
D:\gas_calibrator\_p9_20260706\h2o_6old_0620clean_mature13_remaining_p003_p013_g5\p005_T20_HG20C_70RH_h2o,h2o,runtime_config_snapshot.json,D:\gas_calibrator\_p9_20260706\h2o_6old_0620clean_mature13_remaining_p003_p013_g5\p005_T20_HG20C_70RH_h2o\runtime_config_snapshot.json,37670,37670,ebac91e07cd36447eb3cab43e7cbe48785b00d0f7bfbcf9fef709f72a9e810cf,ebac91e07cd36447eb3cab43e7cbe48785b00d0f7bfbcf9fef709f72a9e810cf,match
D:\gas_calibrator\_p9_20260706\h2o_6old_0620clean_mature13_remaining_p003_p013_g5\p005_T20_HG20C_70RH_h2o,h2o,samples_machine_readable.csv,D:\gas_calibrator\_p9_20260706\h2o_6old_0620clean_mature13_remaining_p003_p013_g5\p005_T20_HG20C_70RH_h2o\samples_machine_readable.csv,140975,140975,4c4f320a1a216f1f9191de618b08eca0b352ff95c4ec18e2fd93768d65c6260b,4c4f320a1a216f1f9191de618b08eca0b352ff95c4ec18e2fd93768d65c6260b,match
D:\gas_calibrator\_p9_20260706\h2o_6old_0620clean_mature13_remaining_p003_p013_g5\p006_T30_HG20C_30RH_h2o,h2o,formal_h2o_open_flow_sidecar_metadata.json,D:\gas_calibrator\_p9_20260706\h2o_6old_0620clean_mature13_remaining_p003_p013_g5\p006_T30_HG20C_30RH_h2o\formal_h2o_open_flow_sidecar_metadata.json,2111,2111,1e5d3a1753a25ca430e87a67924b72fe8fde85476ce02bd301c51fda297cf36e,1e5d3a1753a25ca430e87a67924b72fe8fde85476ce02bd301c51fda297cf36e,match
D:\gas_calibrator\_p9_20260706\h2o_6old_0620clean_mature13_remaining_p003_p013_g5\p006_T30_HG20C_30RH_h2o,h2o,frame_quality_summary.csv,D:\gas_calibrator\_p9_20260706\h2o_6old_0620clean_mature13_remaining_p003_p013_g5\p006_T30_HG20C_30RH_h2o\frame_quality_summary.csv,541,541,4446d42ab26033bd38c05897245ee52822fd8ba97510cba8e2a6d6a21ca0f50c,4446d42ab26033bd38c05897245ee52822fd8ba97510cba8e2a6d6a21ca0f50c,match
D:\gas_calibrator\_p9_20260706\h2o_6old_0620clean_mature13_remaining_p003_p013_g5\p006_T30_HG20C_30RH_h2o,h2o,runtime_config_snapshot.json,D:\gas_calibrator\_p9_20260706\h2o_6old_0620clean_mature13_remaining_p003_p013_g5\p006_T30_HG20C_30RH_h2o\runtime_config_snapshot.json,37670,37670,ebac91e07cd36447eb3cab43e7cbe48785b00d0f7bfbcf9fef709f72a9e810cf,ebac91e07cd36447eb3cab43e7cbe48785b00d0f7bfbcf9fef709f72a9e810cf,match
D:\gas_calibrator\_p9_20260706\h2o_6old_0620clean_mature13_remaining_p003_p013_g5\p006_T30_HG20C_30RH_h2o,h2o,samples_machine_readable.csv,D:\gas_calibrator\_p9_20260706\h2o_6old_0620clean_mature13_remaining_p003_p013_g5\p006_T30_HG20C_30RH_h2o\samples_machine_readable.csv,140820,140820,5904f4b2a9d1364692f30528050c81dcce211083e9a3b4e3c4e62042db9e50ce,5904f4b2a9d1364692f30528050c81dcce211083e9a3b4e3c4e62042db9e50ce,match
D:\gas_calibrator\_p9_20260706\h2o_6old_0620clean_mature13_remaining_p003_p013_g5\p007_T30_HG20C_50RH_h2o,h2o,formal_h2o_open_flow_sidecar_metadata.json,D:\gas_calibrator\_p9_20260706\h2o_6old_0620clean_mature13_remaining_p003_p013_g5\p007_T30_HG20C_50RH_h2o\formal_h2o_open_flow_sidecar_metadata.json,2112,2112,c5d3cbd2fa0a26ca353dcbe6fa23b322ba015792b406d478558ff16968fd48a4,c5d3cbd2fa0a26ca353dcbe6fa23b322ba015792b406d478558ff16968fd48a4,match
D:\gas_calibrator\_p9_20260706\h2o_6old_0620clean_mature13_remaining_p003_p013_g5\p007_T30_HG20C_50RH_h2o,h2o,frame_quality_summary.csv,D:\gas_calibrator\_p9_20260706\h2o_6old_0620clean_mature13_remaining_p003_p013_g5\p007_T30_HG20C_50RH_h2o\frame_quality_summary.csv,541,541,42065b967b7e5d8f89ac48b01dd5266871d4ba83ef21792f66f348182b69e263,42065b967b7e5d8f89ac48b01dd5266871d4ba83ef21792f66f348182b69e263,match
D:\gas_calibrator\_p9_20260706\h2o_6old_0620clean_mature13_remaining_p003_p013_g5\p007_T30_HG20C_50RH_h2o,h2o,runtime_config_snapshot.json,D:\gas_calibrator\_p9_20260706\h2o_6old_0620clean_mature13_remaining_p003_p013_g5\p007_T30_HG20C_50RH_h2o\runtime_config_snapshot.json,37670,37670,ebac91e07cd36447eb3cab43e7cbe48785b00d0f7bfbcf9fef709f72a9e810cf,ebac91e07cd36447eb3cab43e7cbe48785b00d0f7bfbcf9fef709f72a9e810cf,match
D:\gas_calibrator\_p9_20260706\h2o_6old_0620clean_mature13_remaining_p003_p013_g5\p007_T30_HG20C_50RH_h2o,h2o,samples_machine_readable.csv,D:\gas_calibrator\_p9_20260706\h2o_6old_0620clean_mature13_remaining_p003_p013_g5\p007_T30_HG20C_50RH_h2o\samples_machine_readable.csv,140774,140774,e224a714dded64029ade4d31d16637e923588fb80c4161ca88ee8429680f0953,e224a714dded64029ade4d31d16637e923588fb80c4161ca88ee8429680f0953,match
D:\gas_calibrator\_p9_20260706\h2o_6old_0620clean_mature13_remaining_p003_p013_g5\p008_T30_HG20C_70RH_h2o,h2o,formal_h2o_open_flow_sidecar_metadata.json,D:\gas_calibrator\_p9_20260706\h2o_6old_0620clean_mature13_remaining_p003_p013_g5\p008_T30_HG20C_70RH_h2o\formal_h2o_open_flow_sidecar_metadata.json,2113,2113,65b0dd80fa8f9e758afaba28f7acfa1de3b8831a095d88983e4ff3ebf40bbfb0,65b0dd80fa8f9e758afaba28f7acfa1de3b8831a095d88983e4ff3ebf40bbfb0,match
D:\gas_calibrator\_p9_20260706\h2o_6old_0620clean_mature13_remaining_p003_p013_g5\p008_T30_HG20C_70RH_h2o,h2o,frame_quality_summary.csv,D:\gas_calibrator\_p9_20260706\h2o_6old_0620clean_mature13_remaining_p003_p013_g5\p008_T30_HG20C_70RH_h2o\frame_quality_summary.csv,541,541,88491f8480b77888aef97585fb2fd759193b367cc9fd8a5f6a75619bd9dcc264,88491f8480b77888aef97585fb2fd759193b367cc9fd8a5f6a75619bd9dcc264,match
D:\gas_calibrator\_p9_20260706\h2o_6old_0620clean_mature13_remaining_p003_p013_g5\p008_T30_HG20C_70RH_h2o,h2o,runtime_config_snapshot.json,D:\gas_calibrator\_p9_20260706\h2o_6old_0620clean_mature13_remaining_p003_p013_g5\p008_T30_HG20C_70RH_h2o\runtime_config_snapshot.json,37670,37670,ebac91e07cd36447eb3cab43e7cbe48785b00d0f7bfbcf9fef709f72a9e810cf,ebac91e07cd36447eb3cab43e7cbe48785b00d0f7bfbcf9fef709f72a9e810cf,match
D:\gas_calibrator\_p9_20260706\h2o_6old_0620clean_mature13_remaining_p003_p013_g5\p008_T30_HG20C_70RH_h2o,h2o,samples_machine_readable.csv,D:\gas_calibrator\_p9_20260706\h2o_6old_0620clean_mature13_remaining_p003_p013_g5\p008_T30_HG20C_70RH_h2o\samples_machine_readable.csv,140898,140898,963301583707e45baa27876c2a8acae1334c30558092cbc9cf71edeeeb60d98c,963301583707e45baa27876c2a8acae1334c30558092cbc9cf71edeeeb60d98c,match
D:\gas_calibrator\_p9_20260706\h2o_6old_0620clean_mature13_remaining_p003_p013_g5\p009_T30_HG20C_90RH_h2o,h2o,formal_h2o_open_flow_sidecar_metadata.json,D:\gas_calibrator\_p9_20260706\h2o_6old_0620clean_mature13_remaining_p003_p013_g5\p009_T30_HG20C_90RH_h2o\formal_h2o_open_flow_sidecar_metadata.json,2112,2112,df5767e099cec5db60128e80f5d8b5c2e8fe93d14a25eaf27e53b2c288d344cf,df5767e099cec5db60128e80f5d8b5c2e8fe93d14a25eaf27e53b2c288d344cf,match
D:\gas_calibrator\_p9_20260706\h2o_6old_0620clean_mature13_remaining_p003_p013_g5\p009_T30_HG20C_90RH_h2o,h2o,frame_quality_summary.csv,D:\gas_calibrator\_p9_20260706\h2o_6old_0620clean_mature13_remaining_p003_p013_g5\p009_T30_HG20C_90RH_h2o\frame_quality_summary.csv,541,541,8e771f2a0bf32ab83ff5237c0b1c855d31c630750290c2313c1b87188cb369c1,8e771f2a0bf32ab83ff5237c0b1c855d31c630750290c2313c1b87188cb369c1,match
D:\gas_calibrator\_p9_20260706\h2o_6old_0620clean_mature13_remaining_p003_p013_g5\p009_T30_HG20C_90RH_h2o,h2o,runtime_config_snapshot.json,D:\gas_calibrator\_p9_20260706\h2o_6old_0620clean_mature13_remaining_p003_p013_g5\p009_T30_HG20C_90RH_h2o\runtime_config_snapshot.json,37670,37670,ebac91e07cd36447eb3cab43e7cbe48785b00d0f7bfbcf9fef709f72a9e810cf,ebac91e07cd36447eb3cab43e7cbe48785b00d0f7bfbcf9fef709f72a9e810cf,match
D:\gas_calibrator\_p9_20260706\h2o_6old_0620clean_mature13_remaining_p003_p013_g5\p009_T30_HG20C_90RH_h2o,h2o,samples_machine_readable.csv,D:\gas_calibrator\_p9_20260706\h2o_6old_0620clean_mature13_remaining_p003_p013_g5\p009_T30_HG20C_90RH_h2o\samples_machine_readable.csv,140943,140943,87b538115cffa99d8f54caf00faa85d25babf643f7b06d3a69592aa7e59716f8,87b538115cffa99d8f54caf00faa85d25babf643f7b06d3a69592aa7e59716f8,match
D:\gas_calibrator\_p9_20260706\h2o_6old_0620clean_mature13_remaining_p003_p013_g5\p010_T40_HG30C_50RH_h2o,h2o,formal_h2o_open_flow_sidecar_metadata.json,D:\gas_calibrator\_p9_20260706\h2o_6old_0620clean_mature13_remaining_p003_p013_g5\p010_T40_HG30C_50RH_h2o\formal_h2o_open_flow_sidecar_metadata.json,2113,2113,0b9492e97e29c853748646d9abfeba450a7a011d9ea65eb4491f147e00980fdf,0b9492e97e29c853748646d9abfeba450a7a011d9ea65eb4491f147e00980fdf,match
D:\gas_calibrator\_p9_20260706\h2o_6old_0620clean_mature13_remaining_p003_p013_g5\p010_T40_HG30C_50RH_h2o,h2o,frame_quality_summary.csv,D:\gas_calibrator\_p9_20260706\h2o_6old_0620clean_mature13_remaining_p003_p013_g5\p010_T40_HG30C_50RH_h2o\frame_quality_summary.csv,541,541,8e229be3c0b46ccba14bef99e8dfe571e29b595cb7c5647bdbe36d810328df26,8e229be3c0b46ccba14bef99e8dfe571e29b595cb7c5647bdbe36d810328df26,match
D:\gas_calibrator\_p9_20260706\h2o_6old_0620clean_mature13_remaining_p003_p013_g5\p010_T40_HG30C_50RH_h2o,h2o,runtime_config_snapshot.json,D:\gas_calibrator\_p9_20260706\h2o_6old_0620clean_mature13_remaining_p003_p013_g5\p010_T40_HG30C_50RH_h2o\runtime_config_snapshot.json,37670,37670,ebac91e07cd36447eb3cab43e7cbe48785b00d0f7bfbcf9fef709f72a9e810cf,ebac91e07cd36447eb3cab43e7cbe48785b00d0f7bfbcf9fef709f72a9e810cf,match
D:\gas_calibrator\_p9_20260706\h2o_6old_0620clean_mature13_remaining_p003_p013_g5\p010_T40_HG30C_50RH_h2o,h2o,samples_machine_readable.csv,D:\gas_calibrator\_p9_20260706\h2o_6old_0620clean_mature13_remaining_p003_p013_g5\p010_T40_HG30C_50RH_h2o\samples_machine_readable.csv,140914,140914,16b6f1e68234f26355c3ea5898822b9af1a7d0c2234ba0e6682d3bd1136fe839,16b6f1e68234f26355c3ea5898822b9af1a7d0c2234ba0e6682d3bd1136fe839,match
D:\gas_calibrator\_p9_20260706\h2o_6old_0620clean_mature13_remaining_p003_p013_g5\p011_T40_HG30C_70RH_h2o,h2o,formal_h2o_open_flow_sidecar_metadata.json,D:\gas_calibrator\_p9_20260706\h2o_6old_0620clean_mature13_remaining_p003_p013_g5\p011_T40_HG30C_70RH_h2o\formal_h2o_open_flow_sidecar_metadata.json,2113,2113,5f4f0b9ac7ff8d927b8d87ebdc692937698533e6a301306e632c5b33e40df4da,5f4f0b9ac7ff8d927b8d87ebdc692937698533e6a301306e632c5b33e40df4da,match
D:\gas_calibrator\_p9_20260706\h2o_6old_0620clean_mature13_remaining_p003_p013_g5\p011_T40_HG30C_70RH_h2o,h2o,frame_quality_summary.csv,D:\gas_calibrator\_p9_20260706\h2o_6old_0620clean_mature13_remaining_p003_p013_g5\p011_T40_HG30C_70RH_h2o\frame_quality_summary.csv,541,541,081d551a18690c01e6945f8a62027aa9ee8d3cdb9b47cc089edbb24f7b7b31fe,081d551a18690c01e6945f8a62027aa9ee8d3cdb9b47cc089edbb24f7b7b31fe,match
D:\gas_calibrator\_p9_20260706\h2o_6old_0620clean_mature13_remaining_p003_p013_g5\p011_T40_HG30C_70RH_h2o,h2o,runtime_config_snapshot.json,D:\gas_calibrator\_p9_20260706\h2o_6old_0620clean_mature13_remaining_p003_p013_g5\p011_T40_HG30C_70RH_h2o\runtime_config_snapshot.json,37670,37670,ebac91e07cd36447eb3cab43e7cbe48785b00d0f7bfbcf9fef709f72a9e810cf,ebac91e07cd36447eb3cab43e7cbe48785b00d0f7bfbcf9fef709f72a9e810cf,match
D:\gas_calibrator\_p9_20260706\h2o_6old_0620clean_mature13_remaining_p003_p013_g5\p011_T40_HG30C_70RH_h2o,h2o,samples_machine_readable.csv,D:\gas_calibrator\_p9_20260706\h2o_6old_0620clean_mature13_remaining_p003_p013_g5\p011_T40_HG30C_70RH_h2o\samples_machine_readable.csv,140951,140951,aad50baa446ed831e6b7d5c0e86418326e96f6ad4496338a2ae1b3c576402a27,aad50baa446ed831e6b7d5c0e86418326e96f6ad4496338a2ae1b3c576402a27,match
D:\gas_calibrator\_p9_20260706\h2o_post_senco24_write_verification_5dev_no_temp_control_v1\p001_T20_HG20C_30RH_h2o,h2o,formal_h2o_open_flow_sidecar_metadata.json,D:\gas_calibrator\_p9_20260706\h2o_post_senco24_write_verification_5dev_no_temp_control_v1\p001_T20_HG20C_30RH_h2o\formal_h2o_open_flow_sidecar_metadata.json,2111,2111,8d5827a1efa1a20a724b5870fe747718809ddd30e79a765c874887da73e62732,8d5827a1efa1a20a724b5870fe747718809ddd30e79a765c874887da73e62732,match
D:\gas_calibrator\_p9_20260706\h2o_post_senco24_write_verification_5dev_no_temp_control_v1\p001_T20_HG20C_30RH_h2o,h2o,frame_quality_summary.csv,D:\gas_calibrator\_p9_20260706\h2o_post_senco24_write_verification_5dev_no_temp_control_v1\p001_T20_HG20C_30RH_h2o\frame_quality_summary.csv,523,523,6fa690945724660f386fc6dfd03308d78d67d19cb0a5d80679996691020c28e0,6fa690945724660f386fc6dfd03308d78d67d19cb0a5d80679996691020c28e0,match
D:\gas_calibrator\_p9_20260706\h2o_post_senco24_write_verification_5dev_no_temp_control_v1\p001_T20_HG20C_30RH_h2o,h2o,runtime_config_snapshot.json,D:\gas_calibrator\_p9_20260706\h2o_post_senco24_write_verification_5dev_no_temp_control_v1\p001_T20_HG20C_30RH_h2o\runtime_config_snapshot.json,37679,37679,dbda6ec8d6973e21123cbda202bd4cf0930e9466b2a1a840bfaeb9be71ba854a,dbda6ec8d6973e21123cbda202bd4cf0930e9466b2a1a840bfaeb9be71ba854a,match
D:\gas_calibrator\_p9_20260706\h2o_post_senco24_write_verification_5dev_no_temp_control_v1\p001_T20_HG20C_30RH_h2o,h2o,samples_machine_readable.csv,D:\gas_calibrator\_p9_20260706\h2o_post_senco24_write_verification_5dev_no_temp_control_v1\p001_T20_HG20C_30RH_h2o\samples_machine_readable.csv,140498,140498,059602d346af760449c7d0d08b9fd808a65905b53392bf7818a89a1f776f63cc,059602d346af760449c7d0d08b9fd808a65905b53392bf7818a89a1f776f63cc,match
D:\gas_calibrator\_p9_20260706\h2o_post_senco24_write_verification_5dev_no_temp_control_v1\p002_T20_HG20C_70RH_h2o,h2o,formal_h2o_open_flow_sidecar_metadata.json,D:\gas_calibrator\_p9_20260706\h2o_post_senco24_write_verification_5dev_no_temp_control_v1\p002_T20_HG20C_70RH_h2o\formal_h2o_open_flow_sidecar_metadata.json,2113,2113,7edaa05b4406e944bbe4b0415c0742d71840a3ecb3261d7f3c91738d45430044,7edaa05b4406e944bbe4b0415c0742d71840a3ecb3261d7f3c91738d45430044,match
D:\gas_calibrator\_p9_20260706\h2o_post_senco24_write_verification_5dev_no_temp_control_v1\p002_T20_HG20C_70RH_h2o,h2o,frame_quality_summary.csv,D:\gas_calibrator\_p9_20260706\h2o_post_senco24_write_verification_5dev_no_temp_control_v1\p002_T20_HG20C_70RH_h2o\frame_quality_summary.csv,523,523,5571c7374f3beff18a87ae0c581b1053ee7aeba8352fd55d5e3769333b6c8875,5571c7374f3beff18a87ae0c581b1053ee7aeba8352fd55d5e3769333b6c8875,match
D:\gas_calibrator\_p9_20260706\h2o_post_senco24_write_verification_5dev_no_temp_control_v1\p002_T20_HG20C_70RH_h2o,h2o,runtime_config_snapshot.json,D:\gas_calibrator\_p9_20260706\h2o_post_senco24_write_verification_5dev_no_temp_control_v1\p002_T20_HG20C_70RH_h2o\runtime_config_snapshot.json,37679,37679,dbda6ec8d6973e21123cbda202bd4cf0930e9466b2a1a840bfaeb9be71ba854a,dbda6ec8d6973e21123cbda202bd4cf0930e9466b2a1a840bfaeb9be71ba854a,match
D:\gas_calibrator\_p9_20260706\h2o_post_senco24_write_verification_5dev_no_temp_control_v1\p002_T20_HG20C_70RH_h2o,h2o,samples_machine_readable.csv,D:\gas_calibrator\_p9_20260706\h2o_post_senco24_write_verification_5dev_no_temp_control_v1\p002_T20_HG20C_70RH_h2o\samples_machine_readable.csv,140708,140708,26d7aec0c832498e5dc21d99159b9bf112c1bed7618e357e0101350089d97964,26d7aec0c832498e5dc21d99159b9bf112c1bed7618e357e0101350089d97964,match
D:\gas_calibrator\_p9_20260706\h2o_post_senco24_write_verification_5dev_temp25_control_v1\p001_T25_HG25C_30RH_h2o,h2o,formal_h2o_open_flow_sidecar_metadata.json,D:\gas_calibrator\_p9_20260706\h2o_post_senco24_write_verification_5dev_temp25_control_v1\p001_T25_HG25C_30RH_h2o\formal_h2o_open_flow_sidecar_metadata.json,2112,2112,d78a778b1e262eefb8c4f204169b9159cc03d800f8e08d30481f5fcf60b527ed,d78a778b1e262eefb8c4f204169b9159cc03d800f8e08d30481f5fcf60b527ed,match
D:\gas_calibrator\_p9_20260706\h2o_post_senco24_write_verification_5dev_temp25_control_v1\p001_T25_HG25C_30RH_h2o,h2o,frame_quality_summary.csv,D:\gas_calibrator\_p9_20260706\h2o_post_senco24_write_verification_5dev_temp25_control_v1\p001_T25_HG25C_30RH_h2o\frame_quality_summary.csv,523,523,a75a17df90b13b90fa51f0b3a4daa0ab3bd77af40b9c9294fcf342a203cc7db9,a75a17df90b13b90fa51f0b3a4daa0ab3bd77af40b9c9294fcf342a203cc7db9,match
D:\gas_calibrator\_p9_20260706\h2o_post_senco24_write_verification_5dev_temp25_control_v1\p001_T25_HG25C_30RH_h2o,h2o,runtime_config_snapshot.json,D:\gas_calibrator\_p9_20260706\h2o_post_senco24_write_verification_5dev_temp25_control_v1\p001_T25_HG25C_30RH_h2o\runtime_config_snapshot.json,37678,37678,1f9a93479a9a0150a7539aba4d9c350f0300a499a779519a98597df631f42d98,1f9a93479a9a0150a7539aba4d9c350f0300a499a779519a98597df631f42d98,match
D:\gas_calibrator\_p9_20260706\h2o_post_senco24_write_verification_5dev_temp25_control_v1\p001_T25_HG25C_30RH_h2o,h2o,samples_machine_readable.csv,D:\gas_calibrator\_p9_20260706\h2o_post_senco24_write_verification_5dev_temp25_control_v1\p001_T25_HG25C_30RH_h2o\samples_machine_readable.csv,140564,140564,606a3871bd0fcc629159a948633e1e4d79c2cfe74b9cf7c63a4613de2272826c,606a3871bd0fcc629159a948633e1e4d79c2cfe74b9cf7c63a4613de2272826c,match
D:\gas_calibrator\_p9_20260706\h2o_post_senco24_write_verification_5dev_temp25_control_v1\p002_T25_HG25C_70RH_h2o,h2o,formal_h2o_open_flow_sidecar_metadata.json,D:\gas_calibrator\_p9_20260706\h2o_post_senco24_write_verification_5dev_temp25_control_v1\p002_T25_HG25C_70RH_h2o\formal_h2o_open_flow_sidecar_metadata.json,2113,2113,249ac95a98e3a847218c7548d040238d3d408a1ef264e7f0e73a73d28b04305b,249ac95a98e3a847218c7548d040238d3d408a1ef264e7f0e73a73d28b04305b,match
D:\gas_calibrator\_p9_20260706\h2o_post_senco24_write_verification_5dev_temp25_control_v1\p002_T25_HG25C_70RH_h2o,h2o,frame_quality_summary.csv,D:\gas_calibrator\_p9_20260706\h2o_post_senco24_write_verification_5dev_temp25_control_v1\p002_T25_HG25C_70RH_h2o\frame_quality_summary.csv,523,523,b4660c2203a47d3b85ed0b9b74fcf30e08c4a5f0222b16d253350932ebf64e63,b4660c2203a47d3b85ed0b9b74fcf30e08c4a5f0222b16d253350932ebf64e63,match
D:\gas_calibrator\_p9_20260706\h2o_post_senco24_write_verification_5dev_temp25_control_v1\p002_T25_HG25C_70RH_h2o,h2o,runtime_config_snapshot.json,D:\gas_calibrator\_p9_20260706\h2o_post_senco24_write_verification_5dev_temp25_control_v1\p002_T25_HG25C_70RH_h2o\runtime_config_snapshot.json,37678,37678,1f9a93479a9a0150a7539aba4d9c350f0300a499a779519a98597df631f42d98,1f9a93479a9a0150a7539aba4d9c350f0300a499a779519a98597df631f42d98,match
D:\gas_calibrator\_p9_20260706\h2o_post_senco24_write_verification_5dev_temp25_control_v1\p002_T25_HG25C_70RH_h2o,h2o,samples_machine_readable.csv,D:\gas_calibrator\_p9_20260706\h2o_post_senco24_write_verification_5dev_temp25_control_v1\p002_T25_HG25C_70RH_h2o\samples_machine_readable.csv,140738,140738,7587b20fc72ad2e06bc09f8b553e75809affc696ed644301e4717b98c9724e79,7587b20fc72ad2e06bc09f8b553e75809affc696ed644301e4717b98c9724e79,match
D:\gas_calibrator\_p9_20260706\h2o_state_transfer_diagnostic_25c_30rh_retry_v1\p001_T25_HG25C_30RH_h2o,h2o,formal_h2o_open_flow_sidecar_metadata.json,D:\gas_calibrator\_p9_20260706\h2o_state_transfer_diagnostic_25c_30rh_retry_v1\p001_T25_HG25C_30RH_h2o\formal_h2o_open_flow_sidecar_metadata.json,2112,2112,d78a778b1e262eefb8c4f204169b9159cc03d800f8e08d30481f5fcf60b527ed,d78a778b1e262eefb8c4f204169b9159cc03d800f8e08d30481f5fcf60b527ed,match
D:\gas_calibrator\_p9_20260706\h2o_state_transfer_diagnostic_25c_30rh_retry_v1\p001_T25_HG25C_30RH_h2o,h2o,frame_quality_summary.csv,D:\gas_calibrator\_p9_20260706\h2o_state_transfer_diagnostic_25c_30rh_retry_v1\p001_T25_HG25C_30RH_h2o\frame_quality_summary.csv,523,523,a75a17df90b13b90fa51f0b3a4daa0ab3bd77af40b9c9294fcf342a203cc7db9,a75a17df90b13b90fa51f0b3a4daa0ab3bd77af40b9c9294fcf342a203cc7db9,match
D:\gas_calibrator\_p9_20260706\h2o_state_transfer_diagnostic_25c_30rh_retry_v1\p001_T25_HG25C_30RH_h2o,h2o,runtime_config_snapshot.json,D:\gas_calibrator\_p9_20260706\h2o_state_transfer_diagnostic_25c_30rh_retry_v1\p001_T25_HG25C_30RH_h2o\runtime_config_snapshot.json,37667,37667,18d65b5276b278a6c5e3b016184c690b7e2b51c1d8bcb85e59af17a3318ef996,18d65b5276b278a6c5e3b016184c690b7e2b51c1d8bcb85e59af17a3318ef996,match
D:\gas_calibrator\_p9_20260706\h2o_state_transfer_diagnostic_25c_30rh_retry_v1\p001_T25_HG25C_30RH_h2o,h2o,samples_machine_readable.csv,D:\gas_calibrator\_p9_20260706\h2o_state_transfer_diagnostic_25c_30rh_retry_v1\p001_T25_HG25C_30RH_h2o\samples_machine_readable.csv,140570,140570,1afd934cd69ff375a781ce3c97a70ffb8b8f5ab3133a3c5abcdef9d4dd47dd8e,1afd934cd69ff375a781ce3c97a70ffb8b8f5ab3133a3c5abcdef9d4dd47dd8e,match
D:\gas_calibrator\_p9_20260706\h2o_state_transfer_diagnostic_25c_50rh_real_point_v1\p001_T25_HG25C_50RH_h2o,h2o,formal_h2o_open_flow_sidecar_metadata.json,D:\gas_calibrator\_p9_20260706\h2o_state_transfer_diagnostic_25c_50rh_real_point_v1\p001_T25_HG25C_50RH_h2o\formal_h2o_open_flow_sidecar_metadata.json,2114,2114,d867ca72633d151e945eede853c4c957d4f4a77c0478a568700a530cbaab2a14,d867ca72633d151e945eede853c4c957d4f4a77c0478a568700a530cbaab2a14,match
D:\gas_calibrator\_p9_20260706\h2o_state_transfer_diagnostic_25c_50rh_real_point_v1\p001_T25_HG25C_50RH_h2o,h2o,frame_quality_summary.csv,D:\gas_calibrator\_p9_20260706\h2o_state_transfer_diagnostic_25c_50rh_real_point_v1\p001_T25_HG25C_50RH_h2o\frame_quality_summary.csv,523,523,1c4a359243d77debd16b1b99ed7b5331d2f53a3db5aca803d7bce2d3a976c05d,1c4a359243d77debd16b1b99ed7b5331d2f53a3db5aca803d7bce2d3a976c05d,match
D:\gas_calibrator\_p9_20260706\h2o_state_transfer_diagnostic_25c_50rh_real_point_v1\p001_T25_HG25C_50RH_h2o,h2o,runtime_config_snapshot.json,D:\gas_calibrator\_p9_20260706\h2o_state_transfer_diagnostic_25c_50rh_real_point_v1\p001_T25_HG25C_50RH_h2o\runtime_config_snapshot.json,37672,37672,b2febdd3e38f42c83ff778007f4ab7c1cc32a070c444ab16271ac96ed95b0248,b2febdd3e38f42c83ff778007f4ab7c1cc32a070c444ab16271ac96ed95b0248,match
D:\gas_calibrator\_p9_20260706\h2o_state_transfer_diagnostic_25c_50rh_real_point_v1\p001_T25_HG25C_50RH_h2o,h2o,samples_machine_readable.csv,D:\gas_calibrator\_p9_20260706\h2o_state_transfer_diagnostic_25c_50rh_real_point_v1\p001_T25_HG25C_50RH_h2o\samples_machine_readable.csv,140716,140716,8ae75d9c4589af770b781a580a3644ea402d3b5a0550c90fdcfd8e2cbe1b9225,8ae75d9c4589af770b781a580a3644ea402d3b5a0550c90fdcfd8e2cbe1b9225,match
D:\gas_calibrator\_worktrees\v1_5_fixed_wait_window_gate_1aee26d_clean\_handoff\new_algo_001_init_20260627\formal\h2o_open_flow_0620_mature_20260628_live1\p001_T0_HG0C_50RH_h2o,h2o,formal_h2o_open_flow_sidecar_metadata.json,D:\gas_calibrator\_worktrees\v1_5_fixed_wait_window_gate_1aee26d_clean\_handoff\new_algo_001_init_20260627\formal\h2o_open_flow_0620_mature_20260628_live1\p001_T0_HG0C_50RH_h2o\formal_h2o_open_flow_sidecar_metadata.json,2081,2081,0fbf9fcb47b55de2c2d7c97b220c3c653614fa5d97099f0b5c05f5b95090f73d,0fbf9fcb47b55de2c2d7c97b220c3c653614fa5d97099f0b5c05f5b95090f73d,match
D:\gas_calibrator\_worktrees\v1_5_fixed_wait_window_gate_1aee26d_clean\_handoff\new_algo_001_init_20260627\formal\h2o_open_flow_0620_mature_20260628_live1\p001_T0_HG0C_50RH_h2o,h2o,frame_quality_summary.csv,D:\gas_calibrator\_worktrees\v1_5_fixed_wait_window_gate_1aee26d_clean\_handoff\new_algo_001_init_20260627\formal\h2o_open_flow_0620_mature_20260628_live1\p001_T0_HG0C_50RH_h2o\frame_quality_summary.csv,178,178,4e64d2541a77ebbc390e27b2c067bf79b580edd1ed20372ace0ae59ac616374b,4e64d2541a77ebbc390e27b2c067bf79b580edd1ed20372ace0ae59ac616374b,match
D:\gas_calibrator\_worktrees\v1_5_fixed_wait_window_gate_1aee26d_clean\_handoff\new_algo_001_init_20260627\formal\h2o_open_flow_0620_mature_20260628_live1\p001_T0_HG0C_50RH_h2o,h2o,runtime_config_snapshot.json,D:\gas_calibrator\_worktrees\v1_5_fixed_wait_window_gate_1aee26d_clean\_handoff\new_algo_001_init_20260627\formal\h2o_open_flow_0620_mature_20260628_live1\p001_T0_HG0C_50RH_h2o\runtime_config_snapshot.json,37147,37147,e6847f2be6af9364e0bc009320c2480143f66eba51b23d1eb12ec7b290ed584c,e6847f2be6af9364e0bc009320c2480143f66eba51b23d1eb12ec7b290ed584c,match
D:\gas_calibrator\_worktrees\v1_5_fixed_wait_window_gate_1aee26d_clean\_handoff\new_algo_001_init_20260627\formal\h2o_open_flow_0620_mature_20260628_live1\p001_T0_HG0C_50RH_h2o,h2o,samples_machine_readable.csv,D:\gas_calibrator\_worktrees\v1_5_fixed_wait_window_gate_1aee26d_clean\_handoff\new_algo_001_init_20260627\formal\h2o_open_flow_0620_mature_20260628_live1\p001_T0_HG0C_50RH_h2o\samples_machine_readable.csv,51911,51911,04122ff7cc6c197bdfe18c0584790f553968ecb1d4f3f863b36ee8d76037b919,04122ff7cc6c197bdfe18c0584790f553968ecb1d4f3f863b36ee8d76037b919,match
D:\gas_calibrator\_worktrees\v1_5_fixed_wait_window_gate_1aee26d_clean\_handoff\new_algo_001_init_20260627\formal\h2o_open_flow_0620_mature_20260628_live1\p002_T10_HG10C_30RH_h2o,h2o,formal_h2o_open_flow_sidecar_metadata.json,D:\gas_calibrator\_worktrees\v1_5_fixed_wait_window_gate_1aee26d_clean\_handoff\new_algo_001_init_20260627\formal\h2o_open_flow_0620_mature_20260628_live1\p002_T10_HG10C_30RH_h2o\formal_h2o_open_flow_sidecar_metadata.json,2083,2083,6afc0adf80a8f4ff31b0b5922c80604ec0956a13387614a040738842a5df0f19,6afc0adf80a8f4ff31b0b5922c80604ec0956a13387614a040738842a5df0f19,match
D:\gas_calibrator\_worktrees\v1_5_fixed_wait_window_gate_1aee26d_clean\_handoff\new_algo_001_init_20260627\formal\h2o_open_flow_0620_mature_20260628_live1\p002_T10_HG10C_30RH_h2o,h2o,frame_quality_summary.csv,D:\gas_calibrator\_worktrees\v1_5_fixed_wait_window_gate_1aee26d_clean\_handoff\new_algo_001_init_20260627\formal\h2o_open_flow_0620_mature_20260628_live1\p002_T10_HG10C_30RH_h2o\frame_quality_summary.csv,179,179,36c12445c9582ff545c4f1342bd4fdb6b9ae7af1cb2ebc3d93e55dc296e19b76,36c12445c9582ff545c4f1342bd4fdb6b9ae7af1cb2ebc3d93e55dc296e19b76,match
D:\gas_calibrator\_worktrees\v1_5_fixed_wait_window_gate_1aee26d_clean\_handoff\new_algo_001_init_20260627\formal\h2o_open_flow_0620_mature_20260628_live1\p002_T10_HG10C_30RH_h2o,h2o,runtime_config_snapshot.json,D:\gas_calibrator\_worktrees\v1_5_fixed_wait_window_gate_1aee26d_clean\_handoff\new_algo_001_init_20260627\formal\h2o_open_flow_0620_mature_20260628_live1\p002_T10_HG10C_30RH_h2o\runtime_config_snapshot.json,37147,37147,e6847f2be6af9364e0bc009320c2480143f66eba51b23d1eb12ec7b290ed584c,e6847f2be6af9364e0bc009320c2480143f66eba51b23d1eb12ec7b290ed584c,match
D:\gas_calibrator\_worktrees\v1_5_fixed_wait_window_gate_1aee26d_clean\_handoff\new_algo_001_init_20260627\formal\h2o_open_flow_0620_mature_20260628_live1\p002_T10_HG10C_30RH_h2o,h2o,samples_machine_readable.csv,D:\gas_calibrator\_worktrees\v1_5_fixed_wait_window_gate_1aee26d_clean\_handoff\new_algo_001_init_20260627\formal\h2o_open_flow_0620_mature_20260628_live1\p002_T10_HG10C_30RH_h2o\samples_machine_readable.csv,52109,52109,1603e8e72f738cb1d1257fb3432f07329424bc94f464d898c7234d367bcced16,1603e8e72f738cb1d1257fb3432f07329424bc94f464d898c7234d367bcced16,match
D:\gas_calibrator\_worktrees\v1_5_fixed_wait_window_gate_1aee26d_clean\_handoff\new_algo_001_init_20260627\formal\h2o_open_flow_0620_mature_20260628_live1\p003_T10_HG10C_50RH_h2o,h2o,formal_h2o_open_flow_sidecar_metadata.json,D:\gas_calibrator\_worktrees\v1_5_fixed_wait_window_gate_1aee26d_clean\_handoff\new_algo_001_init_20260627\formal\h2o_open_flow_0620_mature_20260628_live1\p003_T10_HG10C_50RH_h2o\formal_h2o_open_flow_sidecar_metadata.json,2083,2083,cf110ac584cf15bc698c245b3ce2953010d20be9216a865c1997f07186ff44f5,cf110ac584cf15bc698c245b3ce2953010d20be9216a865c1997f07186ff44f5,match
D:\gas_calibrator\_worktrees\v1_5_fixed_wait_window_gate_1aee26d_clean\_handoff\new_algo_001_init_20260627\formal\h2o_open_flow_0620_mature_20260628_live1\p003_T10_HG10C_50RH_h2o,h2o,frame_quality_summary.csv,D:\gas_calibrator\_worktrees\v1_5_fixed_wait_window_gate_1aee26d_clean\_handoff\new_algo_001_init_20260627\formal\h2o_open_flow_0620_mature_20260628_live1\p003_T10_HG10C_50RH_h2o\frame_quality_summary.csv,176,176,91e15dc74a4a62641a50ff947a1b1f64b57f043a0a4cf6570c2229f264c3f5cd,91e15dc74a4a62641a50ff947a1b1f64b57f043a0a4cf6570c2229f264c3f5cd,match
D:\gas_calibrator\_worktrees\v1_5_fixed_wait_window_gate_1aee26d_clean\_handoff\new_algo_001_init_20260627\formal\h2o_open_flow_0620_mature_20260628_live1\p003_T10_HG10C_50RH_h2o,h2o,runtime_config_snapshot.json,D:\gas_calibrator\_worktrees\v1_5_fixed_wait_window_gate_1aee26d_clean\_handoff\new_algo_001_init_20260627\formal\h2o_open_flow_0620_mature_20260628_live1\p003_T10_HG10C_50RH_h2o\runtime_config_snapshot.json,37147,37147,e6847f2be6af9364e0bc009320c2480143f66eba51b23d1eb12ec7b290ed584c,e6847f2be6af9364e0bc009320c2480143f66eba51b23d1eb12ec7b290ed584c,match
D:\gas_calibrator\_worktrees\v1_5_fixed_wait_window_gate_1aee26d_clean\_handoff\new_algo_001_init_20260627\formal\h2o_open_flow_0620_mature_20260628_live1\p003_T10_HG10C_50RH_h2o,h2o,samples_machine_readable.csv,D:\gas_calibrator\_worktrees\v1_5_fixed_wait_window_gate_1aee26d_clean\_handoff\new_algo_001_init_20260627\formal\h2o_open_flow_0620_mature_20260628_live1\p003_T10_HG10C_50RH_h2o\samples_machine_readable.csv,43172,43172,fe8291b1727b80f45435c5882f7faed18b190cc80e30fb4d483d663fbf77c5f6,fe8291b1727b80f45435c5882f7faed18b190cc80e30fb4d483d663fbf77c5f6,match
D:\gas_calibrator\_worktrees\v1_5_fixed_wait_window_gate_1aee26d_clean\_handoff\new_algo_001_init_20260627\formal\h2o_open_flow_0620_mature_20260628_live1\p004_T10_HG10C_70RH_h2o,h2o,formal_h2o_open_flow_sidecar_metadata.json,D:\gas_calibrator\_worktrees\v1_5_fixed_wait_window_gate_1aee26d_clean\_handoff\new_algo_001_init_20260627\formal\h2o_open_flow_0620_mature_20260628_live1\p004_T10_HG10C_70RH_h2o\formal_h2o_open_flow_sidecar_metadata.json,2083,2083,19663c34e96017fdea8a1080770dd474600b6e654ea9ccfe6dbbe347c0cd0da5,19663c34e96017fdea8a1080770dd474600b6e654ea9ccfe6dbbe347c0cd0da5,match
D:\gas_calibrator\_worktrees\v1_5_fixed_wait_window_gate_1aee26d_clean\_handoff\new_algo_001_init_20260627\formal\h2o_open_flow_0620_mature_20260628_live1\p004_T10_HG10C_70RH_h2o,h2o,frame_quality_summary.csv,D:\gas_calibrator\_worktrees\v1_5_fixed_wait_window_gate_1aee26d_clean\_handoff\new_algo_001_init_20260627\formal\h2o_open_flow_0620_mature_20260628_live1\p004_T10_HG10C_70RH_h2o\frame_quality_summary.csv,179,179,c09c746ea2441edd195362ae6229ba088b8a018d8ca9374bdf1cc86b735ef062,c09c746ea2441edd195362ae6229ba088b8a018d8ca9374bdf1cc86b735ef062,match
D:\gas_calibrator\_worktrees\v1_5_fixed_wait_window_gate_1aee26d_clean\_handoff\new_algo_001_init_20260627\formal\h2o_open_flow_0620_mature_20260628_live1\p004_T10_HG10C_70RH_h2o,h2o,runtime_config_snapshot.json,D:\gas_calibrator\_worktrees\v1_5_fixed_wait_window_gate_1aee26d_clean\_handoff\new_algo_001_init_20260627\formal\h2o_open_flow_0620_mature_20260628_live1\p004_T10_HG10C_70RH_h2o\runtime_config_snapshot.json,37147,37147,e6847f2be6af9364e0bc009320c2480143f66eba51b23d1eb12ec7b290ed584c,e6847f2be6af9364e0bc009320c2480143f66eba51b23d1eb12ec7b290ed584c,match
D:\gas_calibrator\_worktrees\v1_5_fixed_wait_window_gate_1aee26d_clean\_handoff\new_algo_001_init_20260627\formal\h2o_open_flow_0620_mature_20260628_live1\p004_T10_HG10C_70RH_h2o,h2o,samples_machine_readable.csv,D:\gas_calibrator\_worktrees\v1_5_fixed_wait_window_gate_1aee26d_clean\_handoff\new_algo_001_init_20260627\formal\h2o_open_flow_0620_mature_20260628_live1\p004_T10_HG10C_70RH_h2o\samples_machine_readable.csv,52091,52091,8457a774dab0709e0d3c66997e4d7951b3e28e7868f97e9e05f9a87541c48404,8457a774dab0709e0d3c66997e4d7951b3e28e7868f97e9e05f9a87541c48404,match
D:\gas_calibrator\_worktrees\v1_5_fixed_wait_window_gate_1aee26d_clean\_handoff\new_algo_001_init_20260627\formal\h2o_open_flow_0620_mature_20260628_live1\p005_T20_HG20C_30RH_h2o,h2o,formal_h2o_open_flow_sidecar_metadata.json,D:\gas_calibrator\_worktrees\v1_5_fixed_wait_window_gate_1aee26d_clean\_handoff\new_algo_001_init_20260627\formal\h2o_open_flow_0620_mature_20260628_live1\p005_T20_HG20C_30RH_h2o\formal_h2o_open_flow_sidecar_metadata.json,2083,2083,ccb522ca1106b3c7923cae0ad98612dadd5930b201421326787b2721065ad412,ccb522ca1106b3c7923cae0ad98612dadd5930b201421326787b2721065ad412,match
D:\gas_calibrator\_worktrees\v1_5_fixed_wait_window_gate_1aee26d_clean\_handoff\new_algo_001_init_20260627\formal\h2o_open_flow_0620_mature_20260628_live1\p005_T20_HG20C_30RH_h2o,h2o,frame_quality_summary.csv,D:\gas_calibrator\_worktrees\v1_5_fixed_wait_window_gate_1aee26d_clean\_handoff\new_algo_001_init_20260627\formal\h2o_open_flow_0620_mature_20260628_live1\p005_T20_HG20C_30RH_h2o\frame_quality_summary.csv,179,179,2987fd6001121bee652ce8d07055b7fbff9392954803bca07448d6e36c32395f,2987fd6001121bee652ce8d07055b7fbff9392954803bca07448d6e36c32395f,match
D:\gas_calibrator\_worktrees\v1_5_fixed_wait_window_gate_1aee26d_clean\_handoff\new_algo_001_init_20260627\formal\h2o_open_flow_0620_mature_20260628_live1\p005_T20_HG20C_30RH_h2o,h2o,runtime_config_snapshot.json,D:\gas_calibrator\_worktrees\v1_5_fixed_wait_window_gate_1aee26d_clean\_handoff\new_algo_001_init_20260627\formal\h2o_open_flow_0620_mature_20260628_live1\p005_T20_HG20C_30RH_h2o\runtime_config_snapshot.json,37147,37147,e6847f2be6af9364e0bc009320c2480143f66eba51b23d1eb12ec7b290ed584c,e6847f2be6af9364e0bc009320c2480143f66eba51b23d1eb12ec7b290ed584c,match
D:\gas_calibrator\_worktrees\v1_5_fixed_wait_window_gate_1aee26d_clean\_handoff\new_algo_001_init_20260627\formal\h2o_open_flow_0620_mature_20260628_live1\p005_T20_HG20C_30RH_h2o,h2o,samples_machine_readable.csv,D:\gas_calibrator\_worktrees\v1_5_fixed_wait_window_gate_1aee26d_clean\_handoff\new_algo_001_init_20260627\formal\h2o_open_flow_0620_mature_20260628_live1\p005_T20_HG20C_30RH_h2o\samples_machine_readable.csv,52207,52207,6b4453c82f9fec682ecbe6794e8862c45c6feb7daa630c10957586a3eaddca6d,6b4453c82f9fec682ecbe6794e8862c45c6feb7daa630c10957586a3eaddca6d,match
D:\gas_calibrator\_worktrees\v1_5_fixed_wait_window_gate_1aee26d_clean\_handoff\new_algo_001_init_20260627\formal\h2o_open_flow_0620_mature_20260628_live1\p006_T20_HG20C_50RH_h2o,h2o,formal_h2o_open_flow_sidecar_metadata.json,D:\gas_calibrator\_worktrees\v1_5_fixed_wait_window_gate_1aee26d_clean\_handoff\new_algo_001_init_20260627\formal\h2o_open_flow_0620_mature_20260628_live1\p006_T20_HG20C_50RH_h2o\formal_h2o_open_flow_sidecar_metadata.json,2084,2084,7d0dab5dedc3751d0a58511f0397a3e00bff1428bed275bac00d97773003b3c2,7d0dab5dedc3751d0a58511f0397a3e00bff1428bed275bac00d97773003b3c2,match
D:\gas_calibrator\_worktrees\v1_5_fixed_wait_window_gate_1aee26d_clean\_handoff\new_algo_001_init_20260627\formal\h2o_open_flow_0620_mature_20260628_live1\p006_T20_HG20C_50RH_h2o,h2o,frame_quality_summary.csv,D:\gas_calibrator\_worktrees\v1_5_fixed_wait_window_gate_1aee26d_clean\_handoff\new_algo_001_init_20260627\formal\h2o_open_flow_0620_mature_20260628_live1\p006_T20_HG20C_50RH_h2o\frame_quality_summary.csv,179,179,a555f719df6bc333a33efeae58579fb469b9104b83d4ec4dd10107eddd4ed9d0,a555f719df6bc333a33efeae58579fb469b9104b83d4ec4dd10107eddd4ed9d0,match
D:\gas_calibrator\_worktrees\v1_5_fixed_wait_window_gate_1aee26d_clean\_handoff\new_algo_001_init_20260627\formal\h2o_open_flow_0620_mature_20260628_live1\p006_T20_HG20C_50RH_h2o,h2o,runtime_config_snapshot.json,D:\gas_calibrator\_worktrees\v1_5_fixed_wait_window_gate_1aee26d_clean\_handoff\new_algo_001_init_20260627\formal\h2o_open_flow_0620_mature_20260628_live1\p006_T20_HG20C_50RH_h2o\runtime_config_snapshot.json,37147,37147,e6847f2be6af9364e0bc009320c2480143f66eba51b23d1eb12ec7b290ed584c,e6847f2be6af9364e0bc009320c2480143f66eba51b23d1eb12ec7b290ed584c,match
D:\gas_calibrator\_worktrees\v1_5_fixed_wait_window_gate_1aee26d_clean\_handoff\new_algo_001_init_20260627\formal\h2o_open_flow_0620_mature_20260628_live1\p006_T20_HG20C_50RH_h2o,h2o,samples_machine_readable.csv,D:\gas_calibrator\_worktrees\v1_5_fixed_wait_window_gate_1aee26d_clean\_handoff\new_algo_001_init_20260627\formal\h2o_open_flow_0620_mature_20260628_live1\p006_T20_HG20C_50RH_h2o\samples_machine_readable.csv,52244,52244,10b501e71f31071b5d30d5141e612d07dac6afba3ffabddf0b1245f50eecea12,10b501e71f31071b5d30d5141e612d07dac6afba3ffabddf0b1245f50eecea12,match
D:\gas_calibrator\_worktrees\v1_5_fixed_wait_window_gate_1aee26d_clean\_handoff\new_algo_001_init_20260627\formal\h2o_open_flow_0620_mature_20260628_live1\p007_T20_HG20C_70RH_h2o,h2o,formal_h2o_open_flow_sidecar_metadata.json,D:\gas_calibrator\_worktrees\v1_5_fixed_wait_window_gate_1aee26d_clean\_handoff\new_algo_001_init_20260627\formal\h2o_open_flow_0620_mature_20260628_live1\p007_T20_HG20C_70RH_h2o\formal_h2o_open_flow_sidecar_metadata.json,2085,2085,ebb9e125e38752dfa4312dc7ee66e0b090d687b31aceb0b5e3678fffc7c8b8dc,ebb9e125e38752dfa4312dc7ee66e0b090d687b31aceb0b5e3678fffc7c8b8dc,match
D:\gas_calibrator\_worktrees\v1_5_fixed_wait_window_gate_1aee26d_clean\_handoff\new_algo_001_init_20260627\formal\h2o_open_flow_0620_mature_20260628_live1\p007_T20_HG20C_70RH_h2o,h2o,frame_quality_summary.csv,D:\gas_calibrator\_worktrees\v1_5_fixed_wait_window_gate_1aee26d_clean\_handoff\new_algo_001_init_20260627\formal\h2o_open_flow_0620_mature_20260628_live1\p007_T20_HG20C_70RH_h2o\frame_quality_summary.csv,179,179,16ca0f8761c5a5dc0db318557dfa8cdc9cdca9d2b523e2870af5ed04c12a31ea,16ca0f8761c5a5dc0db318557dfa8cdc9cdca9d2b523e2870af5ed04c12a31ea,match
D:\gas_calibrator\_worktrees\v1_5_fixed_wait_window_gate_1aee26d_clean\_handoff\new_algo_001_init_20260627\formal\h2o_open_flow_0620_mature_20260628_live1\p007_T20_HG20C_70RH_h2o,h2o,runtime_config_snapshot.json,D:\gas_calibrator\_worktrees\v1_5_fixed_wait_window_gate_1aee26d_clean\_handoff\new_algo_001_init_20260627\formal\h2o_open_flow_0620_mature_20260628_live1\p007_T20_HG20C_70RH_h2o\runtime_config_snapshot.json,37147,37147,e6847f2be6af9364e0bc009320c2480143f66eba51b23d1eb12ec7b290ed584c,e6847f2be6af9364e0bc009320c2480143f66eba51b23d1eb12ec7b290ed584c,match
D:\gas_calibrator\_worktrees\v1_5_fixed_wait_window_gate_1aee26d_clean\_handoff\new_algo_001_init_20260627\formal\h2o_open_flow_0620_mature_20260628_live1\p007_T20_HG20C_70RH_h2o,h2o,samples_machine_readable.csv,D:\gas_calibrator\_worktrees\v1_5_fixed_wait_window_gate_1aee26d_clean\_handoff\new_algo_001_init_20260627\formal\h2o_open_flow_0620_mature_20260628_live1\p007_T20_HG20C_70RH_h2o\samples_machine_readable.csv,52323,52323,935e1d2f8e444f6129b01e2f6bbac5fa73b2ea433f38aa83e7b67e7728837065,935e1d2f8e444f6129b01e2f6bbac5fa73b2ea433f38aa83e7b67e7728837065,match
D:\gas_calibrator\_worktrees\v1_5_fixed_wait_window_gate_1aee26d_clean\_handoff\new_algo_001_init_20260627\formal\h2o_open_flow_0620_mature_20260628_live1\p008_T30_HG20C_30RH_h2o,h2o,formal_h2o_open_flow_sidecar_metadata.json,D:\gas_calibrator\_worktrees\v1_5_fixed_wait_window_gate_1aee26d_clean\_handoff\new_algo_001_init_20260627\formal\h2o_open_flow_0620_mature_20260628_live1\p008_T30_HG20C_30RH_h2o\formal_h2o_open_flow_sidecar_metadata.json,2083,2083,089dba7cbf0fd92b8cff6ca1f72e2163482c4812f80c9a95e02f3770ad85b8ce,089dba7cbf0fd92b8cff6ca1f72e2163482c4812f80c9a95e02f3770ad85b8ce,match
D:\gas_calibrator\_worktrees\v1_5_fixed_wait_window_gate_1aee26d_clean\_handoff\new_algo_001_init_20260627\formal\h2o_open_flow_0620_mature_20260628_live1\p008_T30_HG20C_30RH_h2o,h2o,frame_quality_summary.csv,D:\gas_calibrator\_worktrees\v1_5_fixed_wait_window_gate_1aee26d_clean\_handoff\new_algo_001_init_20260627\formal\h2o_open_flow_0620_mature_20260628_live1\p008_T30_HG20C_30RH_h2o\frame_quality_summary.csv,179,179,2987fd6001121bee652ce8d07055b7fbff9392954803bca07448d6e36c32395f,2987fd6001121bee652ce8d07055b7fbff9392954803bca07448d6e36c32395f,match
D:\gas_calibrator\_worktrees\v1_5_fixed_wait_window_gate_1aee26d_clean\_handoff\new_algo_001_init_20260627\formal\h2o_open_flow_0620_mature_20260628_live1\p008_T30_HG20C_30RH_h2o,h2o,runtime_config_snapshot.json,D:\gas_calibrator\_worktrees\v1_5_fixed_wait_window_gate_1aee26d_clean\_handoff\new_algo_001_init_20260627\formal\h2o_open_flow_0620_mature_20260628_live1\p008_T30_HG20C_30RH_h2o\runtime_config_snapshot.json,37147,37147,e6847f2be6af9364e0bc009320c2480143f66eba51b23d1eb12ec7b290ed584c,e6847f2be6af9364e0bc009320c2480143f66eba51b23d1eb12ec7b290ed584c,match
D:\gas_calibrator\_worktrees\v1_5_fixed_wait_window_gate_1aee26d_clean\_handoff\new_algo_001_init_20260627\formal\h2o_open_flow_0620_mature_20260628_live1\p008_T30_HG20C_30RH_h2o,h2o,samples_machine_readable.csv,D:\gas_calibrator\_worktrees\v1_5_fixed_wait_window_gate_1aee26d_clean\_handoff\new_algo_001_init_20260627\formal\h2o_open_flow_0620_mature_20260628_live1\p008_T30_HG20C_30RH_h2o\samples_machine_readable.csv,52295,52295,3a7a81437d7a6090e8a9bb8e2c2a7bade743c735c2bd1e594a026cfb0ee51cd6,3a7a81437d7a6090e8a9bb8e2c2a7bade743c735c2bd1e594a026cfb0ee51cd6,match
D:\gas_calibrator\_worktrees\v1_5_fixed_wait_window_gate_1aee26d_clean\_handoff\new_algo_001_init_20260627\formal\h2o_open_flow_0620_mature_20260628_live1\p009_T30_HG20C_50RH_h2o,h2o,formal_h2o_open_flow_sidecar_metadata.json,D:\gas_calibrator\_worktrees\v1_5_fixed_wait_window_gate_1aee26d_clean\_handoff\new_algo_001_init_20260627\formal\h2o_open_flow_0620_mature_20260628_live1\p009_T30_HG20C_50RH_h2o\formal_h2o_open_flow_sidecar_metadata.json,2084,2084,261597259d49b962c998a2b9576071fa5edc516025cf478afb86f14976dafac3,261597259d49b962c998a2b9576071fa5edc516025cf478afb86f14976dafac3,match
D:\gas_calibrator\_worktrees\v1_5_fixed_wait_window_gate_1aee26d_clean\_handoff\new_algo_001_init_20260627\formal\h2o_open_flow_0620_mature_20260628_live1\p009_T30_HG20C_50RH_h2o,h2o,frame_quality_summary.csv,D:\gas_calibrator\_worktrees\v1_5_fixed_wait_window_gate_1aee26d_clean\_handoff\new_algo_001_init_20260627\formal\h2o_open_flow_0620_mature_20260628_live1\p009_T30_HG20C_50RH_h2o\frame_quality_summary.csv,179,179,a555f719df6bc333a33efeae58579fb469b9104b83d4ec4dd10107eddd4ed9d0,a555f719df6bc333a33efeae58579fb469b9104b83d4ec4dd10107eddd4ed9d0,match
D:\gas_calibrator\_worktrees\v1_5_fixed_wait_window_gate_1aee26d_clean\_handoff\new_algo_001_init_20260627\formal\h2o_open_flow_0620_mature_20260628_live1\p009_T30_HG20C_50RH_h2o,h2o,runtime_config_snapshot.json,D:\gas_calibrator\_worktrees\v1_5_fixed_wait_window_gate_1aee26d_clean\_handoff\new_algo_001_init_20260627\formal\h2o_open_flow_0620_mature_20260628_live1\p009_T30_HG20C_50RH_h2o\runtime_config_snapshot.json,37147,37147,e6847f2be6af9364e0bc009320c2480143f66eba51b23d1eb12ec7b290ed584c,e6847f2be6af9364e0bc009320c2480143f66eba51b23d1eb12ec7b290ed584c,match
D:\gas_calibrator\_worktrees\v1_5_fixed_wait_window_gate_1aee26d_clean\_handoff\new_algo_001_init_20260627\formal\h2o_open_flow_0620_mature_20260628_live1\p009_T30_HG20C_50RH_h2o,h2o,samples_machine_readable.csv,D:\gas_calibrator\_worktrees\v1_5_fixed_wait_window_gate_1aee26d_clean\_handoff\new_algo_001_init_20260627\formal\h2o_open_flow_0620_mature_20260628_live1\p009_T30_HG20C_50RH_h2o\samples_machine_readable.csv,52232,52232,14a56785b0ae7c1547b5f126e2a042edec72a68a7fc18949e4c68d107b223b3d,14a56785b0ae7c1547b5f126e2a042edec72a68a7fc18949e4c68d107b223b3d,match
D:\gas_calibrator\_worktrees\v1_5_fixed_wait_window_gate_1aee26d_clean\_handoff\new_algo_001_init_20260627\formal\h2o_open_flow_0620_mature_20260628_live1\p010_T30_HG20C_70RH_h2o,h2o,formal_h2o_open_flow_sidecar_metadata.json,D:\gas_calibrator\_worktrees\v1_5_fixed_wait_window_gate_1aee26d_clean\_handoff\new_algo_001_init_20260627\formal\h2o_open_flow_0620_mature_20260628_live1\p010_T30_HG20C_70RH_h2o\formal_h2o_open_flow_sidecar_metadata.json,2085,2085,6f5b57e05fcaa0e3c9a546cc5ee619edb397ace89607031ff6341dd691831579,6f5b57e05fcaa0e3c9a546cc5ee619edb397ace89607031ff6341dd691831579,match
D:\gas_calibrator\_worktrees\v1_5_fixed_wait_window_gate_1aee26d_clean\_handoff\new_algo_001_init_20260627\formal\h2o_open_flow_0620_mature_20260628_live1\p010_T30_HG20C_70RH_h2o,h2o,frame_quality_summary.csv,D:\gas_calibrator\_worktrees\v1_5_fixed_wait_window_gate_1aee26d_clean\_handoff\new_algo_001_init_20260627\formal\h2o_open_flow_0620_mature_20260628_live1\p010_T30_HG20C_70RH_h2o\frame_quality_summary.csv,179,179,16ca0f8761c5a5dc0db318557dfa8cdc9cdca9d2b523e2870af5ed04c12a31ea,16ca0f8761c5a5dc0db318557dfa8cdc9cdca9d2b523e2870af5ed04c12a31ea,match
D:\gas_calibrator\_worktrees\v1_5_fixed_wait_window_gate_1aee26d_clean\_handoff\new_algo_001_init_20260627\formal\h2o_open_flow_0620_mature_20260628_live1\p010_T30_HG20C_70RH_h2o,h2o,runtime_config_snapshot.json,D:\gas_calibrator\_worktrees\v1_5_fixed_wait_window_gate_1aee26d_clean\_handoff\new_algo_001_init_20260627\formal\h2o_open_flow_0620_mature_20260628_live1\p010_T30_HG20C_70RH_h2o\runtime_config_snapshot.json,37147,37147,e6847f2be6af9364e0bc009320c2480143f66eba51b23d1eb12ec7b290ed584c,e6847f2be6af9364e0bc009320c2480143f66eba51b23d1eb12ec7b290ed584c,match
D:\gas_calibrator\_worktrees\v1_5_fixed_wait_window_gate_1aee26d_clean\_handoff\new_algo_001_init_20260627\formal\h2o_open_flow_0620_mature_20260628_live1\p010_T30_HG20C_70RH_h2o,h2o,samples_machine_readable.csv,D:\gas_calibrator\_worktrees\v1_5_fixed_wait_window_gate_1aee26d_clean\_handoff\new_algo_001_init_20260627\formal\h2o_open_flow_0620_mature_20260628_live1\p010_T30_HG20C_70RH_h2o\samples_machine_readable.csv,52288,52288,8f251505c7effeb7b518c801235cadf86cde0c2ab15e4c55e8f82aaa77a5051a,8f251505c7effeb7b518c801235cadf86cde0c2ab15e4c55e8f82aaa77a5051a,match
D:\gas_calibrator\_worktrees\v1_5_fixed_wait_window_gate_1aee26d_clean\_handoff\new_algo_001_init_20260627\formal\h2o_open_flow_0620_mature_20260628_live1\p011_T30_HG20C_90RH_h2o,h2o,formal_h2o_open_flow_sidecar_metadata.json,D:\gas_calibrator\_worktrees\v1_5_fixed_wait_window_gate_1aee26d_clean\_handoff\new_algo_001_init_20260627\formal\h2o_open_flow_0620_mature_20260628_live1\p011_T30_HG20C_90RH_h2o\formal_h2o_open_flow_sidecar_metadata.json,2084,2084,90961e9ad7bc328d6450f81c62e6f2e4e9d97caa3fec2ac89a7183d5b20108c1,90961e9ad7bc328d6450f81c62e6f2e4e9d97caa3fec2ac89a7183d5b20108c1,match
D:\gas_calibrator\_worktrees\v1_5_fixed_wait_window_gate_1aee26d_clean\_handoff\new_algo_001_init_20260627\formal\h2o_open_flow_0620_mature_20260628_live1\p011_T30_HG20C_90RH_h2o,h2o,frame_quality_summary.csv,D:\gas_calibrator\_worktrees\v1_5_fixed_wait_window_gate_1aee26d_clean\_handoff\new_algo_001_init_20260627\formal\h2o_open_flow_0620_mature_20260628_live1\p011_T30_HG20C_90RH_h2o\frame_quality_summary.csv,179,179,62822025e69f0c909aa9a1f06be88ab6842418e7bba3f4b94fc0096f6e346e89,62822025e69f0c909aa9a1f06be88ab6842418e7bba3f4b94fc0096f6e346e89,match
D:\gas_calibrator\_worktrees\v1_5_fixed_wait_window_gate_1aee26d_clean\_handoff\new_algo_001_init_20260627\formal\h2o_open_flow_0620_mature_20260628_live1\p011_T30_HG20C_90RH_h2o,h2o,runtime_config_snapshot.json,D:\gas_calibrator\_worktrees\v1_5_fixed_wait_window_gate_1aee26d_clean\_handoff\new_algo_001_init_20260627\formal\h2o_open_flow_0620_mature_20260628_live1\p011_T30_HG20C_90RH_h2o\runtime_config_snapshot.json,37147,37147,e6847f2be6af9364e0bc009320c2480143f66eba51b23d1eb12ec7b290ed584c,e6847f2be6af9364e0bc009320c2480143f66eba51b23d1eb12ec7b290ed584c,match
D:\gas_calibrator\_worktrees\v1_5_fixed_wait_window_gate_1aee26d_clean\_handoff\new_algo_001_init_20260627\formal\h2o_open_flow_0620_mature_20260628_live1\p011_T30_HG20C_90RH_h2o,h2o,samples_machine_readable.csv,D:\gas_calibrator\_worktrees\v1_5_fixed_wait_window_gate_1aee26d_clean\_handoff\new_algo_001_init_20260627\formal\h2o_open_flow_0620_mature_20260628_live1\p011_T30_HG20C_90RH_h2o\samples_machine_readable.csv,52341,52341,60d12c929bf95f640f88f891478da96157962d3268d809272c121bb2eeb34d25,60d12c929bf95f640f88f891478da96157962d3268d809272c121bb2eeb34d25,match
D:\gas_calibrator\_worktrees\v1_5_fixed_wait_window_gate_1aee26d_clean\_handoff\new_algo_001_init_20260627\formal\h2o_open_flow_0620_mature_20260628_live1\p012_T40_HG30C_50RH_h2o,h2o,formal_h2o_open_flow_sidecar_metadata.json,D:\gas_calibrator\_worktrees\v1_5_fixed_wait_window_gate_1aee26d_clean\_handoff\new_algo_001_init_20260627\formal\h2o_open_flow_0620_mature_20260628_live1\p012_T40_HG30C_50RH_h2o\formal_h2o_open_flow_sidecar_metadata.json,2085,2085,828f5b8b0987542784c92f1a959d66a7e8ed9602efa7fcc524fda9c36d76b4a2,828f5b8b0987542784c92f1a959d66a7e8ed9602efa7fcc524fda9c36d76b4a2,match
D:\gas_calibrator\_worktrees\v1_5_fixed_wait_window_gate_1aee26d_clean\_handoff\new_algo_001_init_20260627\formal\h2o_open_flow_0620_mature_20260628_live1\p012_T40_HG30C_50RH_h2o,h2o,frame_quality_summary.csv,D:\gas_calibrator\_worktrees\v1_5_fixed_wait_window_gate_1aee26d_clean\_handoff\new_algo_001_init_20260627\formal\h2o_open_flow_0620_mature_20260628_live1\p012_T40_HG30C_50RH_h2o\frame_quality_summary.csv,179,179,58a1ed2cc6aaca31ea2bd704cc9b0e193818860e312942517b02804260ddf7d8,58a1ed2cc6aaca31ea2bd704cc9b0e193818860e312942517b02804260ddf7d8,match
D:\gas_calibrator\_worktrees\v1_5_fixed_wait_window_gate_1aee26d_clean\_handoff\new_algo_001_init_20260627\formal\h2o_open_flow_0620_mature_20260628_live1\p012_T40_HG30C_50RH_h2o,h2o,runtime_config_snapshot.json,D:\gas_calibrator\_worktrees\v1_5_fixed_wait_window_gate_1aee26d_clean\_handoff\new_algo_001_init_20260627\formal\h2o_open_flow_0620_mature_20260628_live1\p012_T40_HG30C_50RH_h2o\runtime_config_snapshot.json,37147,37147,e6847f2be6af9364e0bc009320c2480143f66eba51b23d1eb12ec7b290ed584c,e6847f2be6af9364e0bc009320c2480143f66eba51b23d1eb12ec7b290ed584c,match
D:\gas_calibrator\_worktrees\v1_5_fixed_wait_window_gate_1aee26d_clean\_handoff\new_algo_001_init_20260627\formal\h2o_open_flow_0620_mature_20260628_live1\p012_T40_HG30C_50RH_h2o,h2o,samples_machine_readable.csv,D:\gas_calibrator\_worktrees\v1_5_fixed_wait_window_gate_1aee26d_clean\_handoff\new_algo_001_init_20260627\formal\h2o_open_flow_0620_mature_20260628_live1\p012_T40_HG30C_50RH_h2o\samples_machine_readable.csv,52237,52237,b9b969c94516a2c0d6963dbaea8245b9f938e583b4916da4dd193bf7aa325098,b9b969c94516a2c0d6963dbaea8245b9f938e583b4916da4dd193bf7aa325098,match
D:\gas_calibrator\_worktrees\v1_5_fixed_wait_window_gate_1aee26d_clean\_handoff\new_algo_001_init_20260627\formal\h2o_open_flow_0620_mature_20260628_live1\p013_T40_HG30C_70RH_h2o,h2o,formal_h2o_open_flow_sidecar_metadata.json,D:\gas_calibrator\_worktrees\v1_5_fixed_wait_window_gate_1aee26d_clean\_handoff\new_algo_001_init_20260627\formal\h2o_open_flow_0620_mature_20260628_live1\p013_T40_HG30C_70RH_h2o\formal_h2o_open_flow_sidecar_metadata.json,2085,2085,533b78996c6f55390ac9db2dd57c6ab17fd171cb90fb565d9d41f63d69e30e93,533b78996c6f55390ac9db2dd57c6ab17fd171cb90fb565d9d41f63d69e30e93,match
D:\gas_calibrator\_worktrees\v1_5_fixed_wait_window_gate_1aee26d_clean\_handoff\new_algo_001_init_20260627\formal\h2o_open_flow_0620_mature_20260628_live1\p013_T40_HG30C_70RH_h2o,h2o,frame_quality_summary.csv,D:\gas_calibrator\_worktrees\v1_5_fixed_wait_window_gate_1aee26d_clean\_handoff\new_algo_001_init_20260627\formal\h2o_open_flow_0620_mature_20260628_live1\p013_T40_HG30C_70RH_h2o\frame_quality_summary.csv,179,179,e1dcd8560d8053e99b2e9279d0f31a792ac17b149f80e131ff02e5cd0af68e4d,e1dcd8560d8053e99b2e9279d0f31a792ac17b149f80e131ff02e5cd0af68e4d,match
D:\gas_calibrator\_worktrees\v1_5_fixed_wait_window_gate_1aee26d_clean\_handoff\new_algo_001_init_20260627\formal\h2o_open_flow_0620_mature_20260628_live1\p013_T40_HG30C_70RH_h2o,h2o,runtime_config_snapshot.json,D:\gas_calibrator\_worktrees\v1_5_fixed_wait_window_gate_1aee26d_clean\_handoff\new_algo_001_init_20260627\formal\h2o_open_flow_0620_mature_20260628_live1\p013_T40_HG30C_70RH_h2o\runtime_config_snapshot.json,37147,37147,e6847f2be6af9364e0bc009320c2480143f66eba51b23d1eb12ec7b290ed584c,e6847f2be6af9364e0bc009320c2480143f66eba51b23d1eb12ec7b290ed584c,match
D:\gas_calibrator\_worktrees\v1_5_fixed_wait_window_gate_1aee26d_clean\_handoff\new_algo_001_init_20260627\formal\h2o_open_flow_0620_mature_20260628_live1\p013_T40_HG30C_70RH_h2o,h2o,samples_machine_readable.csv,D:\gas_calibrator\_worktrees\v1_5_fixed_wait_window_gate_1aee26d_clean\_handoff\new_algo_001_init_20260627\formal\h2o_open_flow_0620_mature_20260628_live1\p013_T40_HG30C_70RH_h2o\samples_machine_readable.csv,52312,52312,a47c53bf3fe8233778920e056bb0cec0f42778fc31b51bee1d76458f342ddf3c,a47c53bf3fe8233778920e056bb0cec0f42778fc31b51bee1d76458f342ddf3c,match
D:\gas_calibrator\_worktrees\v1_5_fixed_wait_window_gate_1aee26d_clean\_handoff\new_algo_001_init_20260627\formal\h2o_reverify_001_COM35_20260628\h2o_post_senco24_reverify_T20_HG20C_30RH_retry1,h2o,formal_h2o_open_flow_sidecar_metadata.json,D:\gas_calibrator\_worktrees\v1_5_fixed_wait_window_gate_1aee26d_clean\_handoff\new_algo_001_init_20260627\formal\h2o_reverify_001_COM35_20260628\h2o_post_senco24_reverify_T20_HG20C_30RH_retry1\formal_h2o_open_flow_sidecar_metadata.json,2107,2107,af5bb8eff2039338dc8136db7e6edbcc5fb072f695f8e899b94c1f203cc86d46,af5bb8eff2039338dc8136db7e6edbcc5fb072f695f8e899b94c1f203cc86d46,match
D:\gas_calibrator\_worktrees\v1_5_fixed_wait_window_gate_1aee26d_clean\_handoff\new_algo_001_init_20260627\formal\h2o_reverify_001_COM35_20260628\h2o_post_senco24_reverify_T20_HG20C_30RH_retry1,h2o,frame_quality_summary.csv,D:\gas_calibrator\_worktrees\v1_5_fixed_wait_window_gate_1aee26d_clean\_handoff\new_algo_001_init_20260627\formal\h2o_reverify_001_COM35_20260628\h2o_post_senco24_reverify_T20_HG20C_30RH_retry1\frame_quality_summary.csv,179,179,2987fd6001121bee652ce8d07055b7fbff9392954803bca07448d6e36c32395f,2987fd6001121bee652ce8d07055b7fbff9392954803bca07448d6e36c32395f,match
D:\gas_calibrator\_worktrees\v1_5_fixed_wait_window_gate_1aee26d_clean\_handoff\new_algo_001_init_20260627\formal\h2o_reverify_001_COM35_20260628\h2o_post_senco24_reverify_T20_HG20C_30RH_retry1,h2o,runtime_config_snapshot.json,D:\gas_calibrator\_worktrees\v1_5_fixed_wait_window_gate_1aee26d_clean\_handoff\new_algo_001_init_20260627\formal\h2o_reverify_001_COM35_20260628\h2o_post_senco24_reverify_T20_HG20C_30RH_retry1\runtime_config_snapshot.json,37796,37796,3823c47df5da22e3533c06e89bd06e237e395ce7dad69479ab00bf7e7636252a,3823c47df5da22e3533c06e89bd06e237e395ce7dad69479ab00bf7e7636252a,match
D:\gas_calibrator\_worktrees\v1_5_fixed_wait_window_gate_1aee26d_clean\_handoff\new_algo_001_init_20260627\formal\h2o_reverify_001_COM35_20260628\h2o_post_senco24_reverify_T20_HG20C_30RH_retry1,h2o,samples_machine_readable.csv,D:\gas_calibrator\_worktrees\v1_5_fixed_wait_window_gate_1aee26d_clean\_handoff\new_algo_001_init_20260627\formal\h2o_reverify_001_COM35_20260628\h2o_post_senco24_reverify_T20_HG20C_30RH_retry1\samples_machine_readable.csv,51081,51081,df4b6a237756e819e49b59f677e2d2dde69a40bad1a1e06028e65b47225301b8,df4b6a237756e819e49b59f677e2d2dde69a40bad1a1e06028e65b47225301b8,match
