task_id,priority,task_status,route_kind,point_name,point_dir,root_classification,lineage_classification,accepted_manifest_member,accepted_manifest_status,accepted_manifest_warning,same_physical_accepted_composite_alternative_exists,gap_codes,recommended_actions,same_point_evidence_only,cross_run_qc_direct_bind_allowed,automatic_qc_derivation_allowed,offline_evidence_recovery_review_allowed,continuous_route_attestation_allowed,formal_fit_allowed,formal_release_allowed,database_import_allowed
legacy_evidence_gap_0001,P3_forbidden_reference,forbidden_source_retain_diagnostic_only,co2,p001_T40_0ppm_fit,D:\gas_calibrator\_handoff\v1_5_formal_route_real_20260624\current6_20260624_r10_task_direct_continuous_nowrite\co2\p001_T40_0ppm_fit,forbidden_0624_or_migration,forbidden_0624_or_migration,False,,,False,"[""forbidden_0624_or_migration_source""]","[""retain_for_diagnostic_reference_only_never_promote""]",True,False,False,False,False,False,False,False
legacy_evidence_gap_0002,P3_forbidden_reference,forbidden_source_retain_diagnostic_only,co2,p002_T40_400ppm_fit,D:\gas_calibrator\_handoff\v1_5_formal_route_real_20260624\current6_20260624_r10_task_direct_continuous_nowrite\co2\p002_T40_400ppm_fit,forbidden_0624_or_migration,forbidden_0624_or_migration,False,,,False,"[""forbidden_0624_or_migration_source""]","[""retain_for_diagnostic_reference_only_never_promote""]",True,False,False,False,False,False,False,False
legacy_evidence_gap_0003,P3_forbidden_reference,forbidden_source_retain_diagnostic_only,co2,p003_T40_1000ppm_fit,D:\gas_calibrator\_handoff\v1_5_formal_route_real_20260624\current6_20260624_r10_task_direct_continuous_nowrite\co2\p003_T40_1000ppm_fit,forbidden_0624_or_migration,forbidden_0624_or_migration,False,,,False,"[""forbidden_0624_or_migration_source""]","[""retain_for_diagnostic_reference_only_never_promote""]",True,False,False,False,False,False,False,False
legacy_evidence_gap_0004,P3_forbidden_reference,forbidden_source_retain_diagnostic_only,co2,p004_T30_0ppm_fit,D:\gas_calibrator\_handoff\v1_5_formal_route_real_20260624\current6_20260624_r10_task_direct_continuous_nowrite\co2\p004_T30_0ppm_fit,forbidden_0624_or_migration,forbidden_0624_or_migration,False,,,False,"[""forbidden_0624_or_migration_source""]","[""retain_for_diagnostic_reference_only_never_promote""]",True,False,False,False,False,False,False,False
legacy_evidence_gap_0005,P3_forbidden_reference,forbidden_source_retain_diagnostic_only,co2,p005_T30_100ppm_fit,D:\gas_calibrator\_handoff\v1_5_formal_route_real_20260624\current6_20260624_r10_task_direct_continuous_nowrite\co2\p005_T30_100ppm_fit,forbidden_0624_or_migration,forbidden_0624_or_migration,False,,,False,"[""forbidden_0624_or_migration_source""]","[""retain_for_diagnostic_reference_only_never_promote""]",True,False,False,False,False,False,False,False
legacy_evidence_gap_0006,P3_forbidden_reference,forbidden_source_retain_diagnostic_only,co2,p006_T30_200ppm_fit,D:\gas_calibrator\_handoff\v1_5_formal_route_real_20260624\current6_20260624_r10_task_direct_continuous_nowrite\co2\p006_T30_200ppm_fit,forbidden_0624_or_migration,forbidden_0624_or_migration,False,,,False,"[""forbidden_0624_or_migration_source""]","[""retain_for_diagnostic_reference_only_never_promote""]",True,False,False,False,False,False,False,False
legacy_evidence_gap_0007,P3_forbidden_reference,forbidden_source_retain_diagnostic_only,co2,p007_T30_300ppm_fit,D:\gas_calibrator\_handoff\v1_5_formal_route_real_20260624\current6_20260624_r10_task_direct_continuous_nowrite\co2\p007_T30_300ppm_fit,forbidden_0624_or_migration,forbidden_0624_or_migration,False,,,False,"[""forbidden_0624_or_migration_source""]","[""retain_for_diagnostic_reference_only_never_promote""]",True,False,False,False,False,False,False,False
legacy_evidence_gap_0008,P3_forbidden_reference,forbidden_source_retain_diagnostic_only,co2,p008_T30_400ppm_fit,D:\gas_calibrator\_handoff\v1_5_formal_route_real_20260624\current6_20260624_r10_task_direct_continuous_nowrite\co2\p008_T30_400ppm_fit,forbidden_0624_or_migration,forbidden_0624_or_migration,False,,,False,"[""forbidden_0624_or_migration_source""]","[""retain_for_diagnostic_reference_only_never_promote""]",True,False,False,False,False,False,False,False
legacy_evidence_gap_0009,P3_forbidden_reference,forbidden_source_retain_diagnostic_only,co2,p009_T30_500ppm_fit,D:\gas_calibrator\_handoff\v1_5_formal_route_real_20260624\current6_20260624_r10_task_direct_continuous_nowrite\co2\p009_T30_500ppm_fit,forbidden_0624_or_migration,forbidden_0624_or_migration,False,,,False,"[""forbidden_0624_or_migration_source""]","[""retain_for_diagnostic_reference_only_never_promote""]",True,False,False,False,False,False,False,False
legacy_evidence_gap_0010,P3_forbidden_reference,forbidden_source_retain_diagnostic_only,co2,p010_T30_600ppm_fit,D:\gas_calibrator\_handoff\v1_5_formal_route_real_20260624\current6_20260624_r10_task_direct_continuous_nowrite\co2\p010_T30_600ppm_fit,forbidden_0624_or_migration,forbidden_0624_or_migration,False,,,False,"[""forbidden_0624_or_migration_source""]","[""retain_for_diagnostic_reference_only_never_promote""]",True,False,False,False,False,False,False,False
legacy_evidence_gap_0011,P3_forbidden_reference,forbidden_source_retain_diagnostic_only,co2,p011_T30_700ppm_fit,D:\gas_calibrator\_handoff\v1_5_formal_route_real_20260624\current6_20260624_r10_task_direct_continuous_nowrite\co2\p011_T30_700ppm_fit,forbidden_0624_or_migration,forbidden_0624_or_migration,False,,,False,"[""forbidden_0624_or_migration_source""]","[""retain_for_diagnostic_reference_only_never_promote""]",True,False,False,False,False,False,False,False
legacy_evidence_gap_0012,P3_forbidden_reference,forbidden_source_retain_diagnostic_only,co2,p012_T30_800ppm_fit,D:\gas_calibrator\_handoff\v1_5_formal_route_real_20260624\current6_20260624_r10_task_direct_continuous_nowrite\co2\p012_T30_800ppm_fit,forbidden_0624_or_migration,forbidden_0624_or_migration,False,,,False,"[""forbidden_0624_or_migration_source""]","[""retain_for_diagnostic_reference_only_never_promote""]",True,False,False,False,False,False,False,False
legacy_evidence_gap_0013,P3_forbidden_reference,forbidden_source_retain_diagnostic_only,co2,p013_T30_900ppm_fit,D:\gas_calibrator\_handoff\v1_5_formal_route_real_20260624\current6_20260624_r10_task_direct_continuous_nowrite\co2\p013_T30_900ppm_fit,forbidden_0624_or_migration,forbidden_0624_or_migration,False,,,False,"[""forbidden_0624_or_migration_source""]","[""retain_for_diagnostic_reference_only_never_promote""]",True,False,False,False,False,False,False,False
legacy_evidence_gap_0014,P3_forbidden_reference,forbidden_source_retain_diagnostic_only,co2,p014_T30_1000ppm_fit,D:\gas_calibrator\_handoff\v1_5_formal_route_real_20260624\current6_20260624_r10_task_direct_continuous_nowrite\co2\p014_T30_1000ppm_fit,forbidden_0624_or_migration,forbidden_0624_or_migration,False,,,False,"[""forbidden_0624_or_migration_source""]","[""retain_for_diagnostic_reference_only_never_promote""]",True,False,False,False,False,False,False,False
legacy_evidence_gap_0015,P3_forbidden_reference,forbidden_source_retain_diagnostic_only,co2,p015_T20_0ppm_fit,D:\gas_calibrator\_handoff\v1_5_formal_route_real_20260624\current6_20260624_r10_task_direct_continuous_nowrite\co2\p015_T20_0ppm_fit,forbidden_0624_or_migration,forbidden_0624_or_migration,False,,,False,"[""forbidden_0624_or_migration_source""]","[""retain_for_diagnostic_reference_only_never_promote""]",True,False,False,False,False,False,False,False
legacy_evidence_gap_0016,P3_forbidden_reference,forbidden_source_retain_diagnostic_only,co2,p016_T20_100ppm_fit,D:\gas_calibrator\_handoff\v1_5_formal_route_real_20260624\current6_20260624_r10_task_direct_continuous_nowrite\co2\p016_T20_100ppm_fit,forbidden_0624_or_migration,forbidden_0624_or_migration,False,,,False,"[""forbidden_0624_or_migration_source""]","[""retain_for_diagnostic_reference_only_never_promote""]",True,False,False,False,False,False,False,False
legacy_evidence_gap_0017,P3_forbidden_reference,forbidden_source_retain_diagnostic_only,co2,p017_T20_200ppm_fit,D:\gas_calibrator\_handoff\v1_5_formal_route_real_20260624\current6_20260624_r10_task_direct_continuous_nowrite\co2\p017_T20_200ppm_fit,forbidden_0624_or_migration,forbidden_0624_or_migration,False,,,False,"[""forbidden_0624_or_migration_source""]","[""retain_for_diagnostic_reference_only_never_promote""]",True,False,False,False,False,False,False,False
legacy_evidence_gap_0018,P3_forbidden_reference,forbidden_source_retain_diagnostic_only,co2,p018_T20_300ppm_fit,D:\gas_calibrator\_handoff\v1_5_formal_route_real_20260624\current6_20260624_r10_task_direct_continuous_nowrite\co2\p018_T20_300ppm_fit,forbidden_0624_or_migration,forbidden_0624_or_migration,False,,,False,"[""forbidden_0624_or_migration_source""]","[""retain_for_diagnostic_reference_only_never_promote""]",True,False,False,False,False,False,False,False
legacy_evidence_gap_0019,P3_forbidden_reference,forbidden_source_retain_diagnostic_only,co2,p019_T20_400ppm_fit,D:\gas_calibrator\_handoff\v1_5_formal_route_real_20260624\current6_20260624_r10_task_direct_continuous_nowrite\co2\p019_T20_400ppm_fit,forbidden_0624_or_migration,forbidden_0624_or_migration,False,,,False,"[""forbidden_0624_or_migration_source""]","[""retain_for_diagnostic_reference_only_never_promote""]",True,False,False,False,False,False,False,False
legacy_evidence_gap_0020,P3_forbidden_reference,forbidden_source_retain_diagnostic_only,co2,p020_T20_500ppm_fit,D:\gas_calibrator\_handoff\v1_5_formal_route_real_20260624\current6_20260624_r10_task_direct_continuous_nowrite\co2\p020_T20_500ppm_fit,forbidden_0624_or_migration,forbidden_0624_or_migration,False,,,False,"[""forbidden_0624_or_migration_source""]","[""retain_for_diagnostic_reference_only_never_promote""]",True,False,False,False,False,False,False,False
legacy_evidence_gap_0021,P3_forbidden_reference,forbidden_source_retain_diagnostic_only,co2,p021_T20_600ppm_fit,D:\gas_calibrator\_handoff\v1_5_formal_route_real_20260624\current6_20260624_r10_task_direct_continuous_nowrite\co2\p021_T20_600ppm_fit,forbidden_0624_or_migration,forbidden_0624_or_migration,False,,,False,"[""forbidden_0624_or_migration_source""]","[""retain_for_diagnostic_reference_only_never_promote""]",True,False,False,False,False,False,False,False
legacy_evidence_gap_0022,P3_forbidden_reference,forbidden_source_retain_diagnostic_only,co2,p022_T20_700ppm_fit,D:\gas_calibrator\_handoff\v1_5_formal_route_real_20260624\current6_20260624_r10_task_direct_continuous_nowrite\co2\p022_T20_700ppm_fit,forbidden_0624_or_migration,forbidden_0624_or_migration,False,,,False,"[""forbidden_0624_or_migration_source""]","[""retain_for_diagnostic_reference_only_never_promote""]",True,False,False,False,False,False,False,False
legacy_evidence_gap_0023,P3_forbidden_reference,forbidden_source_retain_diagnostic_only,co2,p023_T20_800ppm_fit,D:\gas_calibrator\_handoff\v1_5_formal_route_real_20260624\current6_20260624_r10_task_direct_continuous_nowrite\co2\p023_T20_800ppm_fit,forbidden_0624_or_migration,forbidden_0624_or_migration,False,,,False,"[""forbidden_0624_or_migration_source""]","[""retain_for_diagnostic_reference_only_never_promote""]",True,False,False,False,False,False,False,False
legacy_evidence_gap_0024,P3_forbidden_reference,forbidden_source_retain_diagnostic_only,co2,p024_T20_900ppm_fit,D:\gas_calibrator\_handoff\v1_5_formal_route_real_20260624\current6_20260624_r10_task_direct_continuous_nowrite\co2\p024_T20_900ppm_fit,forbidden_0624_or_migration,forbidden_0624_or_migration,False,,,False,"[""forbidden_0624_or_migration_source""]","[""retain_for_diagnostic_reference_only_never_promote""]",True,False,False,False,False,False,False,False
legacy_evidence_gap_0025,P3_forbidden_reference,forbidden_source_retain_diagnostic_only,co2,p025_T20_1000ppm_fit,D:\gas_calibrator\_handoff\v1_5_formal_route_real_20260624\current6_20260624_r10_task_direct_continuous_nowrite\co2\p025_T20_1000ppm_fit,forbidden_0624_or_migration,forbidden_0624_or_migration,False,,,False,"[""forbidden_0624_or_migration_source""]","[""retain_for_diagnostic_reference_only_never_promote""]",True,False,False,False,False,False,False,False
legacy_evidence_gap_0026,P3_forbidden_reference,forbidden_source_retain_diagnostic_only,co2,p026_T10_0ppm_fit,D:\gas_calibrator\_handoff\v1_5_formal_route_real_20260624\current6_20260624_r10_task_direct_continuous_nowrite\co2\p026_T10_0ppm_fit,forbidden_0624_or_migration,forbidden_0624_or_migration,False,,,False,"[""forbidden_0624_or_migration_source""]","[""retain_for_diagnostic_reference_only_never_promote""]",True,False,False,False,False,False,False,False
legacy_evidence_gap_0027,P3_forbidden_reference,forbidden_source_retain_diagnostic_only,co2,p027_T10_100ppm_fit,D:\gas_calibrator\_handoff\v1_5_formal_route_real_20260624\current6_20260624_r10_task_direct_continuous_nowrite\co2\p027_T10_100ppm_fit,forbidden_0624_or_migration,forbidden_0624_or_migration,False,,,False,"[""forbidden_0624_or_migration_source""]","[""retain_for_diagnostic_reference_only_never_promote""]",True,False,False,False,False,False,False,False
legacy_evidence_gap_0028,P3_forbidden_reference,forbidden_source_retain_diagnostic_only,co2,p028_T10_200ppm_fit,D:\gas_calibrator\_handoff\v1_5_formal_route_real_20260624\current6_20260624_r10_task_direct_continuous_nowrite\co2\p028_T10_200ppm_fit,forbidden_0624_or_migration,forbidden_0624_or_migration,False,,,False,"[""forbidden_0624_or_migration_source""]","[""retain_for_diagnostic_reference_only_never_promote""]",True,False,False,False,False,False,False,False
legacy_evidence_gap_0029,P3_forbidden_reference,forbidden_source_retain_diagnostic_only,co2,p029_T10_300ppm_fit,D:\gas_calibrator\_handoff\v1_5_formal_route_real_20260624\current6_20260624_r10_task_direct_continuous_nowrite\co2\p029_T10_300ppm_fit,forbidden_0624_or_migration,forbidden_0624_or_migration,False,,,False,"[""forbidden_0624_or_migration_source""]","[""retain_for_diagnostic_reference_only_never_promote""]",True,False,False,False,False,False,False,False
legacy_evidence_gap_0030,P3_forbidden_reference,forbidden_source_retain_diagnostic_only,co2,p030_T10_400ppm_fit,D:\gas_calibrator\_handoff\v1_5_formal_route_real_20260624\current6_20260624_r10_task_direct_continuous_nowrite\co2\p030_T10_400ppm_fit,forbidden_0624_or_migration,forbidden_0624_or_migration,False,,,False,"[""forbidden_0624_or_migration_source""]","[""retain_for_diagnostic_reference_only_never_promote""]",True,False,False,False,False,False,False,False
legacy_evidence_gap_0031,P3_forbidden_reference,forbidden_source_retain_diagnostic_only,co2,p031_T10_500ppm_fit,D:\gas_calibrator\_handoff\v1_5_formal_route_real_20260624\current6_20260624_r10_task_direct_continuous_nowrite\co2\p031_T10_500ppm_fit,forbidden_0624_or_migration,forbidden_0624_or_migration,False,,,False,"[""forbidden_0624_or_migration_source""]","[""retain_for_diagnostic_reference_only_never_promote""]",True,False,False,False,False,False,False,False
legacy_evidence_gap_0032,P3_forbidden_reference,forbidden_source_retain_diagnostic_only,co2,p032_T10_600ppm_fit,D:\gas_calibrator\_handoff\v1_5_formal_route_real_20260624\current6_20260624_r10_task_direct_continuous_nowrite\co2\p032_T10_600ppm_fit,forbidden_0624_or_migration,forbidden_0624_or_migration,False,,,False,"[""forbidden_0624_or_migration_source""]","[""retain_for_diagnostic_reference_only_never_promote""]",True,False,False,False,False,False,False,False
legacy_evidence_gap_0033,P3_forbidden_reference,forbidden_source_retain_diagnostic_only,co2,p033_T10_700ppm_fit,D:\gas_calibrator\_handoff\v1_5_formal_route_real_20260624\current6_20260624_r10_task_direct_continuous_nowrite\co2\p033_T10_700ppm_fit,forbidden_0624_or_migration,forbidden_0624_or_migration,False,,,False,"[""forbidden_0624_or_migration_source""]","[""retain_for_diagnostic_reference_only_never_promote""]",True,False,False,False,False,False,False,False
legacy_evidence_gap_0034,P3_forbidden_reference,forbidden_source_retain_diagnostic_only,co2,p034_T10_800ppm_fit,D:\gas_calibrator\_handoff\v1_5_formal_route_real_20260624\current6_20260624_r10_task_direct_continuous_nowrite\co2\p034_T10_800ppm_fit,forbidden_0624_or_migration,forbidden_0624_or_migration,False,,,False,"[""forbidden_0624_or_migration_source""]","[""retain_for_diagnostic_reference_only_never_promote""]",True,False,False,False,False,False,False,False
legacy_evidence_gap_0035,P3_forbidden_reference,forbidden_source_retain_diagnostic_only,co2,p035_T10_900ppm_fit,D:\gas_calibrator\_handoff\v1_5_formal_route_real_20260624\current6_20260624_r10_task_direct_continuous_nowrite\co2\p035_T10_900ppm_fit,forbidden_0624_or_migration,forbidden_0624_or_migration,False,,,False,"[""forbidden_0624_or_migration_source""]","[""retain_for_diagnostic_reference_only_never_promote""]",True,False,False,False,False,False,False,False
legacy_evidence_gap_0036,P3_forbidden_reference,forbidden_source_retain_diagnostic_only,co2,p036_T10_1000ppm_fit,D:\gas_calibrator\_handoff\v1_5_formal_route_real_20260624\current6_20260624_r10_task_direct_continuous_nowrite\co2\p036_T10_1000ppm_fit,forbidden_0624_or_migration,forbidden_0624_or_migration,False,,,False,"[""forbidden_0624_or_migration_source""]","[""retain_for_diagnostic_reference_only_never_promote""]",True,False,False,False,False,False,False,False
legacy_evidence_gap_0037,P3_forbidden_reference,forbidden_source_retain_diagnostic_only,co2,p037_T0_0ppm_fit,D:\gas_calibrator\_handoff\v1_5_formal_route_real_20260624\current6_20260624_r10_task_direct_continuous_nowrite\co2\p037_T0_0ppm_fit,forbidden_0624_or_migration,forbidden_0624_or_migration,False,,,False,"[""forbidden_0624_or_migration_source""]","[""retain_for_diagnostic_reference_only_never_promote""]",True,False,False,False,False,False,False,False
legacy_evidence_gap_0038,P3_forbidden_reference,forbidden_source_retain_diagnostic_only,co2,p038_T0_400ppm_fit,D:\gas_calibrator\_handoff\v1_5_formal_route_real_20260624\current6_20260624_r10_task_direct_continuous_nowrite\co2\p038_T0_400ppm_fit,forbidden_0624_or_migration,forbidden_0624_or_migration,False,,,False,"[""forbidden_0624_or_migration_source""]","[""retain_for_diagnostic_reference_only_never_promote""]",True,False,False,False,False,False,False,False
legacy_evidence_gap_0039,P3_forbidden_reference,forbidden_source_retain_diagnostic_only,co2,p039_T0_1000ppm_fit,D:\gas_calibrator\_handoff\v1_5_formal_route_real_20260624\current6_20260624_r10_task_direct_continuous_nowrite\co2\p039_T0_1000ppm_fit,forbidden_0624_or_migration,forbidden_0624_or_migration,False,,,False,"[""forbidden_0624_or_migration_source""]","[""retain_for_diagnostic_reference_only_never_promote""]",True,False,False,False,False,False,False,False
legacy_evidence_gap_0040,P3_forbidden_reference,forbidden_source_retain_diagnostic_only,co2,p040_Tm10_0ppm_fit,D:\gas_calibrator\_handoff\v1_5_formal_route_real_20260624\current6_20260624_r10_task_direct_continuous_nowrite\co2\p040_Tm10_0ppm_fit,forbidden_0624_or_migration,forbidden_0624_or_migration,False,,,False,"[""component_qc_missing"", ""forbidden_0624_or_migration_source"", ""frame_qc_missing"", ""point_samples_missing""]","[""retain_for_diagnostic_reference_only_never_promote""]",True,False,False,False,False,False,False,False
legacy_evidence_gap_0041,P3_forbidden_reference,forbidden_source_retain_diagnostic_only,co2,p041_Tm10_400ppm_fit,D:\gas_calibrator\_handoff\v1_5_formal_route_real_20260624\current6_20260624_r10_task_direct_continuous_nowrite\co2\p041_Tm10_400ppm_fit,forbidden_0624_or_migration,forbidden_0624_or_migration,False,,,False,"[""component_qc_missing"", ""forbidden_0624_or_migration_source"", ""frame_qc_missing"", ""point_samples_missing""]","[""retain_for_diagnostic_reference_only_never_promote""]",True,False,False,False,False,False,False,False
legacy_evidence_gap_0042,P3_forbidden_reference,forbidden_source_retain_diagnostic_only,co2,p042_Tm10_1000ppm_fit,D:\gas_calibrator\_handoff\v1_5_formal_route_real_20260624\current6_20260624_r10_task_direct_continuous_nowrite\co2\p042_Tm10_1000ppm_fit,forbidden_0624_or_migration,forbidden_0624_or_migration,False,,,False,"[""forbidden_0624_or_migration_source""]","[""retain_for_diagnostic_reference_only_never_promote""]",True,False,False,False,False,False,False,False
legacy_evidence_gap_0043,P3_forbidden_reference,forbidden_source_retain_diagnostic_only,co2,p043_Tm20_0ppm_fit,D:\gas_calibrator\_handoff\v1_5_formal_route_real_20260624\current6_20260624_r10_task_direct_continuous_nowrite\co2\p043_Tm20_0ppm_fit,forbidden_0624_or_migration,forbidden_0624_or_migration,False,,,False,"[""forbidden_0624_or_migration_source""]","[""retain_for_diagnostic_reference_only_never_promote""]",True,False,False,False,False,False,False,False
legacy_evidence_gap_0044,P3_forbidden_reference,forbidden_source_retain_diagnostic_only,co2,p044_Tm20_400ppm_fit,D:\gas_calibrator\_handoff\v1_5_formal_route_real_20260624\current6_20260624_r10_task_direct_continuous_nowrite\co2\p044_Tm20_400ppm_fit,forbidden_0624_or_migration,forbidden_0624_or_migration,False,,,False,"[""forbidden_0624_or_migration_source""]","[""retain_for_diagnostic_reference_only_never_promote""]",True,False,False,False,False,False,False,False
legacy_evidence_gap_0045,P3_forbidden_reference,forbidden_source_retain_diagnostic_only,co2,p045_Tm20_1000ppm_fit,D:\gas_calibrator\_handoff\v1_5_formal_route_real_20260624\current6_20260624_r10_task_direct_continuous_nowrite\co2\p045_Tm20_1000ppm_fit,forbidden_0624_or_migration,forbidden_0624_or_migration,False,,,False,"[""forbidden_0624_or_migration_source""]","[""retain_for_diagnostic_reference_only_never_promote""]",True,False,False,False,False,False,False,False
legacy_evidence_gap_0046,P3_forbidden_reference,forbidden_source_retain_diagnostic_only,co2,p001_T40_0ppm_fit,D:\gas_calibrator\_handoff\v1_5_formal_route_real_20260624\current6_20260624_r8_real_continuous_nowrite\co2\p001_T40_0ppm_fit,forbidden_0624_or_migration,forbidden_0624_or_migration,False,,,False,"[""component_qc_missing"", ""forbidden_0624_or_migration_source""]","[""retain_for_diagnostic_reference_only_never_promote""]",True,False,False,False,False,False,False,False
legacy_evidence_gap_0047,P3_forbidden_reference,forbidden_source_retain_diagnostic_only,co2,p002_T40_400ppm_fit,D:\gas_calibrator\_handoff\v1_5_formal_route_real_20260624\current6_20260624_r8_real_continuous_nowrite\co2\p002_T40_400ppm_fit,forbidden_0624_or_migration,forbidden_0624_or_migration,False,,,False,"[""component_qc_missing"", ""forbidden_0624_or_migration_source"", ""frame_qc_missing"", ""point_samples_missing""]","[""retain_for_diagnostic_reference_only_never_promote""]",True,False,False,False,False,False,False,False
legacy_evidence_gap_0048,P2_quality_traceability,manual_offline_evidence_review_required,co2,p019_Tm20_400ppm_fit_retry1,D:\gas_calibrator\_p9_20260705\co2_6old_0620clean_mature45_g10_Tm20_400_retry_finalparams\p019_Tm20_400ppm_fit_retry1,segmented_v1_5_point_evidence,segmented_retry_or_recovery,True,accepted,,False,"[""component_qc_missing"", ""retry_or_recovery_lineage_not_continuous""]","[""review_same_point_samples_and_frame_qc_for_component_qc_backfill"", ""preserve_segment_retry_recovery_lineage_never_claim_continuous_route""]",True,False,False,True,False,False,False,False
legacy_evidence_gap_0049,P2_quality_traceability,manual_offline_evidence_review_required,co2,p020_Tm20_1000ppm_fit,D:\gas_calibrator\_p9_20260705\co2_6old_0620clean_mature45_g11_Tm20_1000_direct_finalparams\p020_Tm20_1000ppm_fit,segmented_v1_5_point_evidence,segmented_retry_or_recovery,True,accepted,,False,"[""component_qc_missing"", ""retry_or_recovery_lineage_not_continuous""]","[""review_same_point_samples_and_frame_qc_for_component_qc_backfill"", ""preserve_segment_retry_recovery_lineage_never_claim_continuous_route""]",True,False,False,True,False,False,False,False
legacy_evidence_gap_0050,P2_quality_traceability,manual_offline_evidence_review_required,co2,p001_T40_0ppm_fit,D:\gas_calibrator\_p9_20260705\co2_6old_0620clean_mature45_g3_finalparams\p001_T40_0ppm_fit,segmented_v1_5_point_evidence,accepted_composite_member_diagnostic_only,True,accepted,,False,"[""accepted_composite_lineage_not_continuous"", ""component_qc_missing""]","[""review_same_point_samples_and_frame_qc_for_component_qc_backfill"", ""preserve_segment_retry_recovery_lineage_never_claim_continuous_route""]",True,False,False,True,False,False,False,False
legacy_evidence_gap_0051,P3_superseded_reference,superseded_attempt_retain_reference_only,co2,p002_T40_400ppm_fit,D:\gas_calibrator\_p9_20260705\co2_6old_0620clean_mature45_g3_finalparams\p002_T40_400ppm_fit,segmented_v1_5_point_evidence,segmented_point_evidence,False,,,True,"[""component_qc_missing"", ""frame_qc_missing"", ""point_samples_missing"", ""same_physical_accepted_composite_alternative_exists"", ""segmented_lineage_not_continuous""]","[""retain_original_attempt_and_reference_accepted_alternative_without_direct_binding"", ""preserve_segment_retry_recovery_lineage_never_claim_continuous_route""]",True,False,False,False,False,False,False,False
legacy_evidence_gap_0052,P2_quality_traceability,manual_offline_evidence_review_required,co2,p002_T40_400ppm_fit_retry1,D:\gas_calibrator\_p9_20260705\co2_6old_0620clean_mature45_g3_finalparams\p002_T40_400ppm_fit_retry1,segmented_v1_5_point_evidence,segmented_retry_or_recovery,True,accepted,,False,"[""component_qc_missing"", ""retry_or_recovery_lineage_not_continuous""]","[""review_same_point_samples_and_frame_qc_for_component_qc_backfill"", ""preserve_segment_retry_recovery_lineage_never_claim_continuous_route""]",True,False,False,True,False,False,False,False
legacy_evidence_gap_0053,P2_quality_traceability,manual_offline_evidence_review_required,co2,p003_T40_1000ppm_fit,D:\gas_calibrator\_p9_20260705\co2_6old_0620clean_mature45_g3_finalparams\p003_T40_1000ppm_fit,segmented_v1_5_point_evidence,accepted_composite_member_diagnostic_only,True,accepted_with_warning,parent_queue_stopped_context_but_point_log_and_route_timing_valid,False,"[""accepted_composite_lineage_not_continuous"", ""accepted_manifest_warning_requires_review"", ""component_qc_missing""]","[""review_same_point_samples_and_frame_qc_for_component_qc_backfill"", ""review_warning_without_clearing_original_acceptance_status"", ""preserve_segment_retry_recovery_lineage_never_claim_continuous_route""]",True,False,False,True,False,False,False,False
legacy_evidence_gap_0054,P2_quality_traceability,manual_offline_evidence_review_required,co2,p001_T30_0ppm_fit,D:\gas_calibrator\_p9_20260705\co2_6old_0620clean_mature45_g4_T30_to_Tm20_finalparams\p001_T30_0ppm_fit,segmented_v1_5_point_evidence,accepted_composite_member_diagnostic_only,True,accepted_with_warning,min_valid_frames_9;min_total_frames_9,False,"[""accepted_composite_lineage_not_continuous"", ""accepted_manifest_warning_requires_review"", ""component_qc_missing""]","[""review_same_point_samples_and_frame_qc_for_component_qc_backfill"", ""review_warning_without_clearing_original_acceptance_status"", ""preserve_segment_retry_recovery_lineage_never_claim_continuous_route""]",True,False,False,True,False,False,False,False
legacy_evidence_gap_0055,P2_quality_traceability,manual_offline_evidence_review_required,co2,p002_T30_100ppm_fit,D:\gas_calibrator\_p9_20260705\co2_6old_0620clean_mature45_g4_T30_to_Tm20_finalparams\p002_T30_100ppm_fit,segmented_v1_5_point_evidence,accepted_composite_member_diagnostic_only,True,accepted,,False,"[""accepted_composite_lineage_not_continuous"", ""component_qc_missing""]","[""review_same_point_samples_and_frame_qc_for_component_qc_backfill"", ""preserve_segment_retry_recovery_lineage_never_claim_continuous_route""]",True,False,False,True,False,False,False,False
legacy_evidence_gap_0056,P2_quality_traceability,manual_offline_evidence_review_required,co2,p003_T30_200ppm_fit,D:\gas_calibrator\_p9_20260705\co2_6old_0620clean_mature45_g4_T30_to_Tm20_finalparams\p003_T30_200ppm_fit,segmented_v1_5_point_evidence,accepted_composite_member_diagnostic_only,True,accepted,,False,"[""accepted_composite_lineage_not_continuous"", ""component_qc_missing""]","[""review_same_point_samples_and_frame_qc_for_component_qc_backfill"", ""preserve_segment_retry_recovery_lineage_never_claim_continuous_route""]",True,False,False,True,False,False,False,False
legacy_evidence_gap_0057,P2_quality_traceability,manual_offline_evidence_review_required,co2,p004_T30_300ppm_fit,D:\gas_calibrator\_p9_20260705\co2_6old_0620clean_mature45_g4_T30_to_Tm20_finalparams\p004_T30_300ppm_fit,segmented_v1_5_point_evidence,accepted_composite_member_diagnostic_only,True,accepted,,False,"[""accepted_composite_lineage_not_continuous"", ""component_qc_missing""]","[""review_same_point_samples_and_frame_qc_for_component_qc_backfill"", ""preserve_segment_retry_recovery_lineage_never_claim_continuous_route""]",True,False,False,True,False,False,False,False
legacy_evidence_gap_0058,P2_quality_traceability,manual_offline_evidence_review_required,co2,p005_T30_400ppm_fit,D:\gas_calibrator\_p9_20260705\co2_6old_0620clean_mature45_g4_T30_to_Tm20_finalparams\p005_T30_400ppm_fit,segmented_v1_5_point_evidence,accepted_composite_member_diagnostic_only,True,accepted,,False,"[""accepted_composite_lineage_not_continuous"", ""component_qc_missing""]","[""review_same_point_samples_and_frame_qc_for_component_qc_backfill"", ""preserve_segment_retry_recovery_lineage_never_claim_continuous_route""]",True,False,False,True,False,False,False,False
legacy_evidence_gap_0059,P2_quality_traceability,manual_offline_evidence_review_required,co2,p006_T30_500ppm_fit,D:\gas_calibrator\_p9_20260705\co2_6old_0620clean_mature45_g4_T30_to_Tm20_finalparams\p006_T30_500ppm_fit,segmented_v1_5_point_evidence,accepted_composite_member_diagnostic_only,True,accepted,,False,"[""accepted_composite_lineage_not_continuous"", ""component_qc_missing""]","[""review_same_point_samples_and_frame_qc_for_component_qc_backfill"", ""preserve_segment_retry_recovery_lineage_never_claim_continuous_route""]",True,False,False,True,False,False,False,False
legacy_evidence_gap_0060,P2_quality_traceability,manual_offline_evidence_review_required,co2,p007_T30_600ppm_fit,D:\gas_calibrator\_p9_20260705\co2_6old_0620clean_mature45_g4_T30_to_Tm20_finalparams\p007_T30_600ppm_fit,segmented_v1_5_point_evidence,accepted_composite_member_diagnostic_only,True,accepted,,False,"[""accepted_composite_lineage_not_continuous"", ""component_qc_missing""]","[""review_same_point_samples_and_frame_qc_for_component_qc_backfill"", ""preserve_segment_retry_recovery_lineage_never_claim_continuous_route""]",True,False,False,True,False,False,False,False
legacy_evidence_gap_0061,P2_quality_traceability,manual_offline_evidence_review_required,co2,p008_T30_700ppm_fit,D:\gas_calibrator\_p9_20260705\co2_6old_0620clean_mature45_g4_T30_to_Tm20_finalparams\p008_T30_700ppm_fit,segmented_v1_5_point_evidence,accepted_composite_member_diagnostic_only,True,accepted,,False,"[""accepted_composite_lineage_not_continuous"", ""component_qc_missing""]","[""review_same_point_samples_and_frame_qc_for_component_qc_backfill"", ""preserve_segment_retry_recovery_lineage_never_claim_continuous_route""]",True,False,False,True,False,False,False,False
legacy_evidence_gap_0062,P2_quality_traceability,manual_offline_evidence_review_required,co2,p009_T30_800ppm_fit,D:\gas_calibrator\_p9_20260705\co2_6old_0620clean_mature45_g4_T30_to_Tm20_finalparams\p009_T30_800ppm_fit,segmented_v1_5_point_evidence,accepted_composite_member_diagnostic_only,True,accepted,,False,"[""accepted_composite_lineage_not_continuous"", ""component_qc_missing""]","[""review_same_point_samples_and_frame_qc_for_component_qc_backfill"", ""preserve_segment_retry_recovery_lineage_never_claim_continuous_route""]",True,False,False,True,False,False,False,False
legacy_evidence_gap_0063,P2_quality_traceability,manual_offline_evidence_review_required,co2,p010_T30_900ppm_fit,D:\gas_calibrator\_p9_20260705\co2_6old_0620clean_mature45_g4_T30_to_Tm20_finalparams\p010_T30_900ppm_fit,segmented_v1_5_point_evidence,accepted_composite_member_diagnostic_only,True,accepted,,False,"[""accepted_composite_lineage_not_continuous"", ""component_qc_missing""]","[""review_same_point_samples_and_frame_qc_for_component_qc_backfill"", ""preserve_segment_retry_recovery_lineage_never_claim_continuous_route""]",True,False,False,True,False,False,False,False
legacy_evidence_gap_0064,P2_quality_traceability,manual_offline_evidence_review_required,co2,p011_T30_1000ppm_fit,D:\gas_calibrator\_p9_20260705\co2_6old_0620clean_mature45_g4_T30_to_Tm20_finalparams\p011_T30_1000ppm_fit,segmented_v1_5_point_evidence,accepted_composite_member_diagnostic_only,True,accepted,,False,"[""accepted_composite_lineage_not_continuous"", ""component_qc_missing""]","[""review_same_point_samples_and_frame_qc_for_component_qc_backfill"", ""preserve_segment_retry_recovery_lineage_never_claim_continuous_route""]",True,False,False,True,False,False,False,False
legacy_evidence_gap_0065,P2_quality_traceability,manual_offline_evidence_review_required,co2,p012_T20_0ppm_fit,D:\gas_calibrator\_p9_20260705\co2_6old_0620clean_mature45_g4_T30_to_Tm20_finalparams\p012_T20_0ppm_fit,segmented_v1_5_point_evidence,accepted_composite_member_diagnostic_only,True,accepted,,False,"[""accepted_composite_lineage_not_continuous"", ""component_qc_missing""]","[""review_same_point_samples_and_frame_qc_for_component_qc_backfill"", ""preserve_segment_retry_recovery_lineage_never_claim_continuous_route""]",True,False,False,True,False,False,False,False
legacy_evidence_gap_0066,P2_quality_traceability,manual_offline_evidence_review_required,co2,p013_T20_100ppm_fit,D:\gas_calibrator\_p9_20260705\co2_6old_0620clean_mature45_g4_T30_to_Tm20_finalparams\p013_T20_100ppm_fit,segmented_v1_5_point_evidence,accepted_composite_member_diagnostic_only,True,accepted,,False,"[""accepted_composite_lineage_not_continuous"", ""component_qc_missing""]","[""review_same_point_samples_and_frame_qc_for_component_qc_backfill"", ""preserve_segment_retry_recovery_lineage_never_claim_continuous_route""]",True,False,False,True,False,False,False,False
legacy_evidence_gap_0067,P2_quality_traceability,manual_offline_evidence_review_required,co2,p014_T20_200ppm_fit,D:\gas_calibrator\_p9_20260705\co2_6old_0620clean_mature45_g4_T30_to_Tm20_finalparams\p014_T20_200ppm_fit,segmented_v1_5_point_evidence,accepted_composite_member_diagnostic_only,True,accepted,,False,"[""accepted_composite_lineage_not_continuous"", ""component_qc_missing""]","[""review_same_point_samples_and_frame_qc_for_component_qc_backfill"", ""preserve_segment_retry_recovery_lineage_never_claim_continuous_route""]",True,False,False,True,False,False,False,False
legacy_evidence_gap_0068,P3_superseded_reference,superseded_attempt_retain_reference_only,co2,p016_T20_400ppm_fit,D:\gas_calibrator\_p9_20260705\co2_6old_0620clean_mature45_g4_T30_to_Tm20_finalparams\p016_T20_400ppm_fit,segmented_v1_5_point_evidence,segmented_point_evidence,False,,,True,"[""component_qc_missing"", ""same_physical_accepted_composite_alternative_exists"", ""segmented_lineage_not_continuous""]","[""retain_original_attempt_and_reference_accepted_alternative_without_direct_binding"", ""preserve_segment_retry_recovery_lineage_never_claim_continuous_route""]",True,False,False,False,False,False,False,False
legacy_evidence_gap_0069,P2_quality_traceability,manual_offline_evidence_review_required,co2,p015_T20_300ppm_fit_retry1,D:\gas_calibrator\_p9_20260705\co2_6old_0620clean_mature45_g5_T20_300_retry_finalparams\p015_T20_300ppm_fit_retry1,segmented_v1_5_point_evidence,segmented_retry_or_recovery,True,accepted,,False,"[""component_qc_missing"", ""retry_or_recovery_lineage_not_continuous""]","[""review_same_point_samples_and_frame_qc_for_component_qc_backfill"", ""preserve_segment_retry_recovery_lineage_never_claim_continuous_route""]",True,False,False,True,False,False,False,False
legacy_evidence_gap_0070,P2_quality_traceability,manual_offline_evidence_review_required,co2,p016_T20_400ppm_fit_retry1,D:\gas_calibrator\_p9_20260705\co2_6old_0620clean_mature45_g7_T20_400_retry_finalparams\p016_T20_400ppm_fit_retry1,segmented_v1_5_point_evidence,segmented_retry_or_recovery,True,accepted,,False,"[""component_qc_missing"", ""retry_or_recovery_lineage_not_continuous""]","[""review_same_point_samples_and_frame_qc_for_component_qc_backfill"", ""preserve_segment_retry_recovery_lineage_never_claim_continuous_route""]",True,False,False,True,False,False,False,False
legacy_evidence_gap_0071,P2_quality_traceability,manual_offline_evidence_review_required,co2,p017_T20_500ppm_fit_retry1,D:\gas_calibrator\_p9_20260705\co2_6old_0620clean_mature45_g8c_T20_500_direct_240purge_finalparams\p017_T20_500ppm_fit_retry1,segmented_v1_5_point_evidence,segmented_retry_or_recovery,True,accepted,,False,"[""component_qc_missing"", ""retry_or_recovery_lineage_not_continuous""]","[""review_same_point_samples_and_frame_qc_for_component_qc_backfill"", ""preserve_segment_retry_recovery_lineage_never_claim_continuous_route""]",True,False,False,True,False,False,False,False
legacy_evidence_gap_0072,P2_quality_traceability,manual_offline_evidence_review_required,co2,p018_T20_600ppm_fit_retry1,D:\gas_calibrator\_p9_20260705\co2_6old_0620clean_mature45_g8d_T20_600_direct_240purge_finalparams\p018_T20_600ppm_fit_retry1,segmented_v1_5_point_evidence,segmented_retry_or_recovery,True,accepted,,False,"[""component_qc_missing"", ""retry_or_recovery_lineage_not_continuous""]","[""review_same_point_samples_and_frame_qc_for_component_qc_backfill"", ""preserve_segment_retry_recovery_lineage_never_claim_continuous_route""]",True,False,False,True,False,False,False,False
legacy_evidence_gap_0073,P2_quality_traceability,manual_offline_evidence_review_required,co2,p019_T20_700ppm_fit_retry1,D:\gas_calibrator\_p9_20260705\co2_6old_0620clean_mature45_g8e_T20_700_direct_240purge_finalparams\p019_T20_700ppm_fit_retry1,segmented_v1_5_point_evidence,segmented_retry_or_recovery,True,accepted,,False,"[""component_qc_missing"", ""retry_or_recovery_lineage_not_continuous""]","[""review_same_point_samples_and_frame_qc_for_component_qc_backfill"", ""preserve_segment_retry_recovery_lineage_never_claim_continuous_route""]",True,False,False,True,False,False,False,False
legacy_evidence_gap_0074,P2_quality_traceability,manual_offline_evidence_review_required,co2,p020_T20_800ppm_fit_retry1,D:\gas_calibrator\_p9_20260705\co2_6old_0620clean_mature45_g8f_T20_800_direct_240purge_finalparams\p020_T20_800ppm_fit_retry1,segmented_v1_5_point_evidence,segmented_retry_or_recovery,True,accepted,,False,"[""component_qc_missing"", ""retry_or_recovery_lineage_not_continuous""]","[""review_same_point_samples_and_frame_qc_for_component_qc_backfill"", ""preserve_segment_retry_recovery_lineage_never_claim_continuous_route""]",True,False,False,True,False,False,False,False
legacy_evidence_gap_0075,P2_quality_traceability,manual_offline_evidence_review_required,co2,p021_T20_900ppm_fit_retry1,D:\gas_calibrator\_p9_20260705\co2_6old_0620clean_mature45_g8g_T20_900_direct_240purge_finalparams\p021_T20_900ppm_fit_retry1,segmented_v1_5_point_evidence,segmented_retry_or_recovery,True,accepted,,False,"[""component_qc_missing"", ""retry_or_recovery_lineage_not_continuous""]","[""review_same_point_samples_and_frame_qc_for_component_qc_backfill"", ""preserve_segment_retry_recovery_lineage_never_claim_continuous_route""]",True,False,False,True,False,False,False,False
legacy_evidence_gap_0076,P2_quality_traceability,manual_offline_evidence_review_required,co2,p022_T20_1000ppm_fit_retry1,D:\gas_calibrator\_p9_20260705\co2_6old_0620clean_mature45_g8h_T20_1000_direct_240purge_finalparams\p022_T20_1000ppm_fit_retry1,segmented_v1_5_point_evidence,segmented_retry_or_recovery,True,accepted,,False,"[""component_qc_missing"", ""retry_or_recovery_lineage_not_continuous""]","[""review_same_point_samples_and_frame_qc_for_component_qc_backfill"", ""preserve_segment_retry_recovery_lineage_never_claim_continuous_route""]",True,False,False,True,False,False,False,False
legacy_evidence_gap_0077,P2_quality_traceability,manual_offline_evidence_review_required,co2,p001_T10_0ppm_fit,D:\gas_calibrator\_p9_20260705\co2_6old_0620clean_mature45_g9_T10_to_Tm20_finalparams\p001_T10_0ppm_fit,segmented_v1_5_point_evidence,accepted_composite_member_diagnostic_only,True,accepted,,False,"[""accepted_composite_lineage_not_continuous"", ""component_qc_missing""]","[""review_same_point_samples_and_frame_qc_for_component_qc_backfill"", ""preserve_segment_retry_recovery_lineage_never_claim_continuous_route""]",True,False,False,True,False,False,False,False
legacy_evidence_gap_0078,P2_quality_traceability,manual_offline_evidence_review_required,co2,p002_T10_100ppm_fit,D:\gas_calibrator\_p9_20260705\co2_6old_0620clean_mature45_g9_T10_to_Tm20_finalparams\p002_T10_100ppm_fit,segmented_v1_5_point_evidence,accepted_composite_member_diagnostic_only,True,accepted,,False,"[""accepted_composite_lineage_not_continuous"", ""component_qc_missing""]","[""review_same_point_samples_and_frame_qc_for_component_qc_backfill"", ""preserve_segment_retry_recovery_lineage_never_claim_continuous_route""]",True,False,False,True,False,False,False,False
legacy_evidence_gap_0079,P2_quality_traceability,manual_offline_evidence_review_required,co2,p003_T10_200ppm_fit,D:\gas_calibrator\_p9_20260705\co2_6old_0620clean_mature45_g9_T10_to_Tm20_finalparams\p003_T10_200ppm_fit,segmented_v1_5_point_evidence,accepted_composite_member_diagnostic_only,True,accepted,,False,"[""accepted_composite_lineage_not_continuous"", ""component_qc_missing""]","[""review_same_point_samples_and_frame_qc_for_component_qc_backfill"", ""preserve_segment_retry_recovery_lineage_never_claim_continuous_route""]",True,False,False,True,False,False,False,False
legacy_evidence_gap_0080,P2_quality_traceability,manual_offline_evidence_review_required,co2,p004_T10_300ppm_fit,D:\gas_calibrator\_p9_20260705\co2_6old_0620clean_mature45_g9_T10_to_Tm20_finalparams\p004_T10_300ppm_fit,segmented_v1_5_point_evidence,accepted_composite_member_diagnostic_only,True,accepted,,False,"[""accepted_composite_lineage_not_continuous"", ""component_qc_missing""]","[""review_same_point_samples_and_frame_qc_for_component_qc_backfill"", ""preserve_segment_retry_recovery_lineage_never_claim_continuous_route""]",True,False,False,True,False,False,False,False
legacy_evidence_gap_0081,P2_quality_traceability,manual_offline_evidence_review_required,co2,p005_T10_400ppm_fit,D:\gas_calibrator\_p9_20260705\co2_6old_0620clean_mature45_g9_T10_to_Tm20_finalparams\p005_T10_400ppm_fit,segmented_v1_5_point_evidence,accepted_composite_member_diagnostic_only,True,accepted,,False,"[""accepted_composite_lineage_not_continuous"", ""component_qc_missing""]","[""review_same_point_samples_and_frame_qc_for_component_qc_backfill"", ""preserve_segment_retry_recovery_lineage_never_claim_continuous_route""]",True,False,False,True,False,False,False,False
legacy_evidence_gap_0082,P2_quality_traceability,manual_offline_evidence_review_required,co2,p006_T10_500ppm_fit,D:\gas_calibrator\_p9_20260705\co2_6old_0620clean_mature45_g9_T10_to_Tm20_finalparams\p006_T10_500ppm_fit,segmented_v1_5_point_evidence,accepted_composite_member_diagnostic_only,True,accepted,,False,"[""accepted_composite_lineage_not_continuous"", ""component_qc_missing""]","[""review_same_point_samples_and_frame_qc_for_component_qc_backfill"", ""preserve_segment_retry_recovery_lineage_never_claim_continuous_route""]",True,False,False,True,False,False,False,False
legacy_evidence_gap_0083,P2_quality_traceability,manual_offline_evidence_review_required,co2,p007_T10_600ppm_fit,D:\gas_calibrator\_p9_20260705\co2_6old_0620clean_mature45_g9_T10_to_Tm20_finalparams\p007_T10_600ppm_fit,segmented_v1_5_point_evidence,accepted_composite_member_diagnostic_only,True,accepted,,False,"[""accepted_composite_lineage_not_continuous"", ""component_qc_missing""]","[""review_same_point_samples_and_frame_qc_for_component_qc_backfill"", ""preserve_segment_retry_recovery_lineage_never_claim_continuous_route""]",True,False,False,True,False,False,False,False
legacy_evidence_gap_0084,P2_quality_traceability,manual_offline_evidence_review_required,co2,p008_T10_700ppm_fit,D:\gas_calibrator\_p9_20260705\co2_6old_0620clean_mature45_g9_T10_to_Tm20_finalparams\p008_T10_700ppm_fit,segmented_v1_5_point_evidence,accepted_composite_member_diagnostic_only,True,accepted,,False,"[""accepted_composite_lineage_not_continuous"", ""component_qc_missing""]","[""review_same_point_samples_and_frame_qc_for_component_qc_backfill"", ""preserve_segment_retry_recovery_lineage_never_claim_continuous_route""]",True,False,False,True,False,False,False,False
legacy_evidence_gap_0085,P2_quality_traceability,manual_offline_evidence_review_required,co2,p009_T10_800ppm_fit,D:\gas_calibrator\_p9_20260705\co2_6old_0620clean_mature45_g9_T10_to_Tm20_finalparams\p009_T10_800ppm_fit,segmented_v1_5_point_evidence,accepted_composite_member_diagnostic_only,True,accepted,,False,"[""accepted_composite_lineage_not_continuous"", ""component_qc_missing""]","[""review_same_point_samples_and_frame_qc_for_component_qc_backfill"", ""preserve_segment_retry_recovery_lineage_never_claim_continuous_route""]",True,False,False,True,False,False,False,False
legacy_evidence_gap_0086,P2_quality_traceability,manual_offline_evidence_review_required,co2,p010_T10_900ppm_fit,D:\gas_calibrator\_p9_20260705\co2_6old_0620clean_mature45_g9_T10_to_Tm20_finalparams\p010_T10_900ppm_fit,segmented_v1_5_point_evidence,accepted_composite_member_diagnostic_only,True,accepted,,False,"[""accepted_composite_lineage_not_continuous"", ""component_qc_missing""]","[""review_same_point_samples_and_frame_qc_for_component_qc_backfill"", ""preserve_segment_retry_recovery_lineage_never_claim_continuous_route""]",True,False,False,True,False,False,False,False
legacy_evidence_gap_0087,P2_quality_traceability,manual_offline_evidence_review_required,co2,p011_T10_1000ppm_fit,D:\gas_calibrator\_p9_20260705\co2_6old_0620clean_mature45_g9_T10_to_Tm20_finalparams\p011_T10_1000ppm_fit,segmented_v1_5_point_evidence,accepted_composite_member_diagnostic_only,True,accepted,,False,"[""accepted_composite_lineage_not_continuous"", ""component_qc_missing""]","[""review_same_point_samples_and_frame_qc_for_component_qc_backfill"", ""preserve_segment_retry_recovery_lineage_never_claim_continuous_route""]",True,False,False,True,False,False,False,False
legacy_evidence_gap_0088,P2_quality_traceability,manual_offline_evidence_review_required,co2,p012_T0_0ppm_fit,D:\gas_calibrator\_p9_20260705\co2_6old_0620clean_mature45_g9_T10_to_Tm20_finalparams\p012_T0_0ppm_fit,segmented_v1_5_point_evidence,accepted_composite_member_diagnostic_only,True,accepted,,False,"[""accepted_composite_lineage_not_continuous"", ""component_qc_missing""]","[""review_same_point_samples_and_frame_qc_for_component_qc_backfill"", ""preserve_segment_retry_recovery_lineage_never_claim_continuous_route""]",True,False,False,True,False,False,False,False
legacy_evidence_gap_0089,P2_quality_traceability,manual_offline_evidence_review_required,co2,p013_T0_400ppm_fit,D:\gas_calibrator\_p9_20260705\co2_6old_0620clean_mature45_g9_T10_to_Tm20_finalparams\p013_T0_400ppm_fit,segmented_v1_5_point_evidence,accepted_composite_member_diagnostic_only,True,accepted,,False,"[""accepted_composite_lineage_not_continuous"", ""component_qc_missing""]","[""review_same_point_samples_and_frame_qc_for_component_qc_backfill"", ""preserve_segment_retry_recovery_lineage_never_claim_continuous_route""]",True,False,False,True,False,False,False,False
legacy_evidence_gap_0090,P2_quality_traceability,manual_offline_evidence_review_required,co2,p014_T0_1000ppm_fit,D:\gas_calibrator\_p9_20260705\co2_6old_0620clean_mature45_g9_T10_to_Tm20_finalparams\p014_T0_1000ppm_fit,segmented_v1_5_point_evidence,accepted_composite_member_diagnostic_only,True,accepted,,False,"[""accepted_composite_lineage_not_continuous"", ""component_qc_missing""]","[""review_same_point_samples_and_frame_qc_for_component_qc_backfill"", ""preserve_segment_retry_recovery_lineage_never_claim_continuous_route""]",True,False,False,True,False,False,False,False
legacy_evidence_gap_0091,P2_quality_traceability,manual_offline_evidence_review_required,co2,p015_Tm10_0ppm_fit,D:\gas_calibrator\_p9_20260705\co2_6old_0620clean_mature45_g9_T10_to_Tm20_finalparams\p015_Tm10_0ppm_fit,segmented_v1_5_point_evidence,accepted_composite_member_diagnostic_only,True,accepted,,False,"[""accepted_composite_lineage_not_continuous"", ""component_qc_missing""]","[""review_same_point_samples_and_frame_qc_for_component_qc_backfill"", ""preserve_segment_retry_recovery_lineage_never_claim_continuous_route""]",True,False,False,True,False,False,False,False
legacy_evidence_gap_0092,P2_quality_traceability,manual_offline_evidence_review_required,co2,p016_Tm10_400ppm_fit,D:\gas_calibrator\_p9_20260705\co2_6old_0620clean_mature45_g9_T10_to_Tm20_finalparams\p016_Tm10_400ppm_fit,segmented_v1_5_point_evidence,accepted_composite_member_diagnostic_only,True,accepted,,False,"[""accepted_composite_lineage_not_continuous"", ""component_qc_missing""]","[""review_same_point_samples_and_frame_qc_for_component_qc_backfill"", ""preserve_segment_retry_recovery_lineage_never_claim_continuous_route""]",True,False,False,True,False,False,False,False
legacy_evidence_gap_0093,P2_quality_traceability,manual_offline_evidence_review_required,co2,p017_Tm10_1000ppm_fit,D:\gas_calibrator\_p9_20260705\co2_6old_0620clean_mature45_g9_T10_to_Tm20_finalparams\p017_Tm10_1000ppm_fit,segmented_v1_5_point_evidence,accepted_composite_member_diagnostic_only,True,accepted,,False,"[""accepted_composite_lineage_not_continuous"", ""component_qc_missing""]","[""review_same_point_samples_and_frame_qc_for_component_qc_backfill"", ""preserve_segment_retry_recovery_lineage_never_claim_continuous_route""]",True,False,False,True,False,False,False,False
legacy_evidence_gap_0094,P2_quality_traceability,manual_offline_evidence_review_required,co2,p018_Tm20_0ppm_fit,D:\gas_calibrator\_p9_20260705\co2_6old_0620clean_mature45_g9_T10_to_Tm20_finalparams\p018_Tm20_0ppm_fit,segmented_v1_5_point_evidence,accepted_composite_member_diagnostic_only,True,accepted,,False,"[""accepted_composite_lineage_not_continuous"", ""component_qc_missing""]","[""review_same_point_samples_and_frame_qc_for_component_qc_backfill"", ""preserve_segment_retry_recovery_lineage_never_claim_continuous_route""]",True,False,False,True,False,False,False,False
legacy_evidence_gap_0095,P3_superseded_reference,superseded_attempt_retain_reference_only,co2,p001_T40_0ppm_mature0621_entry_live_20260705_r1,D:\gas_calibrator\_p9_20260705\co2_6old_mature0621_entry_live_p001_T40_0ppm_20260705_r1\p001_T40_0ppm_mature0621_entry_live_20260705_r1,segmented_v1_5_point_evidence,segmented_point_evidence,False,,,True,"[""component_qc_missing"", ""frame_qc_missing"", ""point_samples_missing"", ""same_physical_accepted_composite_alternative_exists"", ""segmented_lineage_not_continuous""]","[""retain_original_attempt_and_reference_accepted_alternative_without_direct_binding"", ""preserve_segment_retry_recovery_lineage_never_claim_continuous_route""]",True,False,False,False,False,False,False,False
legacy_evidence_gap_0096,P3_superseded_reference,superseded_attempt_retain_reference_only,co2,p001_T40_0ppm_mature0621_entry_live_20260705_r2,D:\gas_calibrator\_p9_20260705\co2_6old_mature0621_entry_live_p001_T40_0ppm_20260705_r2\p001_T40_0ppm_mature0621_entry_live_20260705_r2,segmented_v1_5_point_evidence,segmented_point_evidence,False,,,True,"[""component_qc_missing"", ""frame_qc_missing"", ""point_samples_missing"", ""same_physical_accepted_composite_alternative_exists"", ""segmented_lineage_not_continuous""]","[""retain_original_attempt_and_reference_accepted_alternative_without_direct_binding"", ""preserve_segment_retry_recovery_lineage_never_claim_continuous_route""]",True,False,False,False,False,False,False,False
legacy_evidence_gap_0097,P3_superseded_reference,superseded_attempt_retain_reference_only,co2,p001_T40_0ppm_mature0621_entry_live_20260705_r3,D:\gas_calibrator\_p9_20260705\co2_6old_mature0621_entry_live_p001_T40_0ppm_20260705_r3\p001_T40_0ppm_mature0621_entry_live_20260705_r3,segmented_v1_5_point_evidence,segmented_point_evidence,False,,,True,"[""component_qc_missing"", ""frame_qc_missing"", ""point_samples_missing"", ""same_physical_accepted_composite_alternative_exists"", ""segmented_lineage_not_continuous""]","[""retain_original_attempt_and_reference_accepted_alternative_without_direct_binding"", ""preserve_segment_retry_recovery_lineage_never_claim_continuous_route""]",True,False,False,False,False,False,False,False
legacy_evidence_gap_0098,P3_superseded_reference,superseded_attempt_retain_reference_only,co2,p001_T40_0ppm_mature0621_entry_live_20260705_r4,D:\gas_calibrator\_p9_20260705\co2_6old_mature0621_entry_live_p001_T40_0ppm_20260705_r4\p001_T40_0ppm_mature0621_entry_live_20260705_r4,segmented_v1_5_point_evidence,segmented_point_evidence,False,,,True,"[""component_qc_missing"", ""same_physical_accepted_composite_alternative_exists"", ""segmented_lineage_not_continuous""]","[""retain_original_attempt_and_reference_accepted_alternative_without_direct_binding"", ""preserve_segment_retry_recovery_lineage_never_claim_continuous_route""]",True,False,False,False,False,False,False,False
legacy_evidence_gap_0099,P3_superseded_reference,superseded_attempt_retain_reference_only,co2,p002_T40_400ppm_mature0621_entry_live_20260705_r1,D:\gas_calibrator\_p9_20260705\co2_6old_mature0621_entry_live_p002_T40_400ppm_20260705_r1\p002_T40_400ppm_mature0621_entry_live_20260705_r1,segmented_v1_5_point_evidence,segmented_point_evidence,False,,,True,"[""component_qc_missing"", ""same_physical_accepted_composite_alternative_exists"", ""segmented_lineage_not_continuous""]","[""retain_original_attempt_and_reference_accepted_alternative_without_direct_binding"", ""preserve_segment_retry_recovery_lineage_never_claim_continuous_route""]",True,False,False,False,False,False,False,False
legacy_evidence_gap_0100,P2_quality_traceability,manual_offline_evidence_review_required,co2,p001_T40_0ppm_fit,D:\gas_calibrator\_worktrees\v1_5_fixed_wait_window_gate_1aee26d_clean\_handoff\new_algo_001_init_20260627\formal\co2_open_flow_0620_mature_20260627_r1\co2_r2\p001_T40_0ppm_fit,segmented_v1_5_point_evidence,segmented_point_evidence,False,,,False,"[""component_qc_missing"", ""segmented_lineage_not_continuous""]","[""review_same_point_samples_and_frame_qc_for_component_qc_backfill"", ""preserve_segment_retry_recovery_lineage_never_claim_continuous_route""]",True,False,False,True,False,False,False,False
legacy_evidence_gap_0101,P2_quality_traceability,manual_offline_evidence_review_required,co2,p002_T40_400ppm_fit,D:\gas_calibrator\_worktrees\v1_5_fixed_wait_window_gate_1aee26d_clean\_handoff\new_algo_001_init_20260627\formal\co2_open_flow_0620_mature_20260627_r1\co2_r2\p002_T40_400ppm_fit,segmented_v1_5_point_evidence,segmented_point_evidence,False,,,False,"[""component_qc_missing"", ""segmented_lineage_not_continuous""]","[""review_same_point_samples_and_frame_qc_for_component_qc_backfill"", ""preserve_segment_retry_recovery_lineage_never_claim_continuous_route""]",True,False,False,True,False,False,False,False
legacy_evidence_gap_0102,P2_quality_traceability,manual_offline_evidence_review_required,co2,p003_T40_1000ppm_fit,D:\gas_calibrator\_worktrees\v1_5_fixed_wait_window_gate_1aee26d_clean\_handoff\new_algo_001_init_20260627\formal\co2_open_flow_0620_mature_20260627_r1\co2_r2\p003_T40_1000ppm_fit,segmented_v1_5_point_evidence,segmented_point_evidence,False,,,False,"[""component_qc_missing"", ""segmented_lineage_not_continuous""]","[""review_same_point_samples_and_frame_qc_for_component_qc_backfill"", ""preserve_segment_retry_recovery_lineage_never_claim_continuous_route""]",True,False,False,True,False,False,False,False
legacy_evidence_gap_0103,P2_quality_traceability,manual_offline_evidence_review_required,co2,p004_T30_0ppm_fit,D:\gas_calibrator\_worktrees\v1_5_fixed_wait_window_gate_1aee26d_clean\_handoff\new_algo_001_init_20260627\formal\co2_open_flow_0620_mature_20260627_r1\co2_r2\p004_T30_0ppm_fit,segmented_v1_5_point_evidence,segmented_point_evidence,False,,,False,"[""component_qc_missing"", ""segmented_lineage_not_continuous""]","[""review_same_point_samples_and_frame_qc_for_component_qc_backfill"", ""preserve_segment_retry_recovery_lineage_never_claim_continuous_route""]",True,False,False,True,False,False,False,False
legacy_evidence_gap_0104,P2_quality_traceability,manual_offline_evidence_review_required,co2,p005_T30_100ppm_fit,D:\gas_calibrator\_worktrees\v1_5_fixed_wait_window_gate_1aee26d_clean\_handoff\new_algo_001_init_20260627\formal\co2_open_flow_0620_mature_20260627_r1\co2_r2\p005_T30_100ppm_fit,segmented_v1_5_point_evidence,segmented_point_evidence,False,,,False,"[""component_qc_missing"", ""segmented_lineage_not_continuous""]","[""review_same_point_samples_and_frame_qc_for_component_qc_backfill"", ""preserve_segment_retry_recovery_lineage_never_claim_continuous_route""]",True,False,False,True,False,False,False,False
legacy_evidence_gap_0105,P2_quality_traceability,manual_offline_evidence_review_required,co2,p006_T30_200ppm_fit,D:\gas_calibrator\_worktrees\v1_5_fixed_wait_window_gate_1aee26d_clean\_handoff\new_algo_001_init_20260627\formal\co2_open_flow_0620_mature_20260627_r1\co2_r2\p006_T30_200ppm_fit,segmented_v1_5_point_evidence,segmented_point_evidence,False,,,False,"[""component_qc_missing"", ""segmented_lineage_not_continuous""]","[""review_same_point_samples_and_frame_qc_for_component_qc_backfill"", ""preserve_segment_retry_recovery_lineage_never_claim_continuous_route""]",True,False,False,True,False,False,False,False
legacy_evidence_gap_0106,P2_quality_traceability,manual_offline_evidence_review_required,co2,p007_T30_300ppm_fit,D:\gas_calibrator\_worktrees\v1_5_fixed_wait_window_gate_1aee26d_clean\_handoff\new_algo_001_init_20260627\formal\co2_open_flow_0620_mature_20260627_r1\co2_r2\p007_T30_300ppm_fit,segmented_v1_5_point_evidence,segmented_point_evidence,False,,,False,"[""component_qc_missing"", ""segmented_lineage_not_continuous""]","[""review_same_point_samples_and_frame_qc_for_component_qc_backfill"", ""preserve_segment_retry_recovery_lineage_never_claim_continuous_route""]",True,False,False,True,False,False,False,False
legacy_evidence_gap_0107,P2_quality_traceability,manual_offline_evidence_review_required,co2,p008_T30_400ppm_fit,D:\gas_calibrator\_worktrees\v1_5_fixed_wait_window_gate_1aee26d_clean\_handoff\new_algo_001_init_20260627\formal\co2_open_flow_0620_mature_20260627_r1\co2_r2\p008_T30_400ppm_fit,segmented_v1_5_point_evidence,segmented_point_evidence,False,,,False,"[""component_qc_missing"", ""segmented_lineage_not_continuous""]","[""review_same_point_samples_and_frame_qc_for_component_qc_backfill"", ""preserve_segment_retry_recovery_lineage_never_claim_continuous_route""]",True,False,False,True,False,False,False,False
legacy_evidence_gap_0108,P2_quality_traceability,manual_offline_evidence_review_required,co2,p009_T30_500ppm_fit,D:\gas_calibrator\_worktrees\v1_5_fixed_wait_window_gate_1aee26d_clean\_handoff\new_algo_001_init_20260627\formal\co2_open_flow_0620_mature_20260627_r1\co2_r2\p009_T30_500ppm_fit,segmented_v1_5_point_evidence,segmented_point_evidence,False,,,False,"[""component_qc_missing"", ""segmented_lineage_not_continuous""]","[""review_same_point_samples_and_frame_qc_for_component_qc_backfill"", ""preserve_segment_retry_recovery_lineage_never_claim_continuous_route""]",True,False,False,True,False,False,False,False
legacy_evidence_gap_0109,P2_quality_traceability,manual_offline_evidence_review_required,co2,p010_T30_600ppm_fit,D:\gas_calibrator\_worktrees\v1_5_fixed_wait_window_gate_1aee26d_clean\_handoff\new_algo_001_init_20260627\formal\co2_open_flow_0620_mature_20260627_r1\co2_r2\p010_T30_600ppm_fit,segmented_v1_5_point_evidence,segmented_point_evidence,False,,,False,"[""component_qc_missing"", ""segmented_lineage_not_continuous""]","[""review_same_point_samples_and_frame_qc_for_component_qc_backfill"", ""preserve_segment_retry_recovery_lineage_never_claim_continuous_route""]",True,False,False,True,False,False,False,False
legacy_evidence_gap_0110,P2_quality_traceability,manual_offline_evidence_review_required,co2,p011_T30_700ppm_fit,D:\gas_calibrator\_worktrees\v1_5_fixed_wait_window_gate_1aee26d_clean\_handoff\new_algo_001_init_20260627\formal\co2_open_flow_0620_mature_20260627_r1\co2_r2\p011_T30_700ppm_fit,segmented_v1_5_point_evidence,segmented_point_evidence,False,,,False,"[""component_qc_missing"", ""segmented_lineage_not_continuous""]","[""review_same_point_samples_and_frame_qc_for_component_qc_backfill"", ""preserve_segment_retry_recovery_lineage_never_claim_continuous_route""]",True,False,False,True,False,False,False,False
legacy_evidence_gap_0111,P2_quality_traceability,manual_offline_evidence_review_required,co2,p012_T30_800ppm_fit,D:\gas_calibrator\_worktrees\v1_5_fixed_wait_window_gate_1aee26d_clean\_handoff\new_algo_001_init_20260627\formal\co2_open_flow_0620_mature_20260627_r1\co2_r2\p012_T30_800ppm_fit,segmented_v1_5_point_evidence,segmented_point_evidence,False,,,False,"[""component_qc_missing"", ""segmented_lineage_not_continuous""]","[""review_same_point_samples_and_frame_qc_for_component_qc_backfill"", ""preserve_segment_retry_recovery_lineage_never_claim_continuous_route""]",True,False,False,True,False,False,False,False
legacy_evidence_gap_0112,P2_quality_traceability,manual_offline_evidence_review_required,co2,p013_T30_900ppm_fit,D:\gas_calibrator\_worktrees\v1_5_fixed_wait_window_gate_1aee26d_clean\_handoff\new_algo_001_init_20260627\formal\co2_open_flow_0620_mature_20260627_r1\co2_r2\p013_T30_900ppm_fit,segmented_v1_5_point_evidence,segmented_point_evidence,False,,,False,"[""component_qc_missing"", ""segmented_lineage_not_continuous""]","[""review_same_point_samples_and_frame_qc_for_component_qc_backfill"", ""preserve_segment_retry_recovery_lineage_never_claim_continuous_route""]",True,False,False,True,False,False,False,False
legacy_evidence_gap_0113,P2_quality_traceability,manual_offline_evidence_review_required,co2,p014_T30_1000ppm_fit,D:\gas_calibrator\_worktrees\v1_5_fixed_wait_window_gate_1aee26d_clean\_handoff\new_algo_001_init_20260627\formal\co2_open_flow_0620_mature_20260627_r1\co2_r2\p014_T30_1000ppm_fit,segmented_v1_5_point_evidence,segmented_point_evidence,False,,,False,"[""component_qc_missing"", ""segmented_lineage_not_continuous""]","[""review_same_point_samples_and_frame_qc_for_component_qc_backfill"", ""preserve_segment_retry_recovery_lineage_never_claim_continuous_route""]",True,False,False,True,False,False,False,False
legacy_evidence_gap_0114,P2_quality_traceability,manual_offline_evidence_review_required,co2,p015_T20_0ppm_fit,D:\gas_calibrator\_worktrees\v1_5_fixed_wait_window_gate_1aee26d_clean\_handoff\new_algo_001_init_20260627\formal\co2_open_flow_0620_mature_20260627_r1\co2_r2\p015_T20_0ppm_fit,segmented_v1_5_point_evidence,segmented_point_evidence,False,,,False,"[""component_qc_missing"", ""segmented_lineage_not_continuous""]","[""review_same_point_samples_and_frame_qc_for_component_qc_backfill"", ""preserve_segment_retry_recovery_lineage_never_claim_continuous_route""]",True,False,False,True,False,False,False,False
legacy_evidence_gap_0115,P2_quality_traceability,manual_offline_evidence_review_required,co2,p016_T20_100ppm_fit,D:\gas_calibrator\_worktrees\v1_5_fixed_wait_window_gate_1aee26d_clean\_handoff\new_algo_001_init_20260627\formal\co2_open_flow_0620_mature_20260627_r1\co2_r2\p016_T20_100ppm_fit,segmented_v1_5_point_evidence,segmented_point_evidence,False,,,False,"[""component_qc_missing"", ""segmented_lineage_not_continuous""]","[""review_same_point_samples_and_frame_qc_for_component_qc_backfill"", ""preserve_segment_retry_recovery_lineage_never_claim_continuous_route""]",True,False,False,True,False,False,False,False
legacy_evidence_gap_0116,P1_core_evidence,manual_offline_evidence_review_required,co2,p017_T20_200ppm_fit,D:\gas_calibrator\_worktrees\v1_5_fixed_wait_window_gate_1aee26d_clean\_handoff\new_algo_001_init_20260627\formal\co2_open_flow_0620_mature_20260627_r1\co2_r2\p017_T20_200ppm_fit,segmented_v1_5_point_evidence,segmented_point_evidence,False,,,False,"[""component_qc_missing"", ""frame_qc_missing"", ""point_samples_missing"", ""segmented_lineage_not_continuous""]","[""locate_same_point_samples_or_mark_point_unusable"", ""locate_same_run_component_qc_or_plan_separate_offline_qc_derivation_review"", ""locate_same_point_frame_qc_or_mark_quality_lineage_incomplete"", ""preserve_segment_retry_recovery_lineage_never_claim_continuous_route""]",True,False,False,True,False,False,False,False
legacy_evidence_gap_0117,P2_quality_traceability,manual_offline_evidence_review_required,co2,p018_T20_300ppm_fit,D:\gas_calibrator\_worktrees\v1_5_fixed_wait_window_gate_1aee26d_clean\_handoff\new_algo_001_init_20260627\formal\co2_open_flow_0620_mature_20260627_r1\co2_r2\p018_T20_300ppm_fit,segmented_v1_5_point_evidence,segmented_point_evidence,False,,,False,"[""component_qc_missing"", ""segmented_lineage_not_continuous""]","[""review_same_point_samples_and_frame_qc_for_component_qc_backfill"", ""preserve_segment_retry_recovery_lineage_never_claim_continuous_route""]",True,False,False,True,False,False,False,False
legacy_evidence_gap_0118,P2_quality_traceability,manual_offline_evidence_review_required,co2,p019_T20_400ppm_fit,D:\gas_calibrator\_worktrees\v1_5_fixed_wait_window_gate_1aee26d_clean\_handoff\new_algo_001_init_20260627\formal\co2_open_flow_0620_mature_20260627_r1\co2_r2\p019_T20_400ppm_fit,segmented_v1_5_point_evidence,segmented_point_evidence,False,,,False,"[""component_qc_missing"", ""segmented_lineage_not_continuous""]","[""review_same_point_samples_and_frame_qc_for_component_qc_backfill"", ""preserve_segment_retry_recovery_lineage_never_claim_continuous_route""]",True,False,False,True,False,False,False,False
legacy_evidence_gap_0119,P2_quality_traceability,manual_offline_evidence_review_required,co2,p020_T20_500ppm_fit,D:\gas_calibrator\_worktrees\v1_5_fixed_wait_window_gate_1aee26d_clean\_handoff\new_algo_001_init_20260627\formal\co2_open_flow_0620_mature_20260627_r1\co2_r2\p020_T20_500ppm_fit,segmented_v1_5_point_evidence,segmented_point_evidence,False,,,False,"[""component_qc_missing"", ""segmented_lineage_not_continuous""]","[""review_same_point_samples_and_frame_qc_for_component_qc_backfill"", ""preserve_segment_retry_recovery_lineage_never_claim_continuous_route""]",True,False,False,True,False,False,False,False
legacy_evidence_gap_0120,P2_quality_traceability,manual_offline_evidence_review_required,co2,p021_T20_600ppm_fit,D:\gas_calibrator\_worktrees\v1_5_fixed_wait_window_gate_1aee26d_clean\_handoff\new_algo_001_init_20260627\formal\co2_open_flow_0620_mature_20260627_r1\co2_r2\p021_T20_600ppm_fit,segmented_v1_5_point_evidence,segmented_point_evidence,False,,,False,"[""component_qc_missing"", ""segmented_lineage_not_continuous""]","[""review_same_point_samples_and_frame_qc_for_component_qc_backfill"", ""preserve_segment_retry_recovery_lineage_never_claim_continuous_route""]",True,False,False,True,False,False,False,False
legacy_evidence_gap_0121,P2_quality_traceability,manual_offline_evidence_review_required,co2,p022_T20_700ppm_fit,D:\gas_calibrator\_worktrees\v1_5_fixed_wait_window_gate_1aee26d_clean\_handoff\new_algo_001_init_20260627\formal\co2_open_flow_0620_mature_20260627_r1\co2_r2\p022_T20_700ppm_fit,segmented_v1_5_point_evidence,segmented_point_evidence,False,,,False,"[""component_qc_missing"", ""segmented_lineage_not_continuous""]","[""review_same_point_samples_and_frame_qc_for_component_qc_backfill"", ""preserve_segment_retry_recovery_lineage_never_claim_continuous_route""]",True,False,False,True,False,False,False,False
legacy_evidence_gap_0122,P2_quality_traceability,manual_offline_evidence_review_required,co2,p023_T20_800ppm_fit,D:\gas_calibrator\_worktrees\v1_5_fixed_wait_window_gate_1aee26d_clean\_handoff\new_algo_001_init_20260627\formal\co2_open_flow_0620_mature_20260627_r1\co2_r2\p023_T20_800ppm_fit,segmented_v1_5_point_evidence,segmented_point_evidence,False,,,False,"[""component_qc_missing"", ""segmented_lineage_not_continuous""]","[""review_same_point_samples_and_frame_qc_for_component_qc_backfill"", ""preserve_segment_retry_recovery_lineage_never_claim_continuous_route""]",True,False,False,True,False,False,False,False
legacy_evidence_gap_0123,P2_quality_traceability,manual_offline_evidence_review_required,co2,p024_T20_900ppm_fit,D:\gas_calibrator\_worktrees\v1_5_fixed_wait_window_gate_1aee26d_clean\_handoff\new_algo_001_init_20260627\formal\co2_open_flow_0620_mature_20260627_r1\co2_r2\p024_T20_900ppm_fit,segmented_v1_5_point_evidence,segmented_point_evidence,False,,,False,"[""component_qc_missing"", ""segmented_lineage_not_continuous""]","[""review_same_point_samples_and_frame_qc_for_component_qc_backfill"", ""preserve_segment_retry_recovery_lineage_never_claim_continuous_route""]",True,False,False,True,False,False,False,False
legacy_evidence_gap_0124,P2_quality_traceability,manual_offline_evidence_review_required,co2,p025_T20_1000ppm_fit,D:\gas_calibrator\_worktrees\v1_5_fixed_wait_window_gate_1aee26d_clean\_handoff\new_algo_001_init_20260627\formal\co2_open_flow_0620_mature_20260627_r1\co2_r2\p025_T20_1000ppm_fit,segmented_v1_5_point_evidence,segmented_point_evidence,False,,,False,"[""component_qc_missing"", ""segmented_lineage_not_continuous""]","[""review_same_point_samples_and_frame_qc_for_component_qc_backfill"", ""preserve_segment_retry_recovery_lineage_never_claim_continuous_route""]",True,False,False,True,False,False,False,False
legacy_evidence_gap_0125,P2_quality_traceability,manual_offline_evidence_review_required,co2,p026_T10_0ppm_fit,D:\gas_calibrator\_worktrees\v1_5_fixed_wait_window_gate_1aee26d_clean\_handoff\new_algo_001_init_20260627\formal\co2_open_flow_0620_mature_20260627_r1\co2_r2\p026_T10_0ppm_fit,segmented_v1_5_point_evidence,segmented_point_evidence,False,,,False,"[""component_qc_missing"", ""segmented_lineage_not_continuous""]","[""review_same_point_samples_and_frame_qc_for_component_qc_backfill"", ""preserve_segment_retry_recovery_lineage_never_claim_continuous_route""]",True,False,False,True,False,False,False,False
legacy_evidence_gap_0126,P2_quality_traceability,manual_offline_evidence_review_required,co2,p027_T10_100ppm_fit,D:\gas_calibrator\_worktrees\v1_5_fixed_wait_window_gate_1aee26d_clean\_handoff\new_algo_001_init_20260627\formal\co2_open_flow_0620_mature_20260627_r1\co2_r2\p027_T10_100ppm_fit,segmented_v1_5_point_evidence,segmented_point_evidence,False,,,False,"[""component_qc_missing"", ""segmented_lineage_not_continuous""]","[""review_same_point_samples_and_frame_qc_for_component_qc_backfill"", ""preserve_segment_retry_recovery_lineage_never_claim_continuous_route""]",True,False,False,True,False,False,False,False
legacy_evidence_gap_0127,P2_quality_traceability,manual_offline_evidence_review_required,co2,p028_T10_200ppm_fit,D:\gas_calibrator\_worktrees\v1_5_fixed_wait_window_gate_1aee26d_clean\_handoff\new_algo_001_init_20260627\formal\co2_open_flow_0620_mature_20260627_r1\co2_r2\p028_T10_200ppm_fit,segmented_v1_5_point_evidence,segmented_point_evidence,False,,,False,"[""component_qc_missing"", ""segmented_lineage_not_continuous""]","[""review_same_point_samples_and_frame_qc_for_component_qc_backfill"", ""preserve_segment_retry_recovery_lineage_never_claim_continuous_route""]",True,False,False,True,False,False,False,False
legacy_evidence_gap_0128,P2_quality_traceability,manual_offline_evidence_review_required,co2,p029_T10_300ppm_fit,D:\gas_calibrator\_worktrees\v1_5_fixed_wait_window_gate_1aee26d_clean\_handoff\new_algo_001_init_20260627\formal\co2_open_flow_0620_mature_20260627_r1\co2_r2\p029_T10_300ppm_fit,segmented_v1_5_point_evidence,segmented_point_evidence,False,,,False,"[""component_qc_missing"", ""segmented_lineage_not_continuous""]","[""review_same_point_samples_and_frame_qc_for_component_qc_backfill"", ""preserve_segment_retry_recovery_lineage_never_claim_continuous_route""]",True,False,False,True,False,False,False,False
legacy_evidence_gap_0129,P2_quality_traceability,manual_offline_evidence_review_required,co2,p030_T10_400ppm_fit,D:\gas_calibrator\_worktrees\v1_5_fixed_wait_window_gate_1aee26d_clean\_handoff\new_algo_001_init_20260627\formal\co2_open_flow_0620_mature_20260627_r1\co2_r2\p030_T10_400ppm_fit,segmented_v1_5_point_evidence,segmented_point_evidence,False,,,False,"[""component_qc_missing"", ""segmented_lineage_not_continuous""]","[""review_same_point_samples_and_frame_qc_for_component_qc_backfill"", ""preserve_segment_retry_recovery_lineage_never_claim_continuous_route""]",True,False,False,True,False,False,False,False
legacy_evidence_gap_0130,P2_quality_traceability,manual_offline_evidence_review_required,co2,p031_T10_500ppm_fit,D:\gas_calibrator\_worktrees\v1_5_fixed_wait_window_gate_1aee26d_clean\_handoff\new_algo_001_init_20260627\formal\co2_open_flow_0620_mature_20260627_r1\co2_r2\p031_T10_500ppm_fit,segmented_v1_5_point_evidence,segmented_point_evidence,False,,,False,"[""component_qc_missing"", ""segmented_lineage_not_continuous""]","[""review_same_point_samples_and_frame_qc_for_component_qc_backfill"", ""preserve_segment_retry_recovery_lineage_never_claim_continuous_route""]",True,False,False,True,False,False,False,False
legacy_evidence_gap_0131,P2_quality_traceability,manual_offline_evidence_review_required,co2,p032_T10_600ppm_fit,D:\gas_calibrator\_worktrees\v1_5_fixed_wait_window_gate_1aee26d_clean\_handoff\new_algo_001_init_20260627\formal\co2_open_flow_0620_mature_20260627_r1\co2_r2\p032_T10_600ppm_fit,segmented_v1_5_point_evidence,segmented_point_evidence,False,,,False,"[""component_qc_missing"", ""segmented_lineage_not_continuous""]","[""review_same_point_samples_and_frame_qc_for_component_qc_backfill"", ""preserve_segment_retry_recovery_lineage_never_claim_continuous_route""]",True,False,False,True,False,False,False,False
legacy_evidence_gap_0132,P2_quality_traceability,manual_offline_evidence_review_required,co2,p033_T10_700ppm_fit,D:\gas_calibrator\_worktrees\v1_5_fixed_wait_window_gate_1aee26d_clean\_handoff\new_algo_001_init_20260627\formal\co2_open_flow_0620_mature_20260627_r1\co2_r2\p033_T10_700ppm_fit,segmented_v1_5_point_evidence,segmented_point_evidence,False,,,False,"[""component_qc_missing"", ""segmented_lineage_not_continuous""]","[""review_same_point_samples_and_frame_qc_for_component_qc_backfill"", ""preserve_segment_retry_recovery_lineage_never_claim_continuous_route""]",True,False,False,True,False,False,False,False
legacy_evidence_gap_0133,P2_quality_traceability,manual_offline_evidence_review_required,co2,p034_T10_800ppm_fit,D:\gas_calibrator\_worktrees\v1_5_fixed_wait_window_gate_1aee26d_clean\_handoff\new_algo_001_init_20260627\formal\co2_open_flow_0620_mature_20260627_r1\co2_r2\p034_T10_800ppm_fit,segmented_v1_5_point_evidence,segmented_point_evidence,False,,,False,"[""component_qc_missing"", ""segmented_lineage_not_continuous""]","[""review_same_point_samples_and_frame_qc_for_component_qc_backfill"", ""preserve_segment_retry_recovery_lineage_never_claim_continuous_route""]",True,False,False,True,False,False,False,False
legacy_evidence_gap_0134,P2_quality_traceability,manual_offline_evidence_review_required,co2,p035_T10_900ppm_fit,D:\gas_calibrator\_worktrees\v1_5_fixed_wait_window_gate_1aee26d_clean\_handoff\new_algo_001_init_20260627\formal\co2_open_flow_0620_mature_20260627_r1\co2_r2\p035_T10_900ppm_fit,segmented_v1_5_point_evidence,segmented_point_evidence,False,,,False,"[""component_qc_missing"", ""segmented_lineage_not_continuous""]","[""review_same_point_samples_and_frame_qc_for_component_qc_backfill"", ""preserve_segment_retry_recovery_lineage_never_claim_continuous_route""]",True,False,False,True,False,False,False,False
legacy_evidence_gap_0135,P2_quality_traceability,manual_offline_evidence_review_required,co2,p036_T10_1000ppm_fit,D:\gas_calibrator\_worktrees\v1_5_fixed_wait_window_gate_1aee26d_clean\_handoff\new_algo_001_init_20260627\formal\co2_open_flow_0620_mature_20260627_r1\co2_r2\p036_T10_1000ppm_fit,segmented_v1_5_point_evidence,segmented_point_evidence,False,,,False,"[""component_qc_missing"", ""segmented_lineage_not_continuous""]","[""review_same_point_samples_and_frame_qc_for_component_qc_backfill"", ""preserve_segment_retry_recovery_lineage_never_claim_continuous_route""]",True,False,False,True,False,False,False,False
legacy_evidence_gap_0136,P2_quality_traceability,manual_offline_evidence_review_required,co2,p037_T0_0ppm_fit,D:\gas_calibrator\_worktrees\v1_5_fixed_wait_window_gate_1aee26d_clean\_handoff\new_algo_001_init_20260627\formal\co2_open_flow_0620_mature_20260627_r1\co2_r2\p037_T0_0ppm_fit,segmented_v1_5_point_evidence,segmented_point_evidence,False,,,False,"[""component_qc_missing"", ""segmented_lineage_not_continuous""]","[""review_same_point_samples_and_frame_qc_for_component_qc_backfill"", ""preserve_segment_retry_recovery_lineage_never_claim_continuous_route""]",True,False,False,True,False,False,False,False
legacy_evidence_gap_0137,P2_quality_traceability,manual_offline_evidence_review_required,co2,p038_T0_400ppm_fit,D:\gas_calibrator\_worktrees\v1_5_fixed_wait_window_gate_1aee26d_clean\_handoff\new_algo_001_init_20260627\formal\co2_open_flow_0620_mature_20260627_r1\co2_r2\p038_T0_400ppm_fit,segmented_v1_5_point_evidence,segmented_point_evidence,False,,,False,"[""component_qc_missing"", ""segmented_lineage_not_continuous""]","[""review_same_point_samples_and_frame_qc_for_component_qc_backfill"", ""preserve_segment_retry_recovery_lineage_never_claim_continuous_route""]",True,False,False,True,False,False,False,False
legacy_evidence_gap_0138,P2_quality_traceability,manual_offline_evidence_review_required,co2,p039_T0_1000ppm_fit,D:\gas_calibrator\_worktrees\v1_5_fixed_wait_window_gate_1aee26d_clean\_handoff\new_algo_001_init_20260627\formal\co2_open_flow_0620_mature_20260627_r1\co2_r2\p039_T0_1000ppm_fit,segmented_v1_5_point_evidence,segmented_point_evidence,False,,,False,"[""component_qc_missing"", ""segmented_lineage_not_continuous""]","[""review_same_point_samples_and_frame_qc_for_component_qc_backfill"", ""preserve_segment_retry_recovery_lineage_never_claim_continuous_route""]",True,False,False,True,False,False,False,False
legacy_evidence_gap_0139,P2_quality_traceability,manual_offline_evidence_review_required,co2,p001_Tm10_0ppm_fit,D:\gas_calibrator\_worktrees\v1_5_fixed_wait_window_gate_1aee26d_clean\_handoff\new_algo_001_init_20260627\formal\co2_resume_20260628\co2_Tm10_Tm20_COM35_r1\p001_Tm10_0ppm_fit,segmented_v1_5_point_evidence,segmented_point_evidence,False,,,False,"[""component_qc_missing"", ""segmented_lineage_not_continuous""]","[""review_same_point_samples_and_frame_qc_for_component_qc_backfill"", ""preserve_segment_retry_recovery_lineage_never_claim_continuous_route""]",True,False,False,True,False,False,False,False
legacy_evidence_gap_0140,P2_quality_traceability,manual_offline_evidence_review_required,co2,p002_Tm10_400ppm_fit,D:\gas_calibrator\_worktrees\v1_5_fixed_wait_window_gate_1aee26d_clean\_handoff\new_algo_001_init_20260627\formal\co2_resume_20260628\co2_Tm10_Tm20_COM35_r1\p002_Tm10_400ppm_fit,segmented_v1_5_point_evidence,segmented_point_evidence,False,,,False,"[""component_qc_missing"", ""segmented_lineage_not_continuous""]","[""review_same_point_samples_and_frame_qc_for_component_qc_backfill"", ""preserve_segment_retry_recovery_lineage_never_claim_continuous_route""]",True,False,False,True,False,False,False,False
legacy_evidence_gap_0141,P2_quality_traceability,manual_offline_evidence_review_required,co2,p003_Tm10_1000ppm_fit,D:\gas_calibrator\_worktrees\v1_5_fixed_wait_window_gate_1aee26d_clean\_handoff\new_algo_001_init_20260627\formal\co2_resume_20260628\co2_Tm10_Tm20_COM35_r1\p003_Tm10_1000ppm_fit,segmented_v1_5_point_evidence,segmented_point_evidence,False,,,False,"[""component_qc_missing"", ""segmented_lineage_not_continuous""]","[""review_same_point_samples_and_frame_qc_for_component_qc_backfill"", ""preserve_segment_retry_recovery_lineage_never_claim_continuous_route""]",True,False,False,True,False,False,False,False
legacy_evidence_gap_0142,P2_quality_traceability,manual_offline_evidence_review_required,co2,p004_Tm20_0ppm_fit,D:\gas_calibrator\_worktrees\v1_5_fixed_wait_window_gate_1aee26d_clean\_handoff\new_algo_001_init_20260627\formal\co2_resume_20260628\co2_Tm10_Tm20_COM35_r1\p004_Tm20_0ppm_fit,segmented_v1_5_point_evidence,segmented_point_evidence,False,,,False,"[""component_qc_missing"", ""segmented_lineage_not_continuous""]","[""review_same_point_samples_and_frame_qc_for_component_qc_backfill"", ""preserve_segment_retry_recovery_lineage_never_claim_continuous_route""]",True,False,False,True,False,False,False,False
legacy_evidence_gap_0143,P2_quality_traceability,manual_offline_evidence_review_required,co2,p005_Tm20_400ppm_fit,D:\gas_calibrator\_worktrees\v1_5_fixed_wait_window_gate_1aee26d_clean\_handoff\new_algo_001_init_20260627\formal\co2_resume_20260628\co2_Tm10_Tm20_COM35_r1\p005_Tm20_400ppm_fit,segmented_v1_5_point_evidence,segmented_point_evidence,False,,,False,"[""component_qc_missing"", ""segmented_lineage_not_continuous""]","[""review_same_point_samples_and_frame_qc_for_component_qc_backfill"", ""preserve_segment_retry_recovery_lineage_never_claim_continuous_route""]",True,False,False,True,False,False,False,False
legacy_evidence_gap_0144,P1_core_evidence,manual_offline_evidence_review_required,co2,p006_Tm20_1000ppm_fit,D:\gas_calibrator\_worktrees\v1_5_fixed_wait_window_gate_1aee26d_clean\_handoff\new_algo_001_init_20260627\formal\co2_resume_20260628\co2_Tm10_Tm20_COM35_r1\p006_Tm20_1000ppm_fit,segmented_v1_5_point_evidence,segmented_point_evidence,False,,,False,"[""component_qc_missing"", ""frame_qc_missing"", ""point_samples_missing"", ""segmented_lineage_not_continuous""]","[""locate_same_point_samples_or_mark_point_unusable"", ""locate_same_run_component_qc_or_plan_separate_offline_qc_derivation_review"", ""locate_same_point_frame_qc_or_mark_quality_lineage_incomplete"", ""preserve_segment_retry_recovery_lineage_never_claim_continuous_route""]",True,False,False,True,False,False,False,False
legacy_evidence_gap_0145,P2_quality_traceability,manual_offline_evidence_review_required,co2,p006_Tm20_1000ppm_fit_retry1,D:\gas_calibrator\_worktrees\v1_5_fixed_wait_window_gate_1aee26d_clean\_handoff\new_algo_001_init_20260627\formal\co2_resume_20260628\co2_Tm10_Tm20_COM35_r1\p006_Tm20_1000ppm_fit_retry1,segmented_v1_5_point_evidence,segmented_point_evidence,False,,,False,"[""component_qc_missing"", ""segmented_lineage_not_continuous""]","[""review_same_point_samples_and_frame_qc_for_component_qc_backfill"", ""preserve_segment_retry_recovery_lineage_never_claim_continuous_route""]",True,False,False,True,False,False,False,False
legacy_evidence_gap_0146,P2_quality_traceability,manual_offline_evidence_review_required,h2o,p001_T20_HG20C_30RH_h2o,D:\gas_calibrator\_p9_20260706\h2o_005_bridge_repeat_20c_305070_v1\p001_T20_HG20C_30RH_h2o,segmented_v1_5_point_evidence,segmented_point_evidence,False,,,False,"[""component_qc_missing"", ""segmented_lineage_not_continuous""]","[""review_same_point_samples_and_frame_qc_for_component_qc_backfill"", ""preserve_segment_retry_recovery_lineage_never_claim_continuous_route""]",True,False,False,True,False,False,False,False
legacy_evidence_gap_0147,P2_quality_traceability,manual_offline_evidence_review_required,h2o,p002_T20_HG20C_50RH_h2o,D:\gas_calibrator\_p9_20260706\h2o_005_bridge_repeat_20c_305070_v1\p002_T20_HG20C_50RH_h2o,segmented_v1_5_point_evidence,segmented_point_evidence,False,,,False,"[""component_qc_missing"", ""segmented_lineage_not_continuous""]","[""review_same_point_samples_and_frame_qc_for_component_qc_backfill"", ""preserve_segment_retry_recovery_lineage_never_claim_continuous_route""]",True,False,False,True,False,False,False,False
legacy_evidence_gap_0148,P2_quality_traceability,manual_offline_evidence_review_required,h2o,p003_T20_HG20C_70RH_h2o,D:\gas_calibrator\_p9_20260706\h2o_005_bridge_repeat_20c_305070_v1\p003_T20_HG20C_70RH_h2o,segmented_v1_5_point_evidence,segmented_point_evidence,False,,,False,"[""component_qc_missing"", ""segmented_lineage_not_continuous""]","[""review_same_point_samples_and_frame_qc_for_component_qc_backfill"", ""preserve_segment_retry_recovery_lineage_never_claim_continuous_route""]",True,False,False,True,False,False,False,False
legacy_evidence_gap_0149,P2_quality_traceability,manual_offline_evidence_review_required,h2o,p001_T0_HG0C_50RH_h2o,D:\gas_calibrator\_p9_20260706\h2o_6old_0620clean_mature13_g4\p001_T0_HG0C_50RH_h2o,segmented_v1_5_point_evidence,segmented_point_evidence,False,,,False,"[""component_qc_missing"", ""segmented_lineage_not_continuous""]","[""review_same_point_samples_and_frame_qc_for_component_qc_backfill"", ""preserve_segment_retry_recovery_lineage_never_claim_continuous_route""]",True,False,False,True,False,False,False,False
legacy_evidence_gap_0150,P2_quality_traceability,manual_offline_evidence_review_required,h2o,p002_T10_HG10C_30RH_retry1,D:\gas_calibrator\_p9_20260706\h2o_6old_0620clean_mature13_p002_retry1\p002_T10_HG10C_30RH_retry1,segmented_v1_5_point_evidence,segmented_point_evidence,False,,,False,"[""component_qc_missing"", ""segmented_lineage_not_continuous""]","[""review_same_point_samples_and_frame_qc_for_component_qc_backfill"", ""preserve_segment_retry_recovery_lineage_never_claim_continuous_route""]",True,False,False,True,False,False,False,False
legacy_evidence_gap_0151,P2_quality_traceability,manual_offline_evidence_review_required,h2o,p001_T10_HG10C_50RH_h2o,D:\gas_calibrator\_p9_20260706\h2o_6old_0620clean_mature13_remaining_p003_p013_g5\p001_T10_HG10C_50RH_h2o,segmented_v1_5_point_evidence,segmented_point_evidence,False,,,False,"[""component_qc_missing"", ""segmented_lineage_not_continuous""]","[""review_same_point_samples_and_frame_qc_for_component_qc_backfill"", ""preserve_segment_retry_recovery_lineage_never_claim_continuous_route""]",True,False,False,True,False,False,False,False
legacy_evidence_gap_0152,P2_quality_traceability,manual_offline_evidence_review_required,h2o,p002_T10_HG10C_70RH_h2o,D:\gas_calibrator\_p9_20260706\h2o_6old_0620clean_mature13_remaining_p003_p013_g5\p002_T10_HG10C_70RH_h2o,segmented_v1_5_point_evidence,segmented_point_evidence,False,,,False,"[""component_qc_missing"", ""segmented_lineage_not_continuous""]","[""review_same_point_samples_and_frame_qc_for_component_qc_backfill"", ""preserve_segment_retry_recovery_lineage_never_claim_continuous_route""]",True,False,False,True,False,False,False,False
legacy_evidence_gap_0153,P2_quality_traceability,manual_offline_evidence_review_required,h2o,p003_T20_HG20C_30RH_h2o,D:\gas_calibrator\_p9_20260706\h2o_6old_0620clean_mature13_remaining_p003_p013_g5\p003_T20_HG20C_30RH_h2o,segmented_v1_5_point_evidence,segmented_point_evidence,False,,,False,"[""component_qc_missing"", ""segmented_lineage_not_continuous""]","[""review_same_point_samples_and_frame_qc_for_component_qc_backfill"", ""preserve_segment_retry_recovery_lineage_never_claim_continuous_route""]",True,False,False,True,False,False,False,False
legacy_evidence_gap_0154,P2_quality_traceability,manual_offline_evidence_review_required,h2o,p004_T20_HG20C_50RH_h2o,D:\gas_calibrator\_p9_20260706\h2o_6old_0620clean_mature13_remaining_p003_p013_g5\p004_T20_HG20C_50RH_h2o,segmented_v1_5_point_evidence,segmented_point_evidence,False,,,False,"[""component_qc_missing"", ""segmented_lineage_not_continuous""]","[""review_same_point_samples_and_frame_qc_for_component_qc_backfill"", ""preserve_segment_retry_recovery_lineage_never_claim_continuous_route""]",True,False,False,True,False,False,False,False
legacy_evidence_gap_0155,P2_quality_traceability,manual_offline_evidence_review_required,h2o,p005_T20_HG20C_70RH_h2o,D:\gas_calibrator\_p9_20260706\h2o_6old_0620clean_mature13_remaining_p003_p013_g5\p005_T20_HG20C_70RH_h2o,segmented_v1_5_point_evidence,segmented_point_evidence,False,,,False,"[""component_qc_missing"", ""segmented_lineage_not_continuous""]","[""review_same_point_samples_and_frame_qc_for_component_qc_backfill"", ""preserve_segment_retry_recovery_lineage_never_claim_continuous_route""]",True,False,False,True,False,False,False,False
legacy_evidence_gap_0156,P2_quality_traceability,manual_offline_evidence_review_required,h2o,p006_T30_HG20C_30RH_h2o,D:\gas_calibrator\_p9_20260706\h2o_6old_0620clean_mature13_remaining_p003_p013_g5\p006_T30_HG20C_30RH_h2o,segmented_v1_5_point_evidence,segmented_point_evidence,False,,,False,"[""component_qc_missing"", ""segmented_lineage_not_continuous""]","[""review_same_point_samples_and_frame_qc_for_component_qc_backfill"", ""preserve_segment_retry_recovery_lineage_never_claim_continuous_route""]",True,False,False,True,False,False,False,False
legacy_evidence_gap_0157,P2_quality_traceability,manual_offline_evidence_review_required,h2o,p007_T30_HG20C_50RH_h2o,D:\gas_calibrator\_p9_20260706\h2o_6old_0620clean_mature13_remaining_p003_p013_g5\p007_T30_HG20C_50RH_h2o,segmented_v1_5_point_evidence,segmented_point_evidence,False,,,False,"[""component_qc_missing"", ""segmented_lineage_not_continuous""]","[""review_same_point_samples_and_frame_qc_for_component_qc_backfill"", ""preserve_segment_retry_recovery_lineage_never_claim_continuous_route""]",True,False,False,True,False,False,False,False
legacy_evidence_gap_0158,P2_quality_traceability,manual_offline_evidence_review_required,h2o,p008_T30_HG20C_70RH_h2o,D:\gas_calibrator\_p9_20260706\h2o_6old_0620clean_mature13_remaining_p003_p013_g5\p008_T30_HG20C_70RH_h2o,segmented_v1_5_point_evidence,segmented_point_evidence,False,,,False,"[""component_qc_missing"", ""segmented_lineage_not_continuous""]","[""review_same_point_samples_and_frame_qc_for_component_qc_backfill"", ""preserve_segment_retry_recovery_lineage_never_claim_continuous_route""]",True,False,False,True,False,False,False,False
legacy_evidence_gap_0159,P2_quality_traceability,manual_offline_evidence_review_required,h2o,p009_T30_HG20C_90RH_h2o,D:\gas_calibrator\_p9_20260706\h2o_6old_0620clean_mature13_remaining_p003_p013_g5\p009_T30_HG20C_90RH_h2o,segmented_v1_5_point_evidence,segmented_point_evidence,False,,,False,"[""component_qc_missing"", ""segmented_lineage_not_continuous""]","[""review_same_point_samples_and_frame_qc_for_component_qc_backfill"", ""preserve_segment_retry_recovery_lineage_never_claim_continuous_route""]",True,False,False,True,False,False,False,False
legacy_evidence_gap_0160,P2_quality_traceability,manual_offline_evidence_review_required,h2o,p010_T40_HG30C_50RH_h2o,D:\gas_calibrator\_p9_20260706\h2o_6old_0620clean_mature13_remaining_p003_p013_g5\p010_T40_HG30C_50RH_h2o,segmented_v1_5_point_evidence,segmented_point_evidence,False,,,False,"[""component_qc_missing"", ""segmented_lineage_not_continuous""]","[""review_same_point_samples_and_frame_qc_for_component_qc_backfill"", ""preserve_segment_retry_recovery_lineage_never_claim_continuous_route""]",True,False,False,True,False,False,False,False
legacy_evidence_gap_0161,P2_quality_traceability,manual_offline_evidence_review_required,h2o,p011_T40_HG30C_70RH_h2o,D:\gas_calibrator\_p9_20260706\h2o_6old_0620clean_mature13_remaining_p003_p013_g5\p011_T40_HG30C_70RH_h2o,segmented_v1_5_point_evidence,segmented_point_evidence,False,,,False,"[""component_qc_missing"", ""segmented_lineage_not_continuous""]","[""review_same_point_samples_and_frame_qc_for_component_qc_backfill"", ""preserve_segment_retry_recovery_lineage_never_claim_continuous_route""]",True,False,False,True,False,False,False,False
legacy_evidence_gap_0162,P2_quality_traceability,manual_offline_evidence_review_required,h2o,p001_T20_HG20C_30RH_h2o,D:\gas_calibrator\_p9_20260706\h2o_post_senco24_write_verification_5dev_no_temp_control_v1\p001_T20_HG20C_30RH_h2o,segmented_v1_5_point_evidence,segmented_point_evidence,False,,,False,"[""component_qc_missing"", ""segmented_lineage_not_continuous""]","[""review_same_point_samples_and_frame_qc_for_component_qc_backfill"", ""preserve_segment_retry_recovery_lineage_never_claim_continuous_route""]",True,False,False,True,False,False,False,False
legacy_evidence_gap_0163,P2_quality_traceability,manual_offline_evidence_review_required,h2o,p002_T20_HG20C_70RH_h2o,D:\gas_calibrator\_p9_20260706\h2o_post_senco24_write_verification_5dev_no_temp_control_v1\p002_T20_HG20C_70RH_h2o,segmented_v1_5_point_evidence,segmented_point_evidence,False,,,False,"[""component_qc_missing"", ""segmented_lineage_not_continuous""]","[""review_same_point_samples_and_frame_qc_for_component_qc_backfill"", ""preserve_segment_retry_recovery_lineage_never_claim_continuous_route""]",True,False,False,True,False,False,False,False
legacy_evidence_gap_0164,P2_quality_traceability,manual_offline_evidence_review_required,h2o,p001_T25_HG25C_30RH_h2o,D:\gas_calibrator\_p9_20260706\h2o_post_senco24_write_verification_5dev_temp25_control_v1\p001_T25_HG25C_30RH_h2o,segmented_v1_5_point_evidence,segmented_point_evidence,False,,,False,"[""component_qc_missing"", ""segmented_lineage_not_continuous""]","[""review_same_point_samples_and_frame_qc_for_component_qc_backfill"", ""preserve_segment_retry_recovery_lineage_never_claim_continuous_route""]",True,False,False,True,False,False,False,False
legacy_evidence_gap_0165,P2_quality_traceability,manual_offline_evidence_review_required,h2o,p002_T25_HG25C_70RH_h2o,D:\gas_calibrator\_p9_20260706\h2o_post_senco24_write_verification_5dev_temp25_control_v1\p002_T25_HG25C_70RH_h2o,segmented_v1_5_point_evidence,segmented_point_evidence,False,,,False,"[""component_qc_missing"", ""segmented_lineage_not_continuous""]","[""review_same_point_samples_and_frame_qc_for_component_qc_backfill"", ""preserve_segment_retry_recovery_lineage_never_claim_continuous_route""]",True,False,False,True,False,False,False,False
legacy_evidence_gap_0166,P2_quality_traceability,manual_offline_evidence_review_required,h2o,p001_T25_HG25C_30RH_h2o,D:\gas_calibrator\_p9_20260706\h2o_state_transfer_diagnostic_25c_30rh_retry_v1\p001_T25_HG25C_30RH_h2o,segmented_v1_5_point_evidence,segmented_retry_or_recovery,False,,,False,"[""component_qc_missing"", ""retry_or_recovery_lineage_not_continuous""]","[""review_same_point_samples_and_frame_qc_for_component_qc_backfill"", ""preserve_segment_retry_recovery_lineage_never_claim_continuous_route""]",True,False,False,True,False,False,False,False
legacy_evidence_gap_0167,P2_quality_traceability,manual_offline_evidence_review_required,h2o,p001_T25_HG25C_50RH_h2o,D:\gas_calibrator\_p9_20260706\h2o_state_transfer_diagnostic_25c_50rh_real_point_v1\p001_T25_HG25C_50RH_h2o,segmented_v1_5_point_evidence,segmented_retry_or_recovery,False,,,False,"[""component_qc_missing"", ""retry_or_recovery_lineage_not_continuous""]","[""review_same_point_samples_and_frame_qc_for_component_qc_backfill"", ""preserve_segment_retry_recovery_lineage_never_claim_continuous_route""]",True,False,False,True,False,False,False,False
legacy_evidence_gap_0168,P2_quality_traceability,manual_offline_evidence_review_required,h2o,p001_T0_HG0C_50RH_h2o,D:\gas_calibrator\_worktrees\v1_5_fixed_wait_window_gate_1aee26d_clean\_handoff\new_algo_001_init_20260627\formal\h2o_open_flow_0620_mature_20260628_live1\p001_T0_HG0C_50RH_h2o,segmented_v1_5_point_evidence,segmented_point_evidence,False,,,False,"[""component_qc_missing"", ""segmented_lineage_not_continuous""]","[""review_same_point_samples_and_frame_qc_for_component_qc_backfill"", ""preserve_segment_retry_recovery_lineage_never_claim_continuous_route""]",True,False,False,True,False,False,False,False
legacy_evidence_gap_0169,P2_quality_traceability,manual_offline_evidence_review_required,h2o,p002_T10_HG10C_30RH_h2o,D:\gas_calibrator\_worktrees\v1_5_fixed_wait_window_gate_1aee26d_clean\_handoff\new_algo_001_init_20260627\formal\h2o_open_flow_0620_mature_20260628_live1\p002_T10_HG10C_30RH_h2o,segmented_v1_5_point_evidence,segmented_point_evidence,False,,,False,"[""component_qc_missing"", ""segmented_lineage_not_continuous""]","[""review_same_point_samples_and_frame_qc_for_component_qc_backfill"", ""preserve_segment_retry_recovery_lineage_never_claim_continuous_route""]",True,False,False,True,False,False,False,False
legacy_evidence_gap_0170,P2_quality_traceability,manual_offline_evidence_review_required,h2o,p003_T10_HG10C_50RH_h2o,D:\gas_calibrator\_worktrees\v1_5_fixed_wait_window_gate_1aee26d_clean\_handoff\new_algo_001_init_20260627\formal\h2o_open_flow_0620_mature_20260628_live1\p003_T10_HG10C_50RH_h2o,segmented_v1_5_point_evidence,segmented_point_evidence,False,,,False,"[""component_qc_missing"", ""segmented_lineage_not_continuous""]","[""review_same_point_samples_and_frame_qc_for_component_qc_backfill"", ""preserve_segment_retry_recovery_lineage_never_claim_continuous_route""]",True,False,False,True,False,False,False,False
legacy_evidence_gap_0171,P2_quality_traceability,manual_offline_evidence_review_required,h2o,p004_T10_HG10C_70RH_h2o,D:\gas_calibrator\_worktrees\v1_5_fixed_wait_window_gate_1aee26d_clean\_handoff\new_algo_001_init_20260627\formal\h2o_open_flow_0620_mature_20260628_live1\p004_T10_HG10C_70RH_h2o,segmented_v1_5_point_evidence,segmented_point_evidence,False,,,False,"[""component_qc_missing"", ""segmented_lineage_not_continuous""]","[""review_same_point_samples_and_frame_qc_for_component_qc_backfill"", ""preserve_segment_retry_recovery_lineage_never_claim_continuous_route""]",True,False,False,True,False,False,False,False
legacy_evidence_gap_0172,P2_quality_traceability,manual_offline_evidence_review_required,h2o,p005_T20_HG20C_30RH_h2o,D:\gas_calibrator\_worktrees\v1_5_fixed_wait_window_gate_1aee26d_clean\_handoff\new_algo_001_init_20260627\formal\h2o_open_flow_0620_mature_20260628_live1\p005_T20_HG20C_30RH_h2o,segmented_v1_5_point_evidence,segmented_point_evidence,False,,,False,"[""component_qc_missing"", ""segmented_lineage_not_continuous""]","[""review_same_point_samples_and_frame_qc_for_component_qc_backfill"", ""preserve_segment_retry_recovery_lineage_never_claim_continuous_route""]",True,False,False,True,False,False,False,False
legacy_evidence_gap_0173,P2_quality_traceability,manual_offline_evidence_review_required,h2o,p006_T20_HG20C_50RH_h2o,D:\gas_calibrator\_worktrees\v1_5_fixed_wait_window_gate_1aee26d_clean\_handoff\new_algo_001_init_20260627\formal\h2o_open_flow_0620_mature_20260628_live1\p006_T20_HG20C_50RH_h2o,segmented_v1_5_point_evidence,segmented_point_evidence,False,,,False,"[""component_qc_missing"", ""segmented_lineage_not_continuous""]","[""review_same_point_samples_and_frame_qc_for_component_qc_backfill"", ""preserve_segment_retry_recovery_lineage_never_claim_continuous_route""]",True,False,False,True,False,False,False,False
legacy_evidence_gap_0174,P2_quality_traceability,manual_offline_evidence_review_required,h2o,p007_T20_HG20C_70RH_h2o,D:\gas_calibrator\_worktrees\v1_5_fixed_wait_window_gate_1aee26d_clean\_handoff\new_algo_001_init_20260627\formal\h2o_open_flow_0620_mature_20260628_live1\p007_T20_HG20C_70RH_h2o,segmented_v1_5_point_evidence,segmented_point_evidence,False,,,False,"[""component_qc_missing"", ""segmented_lineage_not_continuous""]","[""review_same_point_samples_and_frame_qc_for_component_qc_backfill"", ""preserve_segment_retry_recovery_lineage_never_claim_continuous_route""]",True,False,False,True,False,False,False,False
legacy_evidence_gap_0175,P2_quality_traceability,manual_offline_evidence_review_required,h2o,p008_T30_HG20C_30RH_h2o,D:\gas_calibrator\_worktrees\v1_5_fixed_wait_window_gate_1aee26d_clean\_handoff\new_algo_001_init_20260627\formal\h2o_open_flow_0620_mature_20260628_live1\p008_T30_HG20C_30RH_h2o,segmented_v1_5_point_evidence,segmented_point_evidence,False,,,False,"[""component_qc_missing"", ""segmented_lineage_not_continuous""]","[""review_same_point_samples_and_frame_qc_for_component_qc_backfill"", ""preserve_segment_retry_recovery_lineage_never_claim_continuous_route""]",True,False,False,True,False,False,False,False
legacy_evidence_gap_0176,P2_quality_traceability,manual_offline_evidence_review_required,h2o,p009_T30_HG20C_50RH_h2o,D:\gas_calibrator\_worktrees\v1_5_fixed_wait_window_gate_1aee26d_clean\_handoff\new_algo_001_init_20260627\formal\h2o_open_flow_0620_mature_20260628_live1\p009_T30_HG20C_50RH_h2o,segmented_v1_5_point_evidence,segmented_point_evidence,False,,,False,"[""component_qc_missing"", ""segmented_lineage_not_continuous""]","[""review_same_point_samples_and_frame_qc_for_component_qc_backfill"", ""preserve_segment_retry_recovery_lineage_never_claim_continuous_route""]",True,False,False,True,False,False,False,False
legacy_evidence_gap_0177,P2_quality_traceability,manual_offline_evidence_review_required,h2o,p010_T30_HG20C_70RH_h2o,D:\gas_calibrator\_worktrees\v1_5_fixed_wait_window_gate_1aee26d_clean\_handoff\new_algo_001_init_20260627\formal\h2o_open_flow_0620_mature_20260628_live1\p010_T30_HG20C_70RH_h2o,segmented_v1_5_point_evidence,segmented_point_evidence,False,,,False,"[""component_qc_missing"", ""segmented_lineage_not_continuous""]","[""review_same_point_samples_and_frame_qc_for_component_qc_backfill"", ""preserve_segment_retry_recovery_lineage_never_claim_continuous_route""]",True,False,False,True,False,False,False,False
legacy_evidence_gap_0178,P2_quality_traceability,manual_offline_evidence_review_required,h2o,p011_T30_HG20C_90RH_h2o,D:\gas_calibrator\_worktrees\v1_5_fixed_wait_window_gate_1aee26d_clean\_handoff\new_algo_001_init_20260627\formal\h2o_open_flow_0620_mature_20260628_live1\p011_T30_HG20C_90RH_h2o,segmented_v1_5_point_evidence,segmented_point_evidence,False,,,False,"[""component_qc_missing"", ""segmented_lineage_not_continuous""]","[""review_same_point_samples_and_frame_qc_for_component_qc_backfill"", ""preserve_segment_retry_recovery_lineage_never_claim_continuous_route""]",True,False,False,True,False,False,False,False
legacy_evidence_gap_0179,P2_quality_traceability,manual_offline_evidence_review_required,h2o,p012_T40_HG30C_50RH_h2o,D:\gas_calibrator\_worktrees\v1_5_fixed_wait_window_gate_1aee26d_clean\_handoff\new_algo_001_init_20260627\formal\h2o_open_flow_0620_mature_20260628_live1\p012_T40_HG30C_50RH_h2o,segmented_v1_5_point_evidence,segmented_point_evidence,False,,,False,"[""component_qc_missing"", ""segmented_lineage_not_continuous""]","[""review_same_point_samples_and_frame_qc_for_component_qc_backfill"", ""preserve_segment_retry_recovery_lineage_never_claim_continuous_route""]",True,False,False,True,False,False,False,False
legacy_evidence_gap_0180,P2_quality_traceability,manual_offline_evidence_review_required,h2o,p013_T40_HG30C_70RH_h2o,D:\gas_calibrator\_worktrees\v1_5_fixed_wait_window_gate_1aee26d_clean\_handoff\new_algo_001_init_20260627\formal\h2o_open_flow_0620_mature_20260628_live1\p013_T40_HG30C_70RH_h2o,segmented_v1_5_point_evidence,segmented_point_evidence,False,,,False,"[""component_qc_missing"", ""segmented_lineage_not_continuous""]","[""review_same_point_samples_and_frame_qc_for_component_qc_backfill"", ""preserve_segment_retry_recovery_lineage_never_claim_continuous_route""]",True,False,False,True,False,False,False,False
legacy_evidence_gap_0181,P2_quality_traceability,manual_offline_evidence_review_required,h2o,h2o_post_senco24_reverify_T20_HG20C_30RH_retry1,D:\gas_calibrator\_worktrees\v1_5_fixed_wait_window_gate_1aee26d_clean\_handoff\new_algo_001_init_20260627\formal\h2o_reverify_001_COM35_20260628\h2o_post_senco24_reverify_T20_HG20C_30RH_retry1,segmented_v1_5_point_evidence,segmented_point_evidence,False,,,False,"[""component_qc_missing"", ""segmented_lineage_not_continuous""]","[""review_same_point_samples_and_frame_qc_for_component_qc_backfill"", ""preserve_segment_retry_recovery_lineage_never_claim_continuous_route""]",True,False,False,True,False,False,False,False
